Frame,Class,Confidence,X1,Y1,X2,Y2
0,0,0.9323828220367432,0.0,12.3958740234375,349.42523193359375,1066.5809326171875
0,0,0.8599837422370911,402.7894287109375,273.50018310546875,516.20654296875,593.7372436523438
0,0,0.817879319190979,545.8682250976562,272.23651123046875,640.3327026367188,587.6666259765625
0,0,0.811179518699646,880.2779541015625,152.7664794921875,1116.9779052734375,776.682861328125
1,0,0.9351537823677063,0.41565796732902527,6.626875877380371,341.5048828125,1071.1429443359375
1,0,0.8749741315841675,396.379150390625,270.8613586425781,509.8785400390625,591.9031372070312
1,0,0.8337693214416504,542.4271850585938,269.3436279296875,636.5349731445312,590.002685546875
1,0,0.8322277665138245,872.511962890625,155.75047302246094,1108.5107421875,777.7525634765625
2,0,0.9336429238319397,0.8548345565795898,6.8540472984313965,334.2043151855469,1072.64306640625
2,0,0.8664105534553528,388.4057922363281,271.6188659667969,506.26055908203125,591.4509887695312
2,0,0.8672261238098145,538.1631469726562,268.29412841796875,633.0698852539062,589.2750854492188
2,0,0.8548089861869812,872.0005493164062,160.21107482910156,1094.3441162109375,782.80126953125
3,0,0.9212664365768433,0.18520447611808777,3.9058258533477783,323.9716491699219,1062.8173828125
3,0,0.8900180459022522,380.7396240234375,268.5614929199219,500.7864685058594,593.2842407226562
3,0,0.8617870211601257,530.7591552734375,265.2232971191406,626.0957641601562,591.45263671875
3,0,0.8657650351524353,877.8621215820312,160.7880401611328,1087.65087890625,784.3900756835938
4,0,0.9230173826217651,0.0,9.943672180175781,309.27288818359375,1058.864013671875
4,0,0.8846532702445984,373.3629455566406,268.6980895996094,493.02667236328125,594.1018676757812
4,0,0.8653401136398315,526.9219360351562,264.4325866699219,622.8257446289062,594.7902221679688
4,0,0.875905454158783,883.533203125,155.87960815429688,1083.091064453125,788.3545532226562
5,0,0.897339403629303,0.0,14.594247817993164,288.223388671875,1071.0655517578125
5,0,0.8800201416015625,366.5183410644531,259.7081604003906,483.13140869140625,595.413818359375
5,0,0.8552229404449463,522.1921997070312,262.4915466308594,620.1097412109375,597.502197265625
5,0,0.8705503344535828,891.6976318359375,157.57801818847656,1081.0865478515625,782.1347045898438
6,0,0.9113641977310181,0.0,61.69600296020508,271.65045166015625,1071.0262451171875
6,0,0.8772589564323425,359.0867614746094,259.06451416015625,477.9513244628906,598.5367431640625
6,0,0.8562914729118347,516.5331420898438,260.1757507324219,617.3035278320312,600.328857421875
6,0,0.8742278814315796,895.4137573242188,167.48573303222656,1079.7257080078125,776.2467041015625
7,0,0.9034523963928223,0.0,75.07599639892578,253.7072296142578,1068.19140625
7,0,0.876100480556488,351.30462646484375,258.992919921875,473.6379089355469,603.951171875
7,0,0.8363348245620728,513.4376220703125,260.0050354003906,610.0834350585938,604.18017578125
7,0,0.8513118028640747,895.8358154296875,164.08900451660156,1077.76171875,782.3456420898438
8,0,0.8631688356399536,0.0,82.22608184814453,227.6201934814453,1062.0245361328125
8,0,0.8680318593978882,346.5948791503906,261.39349365234375,469.281005859375,604.9954223632812
8,0,0.8416650891304016,507.0773010253906,265.4814147949219,608.341796875,608.8258666992188
8,0,0.859340250492096,888.1281127929688,159.36019897460938,1072.242919921875,781.2626342773438
9,0,0.8138610124588013,0.0,90.88983917236328,203.5211639404297,1060.6207275390625
9,0,0.8547378778457642,337.7143859863281,265.0889587402344,463.47906494140625,607.6000366210938
9,0,0.8453537821769714,500.47418212890625,261.1401062011719,605.4761352539062,609.5606079101562
9,0,0.84943026304245,887.1991577148438,160.2637481689453,1069.4403076171875,785.8235473632812
10,0,0.817857563495636,0.01661706157028675,97.9841079711914,186.22654724121094,1042.65966796875
10,0,0.869455099105835,331.57177734375,267.4809875488281,460.2909851074219,611.5601806640625
10,0,0.8689002394676208,494.2514953613281,259.83441162109375,601.6089477539062,614.106201171875
10,0,0.8408962488174438,876.5492553710938,160.70982360839844,1068.234619140625,802.9605712890625
11,0,0.8034411668777466,0.0,82.09041595458984,158.92039489746094,804.123291015625
11,0,0.8872343897819519,323.35870361328125,266.30419921875,455.5566101074219,615.9526977539062
11,0,0.8711586594581604,490.757080078125,260.20526123046875,599.345458984375,616.9334716796875
11,0,0.8601664304733276,864.2793579101562,162.2842254638672,1064.3038330078125,795.0955810546875
12,0,0.7864673137664795,0.0317753367125988,106.83401489257812,140.6526336669922,740.77294921875
12,0,0.8895076513290405,317.3178405761719,264.1371765136719,453.38641357421875,620.9486083984375
12,0,0.8704718947410583,486.2105712890625,260.8175964355469,595.8026123046875,621.0104370117188
12,0,0.8735842704772949,857.1548461914062,159.65435791015625,1060.7701416015625,801.4827880859375
13,0,0.8090711236000061,0.02846318855881691,130.0081787109375,113.12091064453125,755.203857421875
13,0,0.8852218985557556,314.4499206542969,266.1885986328125,451.0736389160156,624.4344482421875
13,0,0.8678472638130188,481.99005126953125,261.0295715332031,595.7001953125,621.7542114257812
13,0,0.871831476688385,850.9688720703125,157.46849060058594,1058.4503173828125,800.4805297851562
14,0,0.6154488325119019,0.07270604372024536,180.91578674316406,84.93572998046875,697.6300048828125
14,0,0.8905385732650757,311.086669921875,271.01434326171875,447.4609375,629.30517578125
14,0,0.869718074798584,477.4837646484375,259.833984375,597.18408203125,620.1402587890625
14,0,0.8702279925346375,843.0218505859375,156.55563354492188,1055.5660400390625,802.0226440429688
15,0,0.8787438869476318,307.53564453125,273.5556640625,444.9142150878906,636.3283081054688
15,0,0.8819206357002258,474.25927734375,261.8426513671875,596.8709716796875,627.54736328125
15,0,0.8489552140235901,842.0252075195312,157.43751525878906,1054.7872314453125,802.630615234375
15,0,0.6732094287872314,1023.8812255859375,258.2417907714844,1106.5286865234375,649.8556518554688
16,0,0.8711532950401306,302.82196044921875,274.84820556640625,443.6408996582031,643.266357421875
16,0,0.8814399242401123,475.8724670410156,261.76568603515625,598.89892578125,632.3984375
16,0,0.8365731835365295,838.9029541015625,160.78659057617188,1057.434814453125,802.5524291992188
16,0,0.7550749182701111,1016.8703002929688,239.9605712890625,1109.524169921875,646.9338989257812
16,0,0.6853204369544983,709.5348510742188,332.45849609375,755.514892578125,465.8403625488281
17,0,0.8708071708679199,300.109375,278.1087646484375,442.4349365234375,650.4801635742188
17,0,0.8844764232635498,472.6763000488281,263.4007873535156,599.5291137695312,636.068603515625
17,0,0.8241915702819824,839.1677856445312,162.0595703125,1053.186767578125,809.1243286132812
17,0,0.7663623094558716,1012.785888671875,237.02821350097656,1110.968505859375,649.9086303710938
17,0,0.6613256931304932,711.5130615234375,335.6042175292969,755.8582763671875,470.9140625
18,0,0.8646062612533569,299.0726013183594,280.5116882324219,441.31292724609375,658.5223388671875
18,0,0.8674642443656921,471.41131591796875,268.2565002441406,598.5020751953125,645.9588623046875
18,0,0.8415849208831787,844.6605834960938,168.2388153076172,1049.6617431640625,815.920166015625
18,0,0.7742438316345215,1009.6317749023438,243.51889038085938,1111.941162109375,652.6039428710938
18,0,0.6428154706954956,712.02587890625,342.8589172363281,756.6629028320312,474.8815612792969
19,0,0.8605318069458008,297.8585205078125,287.03948974609375,440.71380615234375,665.5031127929688
19,0,0.8502771258354187,469.4908752441406,271.3572998046875,598.3753662109375,650.9796142578125
19,0,0.8434176445007324,853.7643432617188,172.0906219482422,1046.6478271484375,823.5833740234375
19,0,0.7560809254646301,1007.1142578125,247.11412048339844,1114.4140625,653.2426147460938
19,0,0.6047526597976685,712.9874267578125,346.78704833984375,757.4863891601562,479.804931640625
20,0,0.8465221524238586,306.4263916015625,285.0970153808594,445.99462890625,668.0833129882812
20,0,0.8586778044700623,475.0867004394531,272.2021789550781,605.4963989257812,661.3356323242188
20,0,0.8245845437049866,868.6262817382812,172.55369567871094,1055.0404052734375,827.365478515625
20,0,0.7886971235275269,1012.9575805664062,247.7732696533203,1121.01171875,662.1393432617188
20,0,0.2891664206981659,723.114990234375,349.2266540527344,766.9202880859375,463.76068115234375
21,0,0.8850754499435425,318.9453125,291.24273681640625,466.1746520996094,672.3329467773438
21,0,0.8504846096038818,493.44696044921875,278.832275390625,622.1022338867188,669.8506469726562
21,0,0.8592290878295898,879.2327270507812,173.85647583007812,1069.453369140625,834.3746337890625
21,0,0.842839777469635,1030.4412841796875,251.9317169189453,1139.7701416015625,670.8262939453125
21,0,0.4833039343357086,741.1802368164062,350.1067199707031,783.7832641601562,461.0703125
22,0,0.8661138415336609,331.58526611328125,292.3133850097656,480.45654296875,679.3511962890625
22,0,0.8641518354415894,502.1877746582031,278.6636962890625,637.9576416015625,681.31787109375
22,0,0.8793290257453918,883.9370727539062,175.23501586914062,1080.2286376953125,834.7740478515625
22,0,0.8780596852302551,1038.179931640625,259.39837646484375,1152.31689453125,676.0380249023438
22,0,0.3674349784851074,750.971923828125,354.13885498046875,796.1790771484375,473.07281494140625
23,0,0.871931254863739,343.368896484375,291.310791015625,488.9750671386719,673.1632690429688
23,0,0.8584799766540527,513.6187744140625,282.94537353515625,647.6279296875,682.2144775390625
23,0,0.878631591796875,883.8499145507812,175.84649658203125,1092.92724609375,838.8213500976562
23,0,0.8768195509910583,1043.6429443359375,258.7577209472656,1166.638916015625,676.4345092773438
23,0,0.5298579335212708,765.041748046875,355.5093994140625,807.8030395507812,479.9922790527344
24,0,0.8628681898117065,352.9841003417969,294.55908203125,504.3340148925781,676.681640625
24,0,0.8501742482185364,522.2172241210938,284.7747497558594,659.5882568359375,691.865966796875
24,0,0.8753091096878052,882.9330444335938,174.98077392578125,1095.1053466796875,834.3143310546875
24,0,0.8310295343399048,1056.03466796875,263.15582275390625,1183.1915283203125,674.5055541992188
24,0,0.35867756605148315,776.0982666015625,352.703857421875,821.8926391601562,486.2176513671875
25,0,0.8822513222694397,365.91162109375,296.9349670410156,516.2322387695312,689.5601806640625
25,0,0.8539923429489136,540.2708740234375,292.45477294921875,674.2511596679688,697.1613159179688
25,0,0.8954079747200012,881.6422729492188,177.26625061035156,1102.0362548828125,832.0191650390625
25,0,0.8731088638305664,1065.864501953125,264.7319030761719,1197.995361328125,678.8553466796875
25,0,0.551969051361084,794.4361572265625,354.29541015625,842.6296997070312,490.3729248046875
26,0,0.8603612184524536,379.50958251953125,301.0976867675781,531.7174072265625,701.0775146484375
26,0,0.8806965947151184,552.8364868164062,295.8847961425781,689.6422119140625,706.3592529296875
26,0,0.8810551762580872,885.093994140625,179.1005401611328,1110.6544189453125,837.1653442382812
26,0,0.8580119609832764,1080.6273193359375,270.40673828125,1215.31591796875,683.5950927734375
26,0,0.5490387082099915,807.5465698242188,356.86993408203125,854.37646484375,493.1665954589844
27,0,0.869304895401001,384.2323913574219,304.6219177246094,530.2158203125,708.0958862304688
27,0,0.8619616031646729,560.154052734375,298.9464416503906,695.6453247070312,711.294921875
27,0,0.8752459287643433,884.7875366210938,185.75453186035156,1114.7689208984375,840.1921997070312
27,0,0.8782224655151367,1085.94775390625,276.8832092285156,1225.843994140625,697.4304809570312
27,0,0.41553473472595215,816.9747314453125,365.6024475097656,859.4874877929688,490.9223327636719
28,0,0.8777515888214111,391.6116638183594,310.8197326660156,530.8080444335938,716.4922485351562
28,0,0.8553440570831299,565.5746459960938,303.99700927734375,699.708984375,716.249267578125
28,0,0.885155975818634,885.4325561523438,191.1519775390625,1117.2178955078125,847.9930419921875
28,0,0.8675349354743958,1090.094482421875,281.3728942871094,1233.35888671875,701.3462524414062
28,0,0.566490888595581,821.732421875,367.8129577636719,865.8402099609375,507.5693664550781
29,0,0.8812813758850098,397.8025207519531,317.054443359375,539.7012939453125,727.9335327148438
29,0,0.8719770908355713,566.7586669921875,300.95513916015625,707.797607421875,724.667724609375
29,0,0.8850861191749573,885.1802368164062,193.82012939453125,1117.1446533203125,858.7366943359375
29,0,0.8652521967887878,1096.8125,284.56964111328125,1246.9464111328125,709.5888671875
29,0,0.5624814033508301,829.3164672851562,371.468017578125,877.474365234375,515.7772827148438
30,0,0.8889528512954712,400.07733154296875,321.222412109375,543.8331909179688,739.0938110351562
30,0,0.8647763133049011,570.4186401367188,304.5057678222656,712.113037109375,729.470703125
30,0,0.8791705965995789,888.15771484375,199.44969177246094,1118.803466796875,868.2996826171875
30,0,0.888646125793457,1102.0919189453125,292.88092041015625,1250.1202392578125,714.9944458007812
30,0,0.6905129551887512,833.7655029296875,374.6309814453125,884.0255737304688,522.0670166015625
31,0,0.8904380202293396,401.90338134765625,326.47015380859375,545.6613159179688,746.7160034179688
31,0,0.8669289350509644,577.6388549804688,306.9795837402344,717.1742553710938,734.2714233398438
31,0,0.8842859268188477,886.1438598632812,206.65138244628906,1124.217529296875,877.7240600585938
31,0,0.871324896812439,1103.8497314453125,295.8013610839844,1258.124267578125,721.6456909179688
31,0,0.6588332056999207,839.8812255859375,379.4906005859375,886.9855346679688,526.4561157226562
32,0,0.8999263644218445,401.5079345703125,330.5147705078125,552.2542724609375,756.642333984375
32,0,0.8566886782646179,579.7831420898438,309.0485534667969,720.03466796875,737.09814453125
32,0,0.8810603022575378,889.4434814453125,213.6043243408203,1129.423095703125,883.4363403320312
32,0,0.8557475805282593,1104.9034423828125,298.33294677734375,1265.798583984375,729.8764038085938
32,0,0.6149387955665588,846.0318603515625,388.0041809082031,893.2023315429688,529.2293701171875
33,0,0.8915250301361084,399.22894287109375,333.9008483886719,554.5537719726562,764.1250610351562
33,0,0.8746485114097595,583.327880859375,315.4210205078125,720.4273681640625,743.478515625
33,0,0.9001650810241699,893.1585693359375,218.16500854492188,1129.3497314453125,897.703369140625
33,0,0.8808475136756897,1105.585205078125,302.81103515625,1268.87060546875,727.9208374023438
33,0,0.6107543706893921,848.9404296875,391.9495544433594,897.7328491210938,535.5454711914062
34,0,0.8931505084037781,395.54656982421875,337.18072509765625,550.9462280273438,770.5347290039062
34,0,0.8617745041847229,589.0912475585938,315.429931640625,724.3124389648438,751.6326904296875
34,0,0.9093438386917114,904.7825927734375,227.03102111816406,1134.382080078125,907.968017578125
34,0,0.8747712969779968,1108.4964599609375,307.9114685058594,1272.874755859375,727.0359497070312
34,0,0.5256561040878296,852.3336181640625,397.1276550292969,899.189453125,539.1146850585938
35,0,0.8631032705307007,393.5253601074219,341.1687927246094,548.0865478515625,780.0773315429688
35,0,0.872130274772644,591.13720703125,317.5562438964844,729.869384765625,760.9494018554688
35,0,0.9258312582969666,910.0286254882812,233.96722412109375,1133.926025390625,912.8273315429688
35,0,0.8955047726631165,1112.8489990234375,313.6190185546875,1276.553955078125,732.000732421875
35,0,0.679960310459137,855.9691772460938,404.6750793457031,902.3594970703125,543.8782348632812
36,0,0.8720800876617432,391.27886962890625,344.7142639160156,537.4375610351562,787.2184448242188
36,0,0.823204517364502,591.6790161132812,324.0224304199219,727.6798095703125,771.8621826171875
36,0,0.9292284250259399,914.3309326171875,240.80502319335938,1135.9671630859375,920.2186279296875
36,0,0.901353120803833,1118.108154296875,319.0625,1281.2957763671875,735.1864624023438
36,0,0.6073414087295532,858.0419311523438,409.1889953613281,906.5531616210938,545.9081420898438
37,0,0.8710066080093384,382.72076416015625,345.8887939453125,533.7960205078125,794.511474609375
37,0,0.8501257300376892,592.3097534179688,326.948974609375,723.6840209960938,785.3978271484375
37,0,0.9242637753486633,919.0311889648438,247.92868041992188,1138.6170654296875,926.2748413085938
37,0,0.8992905020713806,1122.4036865234375,325.22564697265625,1283.7705078125,747.5115966796875
37,0,0.6130988001823425,860.6633911132812,414.0096740722656,907.6616821289062,547.2764892578125
38,0,0.8815839290618896,375.6346130371094,350.3003845214844,532.3488159179688,799.9805297851562
38,0,0.865472137928009,592.9552001953125,332.33184814453125,718.6021728515625,798.47412109375
38,0,0.9184737205505371,921.2019653320312,254.73280334472656,1140.2991943359375,933.8031005859375
38,0,0.89699387550354,1124.5457763671875,332.3128967285156,1284.4112548828125,756.5996704101562
38,0,0.5824986696243286,861.0255126953125,421.039306640625,908.9071655273438,557.1046752929688
39,0,0.8833536505699158,369.5437316894531,355.5673828125,529.9322509765625,809.6593627929688
39,0,0.867662787437439,588.6893920898438,337.9002685546875,719.8692016601562,804.1276245117188
39,0,0.9069548845291138,932.5482788085938,260.2767639160156,1140.9188232421875,946.9105834960938
39,0,0.8885281085968018,1125.788330078125,337.0788269042969,1284.8892822265625,766.1085815429688
39,0,0.49478110671043396,862.0504150390625,426.3023376464844,911.12060546875,568.2693481445312
40,0,0.8743340373039246,359.2460632324219,356.1436462402344,526.1226806640625,814.2415771484375
40,0,0.8713781833648682,583.1751708984375,343.9054260253906,715.4552612304688,808.0927124023438
40,0,0.9040929079055786,934.739990234375,266.0350036621094,1140.4903564453125,946.4620971679688
40,0,0.8823935985565186,1128.2213134765625,340.35205078125,1285.2962646484375,775.222412109375
40,0,0.5740944743156433,860.349365234375,428.8004455566406,908.54541015625,571.7447509765625
41,0,0.8967301249504089,344.2072448730469,359.3494873046875,518.673095703125,823.7103271484375
41,0,0.8521267771720886,576.5911865234375,350.5561218261719,712.3314208984375,818.8721923828125
41,0,0.9075288772583008,933.3734741210938,271.83282470703125,1137.5296630859375,944.0904541015625
41,0,0.8787834048271179,1128.8580322265625,351.55084228515625,1282.2772216796875,780.13232421875
41,0,0.5674063563346863,858.8289794921875,434.51324462890625,907.2036743164062,579.10400390625
42,0,0.8661438226699829,330.967529296875,365.6591796875,509.2875671386719,839.0569458007812
42,0,0.8606587648391724,571.1265869140625,353.77069091796875,708.9586791992188,832.4096069335938
42,0,0.9020469188690186,935.4163208007812,277.620361328125,1134.1068115234375,939.2398681640625
42,0,0.8909220099449158,1128.2933349609375,357.7210998535156,1281.9892578125,779.35009765625
42,0,0.5803537964820862,856.0653686523438,442.505615234375,905.248779296875,569.95263671875
43,0,0.8834044337272644,320.9865417480469,366.8996887207031,499.3555603027344,845.3064575195312
43,0,0.8536295890808105,567.7901611328125,356.0485534667969,704.9191284179688,839.4450073242188
43,0,0.9086358547210693,933.4524536132812,280.3932800292969,1131.426025390625,939.5244140625
43,0,0.9007037281990051,1124.751708984375,361.0232849121094,1279.2052001953125,783.2457275390625
43,0,0.5775159597396851,853.3744506835938,443.6280212402344,902.1583251953125,577.8511352539062
44,0,0.8721752166748047,308.84326171875,374.02716064453125,489.3846435546875,859.8388061523438
44,0,0.8397077918052673,562.0086059570312,359.23126220703125,701.25439453125,858.89111328125
44,0,0.9138882160186768,930.4170532226562,287.26849365234375,1126.73583984375,951.1340942382812
44,0,0.8877366781234741,1122.2747802734375,369.5377502441406,1277.5487060546875,796.6574096679688
44,0,0.5806291103363037,850.8899536132812,450.1875305175781,898.8781127929688,589.6893920898438
45,0,0.8804124593734741,289.5264892578125,376.8736267089844,483.8822937011719,880.6331176757812
45,0,0.8355569243431091,553.9877319335938,368.7041931152344,698.4589233398438,876.8340454101562
45,0,0.9137327075004578,927.0298461914062,294.16046142578125,1122.948974609375,963.492919921875
45,0,0.8972522616386414,1117.0841064453125,376.3970031738281,1268.4827880859375,807.2877807617188
45,0,0.5928385853767395,842.9529418945312,455.7141418457031,895.1614990234375,604.7635498046875
46,0,0.8870700597763062,274.08001708984375,382.5482177734375,471.49859619140625,895.7594604492188
46,0,0.8402788639068604,542.0477905273438,370.2802734375,694.4720458984375,880.5748901367188
46,0,0.9075727462768555,920.9375610351562,302.0415344238281,1118.6375732421875,976.8410034179688
46,0,0.9024311900138855,1113.3272705078125,380.9907531738281,1264.8040771484375,815.1873168945312
46,0,0.7503149509429932,836.990966796875,464.5270080566406,891.3237915039062,610.965087890625
47,0,0.8779715299606323,256.4538269042969,392.374267578125,464.1467590332031,905.467529296875
47,0,0.85615074634552,532.8890380859375,377.507568359375,683.8765869140625,896.3140869140625
47,0,0.8954968452453613,915.7327270507812,312.08740234375,1110.841796875,988.1778564453125
47,0,0.8695346117019653,1109.9830322265625,388.1864013671875,1258.546142578125,825.4847412109375
47,0,0.6920349597930908,833.4960327148438,470.510009765625,886.8133544921875,616.2853393554688
48,0,0.894154965877533,240.591064453125,402.8334045410156,449.68572998046875,930.5692138671875
48,0,0.8424854874610901,521.206787109375,383.01611328125,676.6668701171875,905.9986572265625
48,0,0.8829408288002014,912.5291137695312,318.3816223144531,1102.9569091796875,999.043212890625
48,0,0.860540509223938,1104.64892578125,394.768310546875,1255.5819091796875,838.16748046875
48,0,0.7345938682556152,827.8109741210938,472.70672607421875,880.1390991210938,625.9365844726562
49,0,0.8820931315422058,224.73019409179688,413.1675720214844,437.0030822753906,937.151611328125
49,0,0.8410640358924866,515.8410034179688,397.428955078125,672.5745849609375,922.4840087890625
49,0,0.8765783905982971,907.13037109375,327.2663269042969,1096.6632080078125,1008.522216796875
49,0,0.8595207333564758,1096.3626708984375,397.61456298828125,1243.2474365234375,847.2572021484375
49,0,0.613946795463562,822.1175537109375,480.0489501953125,876.0159301757812,631.4161987304688
50,0,0.8748469352722168,210.30316162109375,415.9619140625,428.6505126953125,925.5087890625
50,0,0.8510518670082092,503.2593688964844,409.5087890625,666.1036376953125,928.0949096679688
50,0,0.8710651397705078,895.5812377929688,334.5732421875,1092.5849609375,1019.7664184570312
50,0,0.8703752756118774,1090.65673828125,404.10076904296875,1239.5650634765625,848.8634643554688
50,0,0.806633710861206,812.0641479492188,482.9512939453125,871.9178466796875,636.686767578125
51,0,0.8857422471046448,197.5102081298828,415.3523254394531,418.1331787109375,977.6671142578125
51,0,0.8913705348968506,490.12799072265625,395.8324279785156,664.4746704101562,934.3983154296875
51,0,0.8676013350486755,892.5906372070312,344.6496276855469,1086.475830078125,1027.570556640625
51,0,0.8872774243354797,1087.859130859375,407.74078369140625,1238.15283203125,850.1560668945312
51,0,0.6368908882141113,810.4408569335938,487.5260314941406,867.9244995117188,637.751708984375
52,0,0.874267041683197,186.55625915527344,421.8970031738281,405.5666198730469,970.8502807617188
52,0,0.8902916312217712,484.26708984375,394.634521484375,661.0651245117188,944.7050170898438
52,0,0.8754196166992188,887.683349609375,347.93609619140625,1078.5726318359375,1030.3338623046875
52,0,0.9072688817977905,1081.94091796875,410.5594482421875,1236.9158935546875,851.1887817382812
52,0,0.7030302882194519,810.2400512695312,492.9004821777344,862.6646728515625,640.7601928710938
53,0,0.8932737708091736,178.9336700439453,419.3159484863281,397.9151611328125,997.7408447265625
53,0,0.8880985975265503,477.8529357910156,407.0323791503906,656.6124267578125,952.1031494140625
53,0,0.8666656017303467,883.792724609375,348.9638366699219,1073.6514892578125,1030.1953125
53,0,0.9151109457015991,1078.876953125,411.8864440917969,1237.4468994140625,852.2062377929688
53,0,0.7152615189552307,806.6747436523438,495.7192687988281,861.391845703125,646.079833984375
54,0,0.9051030278205872,170.70977783203125,421.005126953125,393.1466064453125,1005.4270629882812
54,0,0.900728702545166,474.6389465332031,401.25213623046875,654.2052612304688,961.3082885742188
54,0,0.8656991124153137,876.6072998046875,351.90936279296875,1069.0628662109375,1032.8729248046875
54,0,0.921178936958313,1075.845458984375,411.5372009277344,1239.0284423828125,852.9277954101562
54,0,0.7429433465003967,805.028564453125,495.4799499511719,859.566650390625,645.4300537109375
55,0,0.893689751625061,163.19570922851562,420.70025634765625,383.3294982910156,1014.9336547851562
55,0,0.8890022039413452,468.07958984375,401.42327880859375,658.5481567382812,978.9974975585938
55,0,0.8857156038284302,866.964599609375,348.78826904296875,1064.0655517578125,1032.960205078125
55,0,0.9261965155601501,1074.77392578125,411.36541748046875,1239.4197998046875,853.203369140625
55,0,0.7865158319473267,803.9714965820312,494.903076171875,858.82373046875,649.8553466796875
56,0,0.8891075849533081,149.49874877929688,417.08209228515625,374.41827392578125,1022.97900390625
56,0,0.8826960921287537,459.6589660644531,402.9076232910156,660.0033569335938,995.1996459960938
56,0,0.9070693254470825,860.98291015625,350.222412109375,1061.11181640625,1032.90185546875
56,0,0.9248524904251099,1072.9278564453125,411.2808532714844,1239.1856689453125,853.3905639648438
56,0,0.7278057336807251,801.7496337890625,496.2323913574219,857.3798217773438,651.1034545898438
57,0,0.8863464593887329,136.1639862060547,417.5172424316406,367.30059814453125,1028.55712890625
57,0,0.8817847371101379,455.1082763671875,405.5478210449219,657.26220703125,1008.3887939453125
57,0,0.9046233892440796,857.0341796875,348.73394775390625,1058.5748291015625,1020.9859619140625
57,0,0.9280610084533691,1071.002197265625,412.2597351074219,1241.1815185546875,853.0781860351562
57,0,0.5489727854728699,800.9808959960938,498.6371154785156,854.4273681640625,648.2437133789062
58,0,0.8892428874969482,123.82585906982422,415.44677734375,359.7625427246094,1035.748046875
58,0,0.8941339254379272,450.9454650878906,404.72589111328125,649.556640625,1018.2037353515625
58,0,0.9106788635253906,848.0465698242188,345.7558898925781,1050.8369140625,1011.5270385742188
58,0,0.9271156191825867,1069.123046875,412.74578857421875,1243.1778564453125,854.3268432617188
58,0,0.5303995609283447,799.207275390625,499.2548522949219,851.8553466796875,648.6422729492188
59,0,0.9047950506210327,113.89619445800781,414.6885681152344,349.4431457519531,1038.08837890625
59,0,0.8967671394348145,447.1080322265625,403.26019287109375,643.9672241210938,1027.698974609375
59,0,0.9119713306427002,837.07958984375,345.50811767578125,1045.0435791015625,1012.365234375
59,0,0.9226749539375305,1066.332763671875,415.7990417480469,1245.1884765625,855.2523193359375
59,0,0.5371976494789124,797.9618530273438,500.1881103515625,850.0728149414062,644.8331909179688
60,0,0.9146945476531982,104.44740295410156,414.4393615722656,345.25140380859375,1051.2943115234375
60,0,0.8972585797309875,443.3941955566406,405.6454162597656,641.8554077148438,1040.0013427734375
60,0,0.9011197686195374,826.0941162109375,345.78167724609375,1042.21630859375,1015.9891967773438
60,0,0.9118959903717041,1064.547119140625,417.7416687011719,1246.8653564453125,856.5668334960938
60,0,0.38394251465797424,796.2532958984375,499.993408203125,848.4218139648438,641.394775390625
61,0,0.9146398901939392,100.0155258178711,413.9275207519531,341.3154296875,1065.99560546875
61,0,0.9012743234634399,439.72760009765625,402.5010681152344,641.6400146484375,1045.79833984375
61,0,0.9059120416641235,821.3688354492188,345.70849609375,1039.754638671875,1016.7449951171875
61,0,0.9114248156547546,1065.596435546875,416.1331787109375,1249.19287109375,854.0966186523438
61,0,0.36270782351493835,796.6124877929688,499.5904541015625,846.8475952148438,641.14111328125
62,0,0.9224984049797058,97.16790771484375,409.2619323730469,327.35125732421875,1074.47412109375
62,0,0.8927077651023865,440.260986328125,392.942138671875,643.1797485351562,1047.5076904296875
62,0,0.9186602234840393,820.9940185546875,343.45025634765625,1038.104248046875,1020.4793090820312
62,0,0.9077393412590027,1067.197265625,412.5106506347656,1254.1248779296875,854.0223999023438
62,0,0.34515321254730225,798.9773559570312,497.5765075683594,845.9389038085938,645.4557495117188
63,0,0.9196603894233704,91.21549224853516,407.7655334472656,320.48626708984375,1072.6549072265625
63,0,0.8955976963043213,438.1384582519531,386.7149658203125,645.6133422851562,1048.835205078125
63,0,0.91435307264328,823.4814453125,343.4147644042969,1040.2916259765625,1023.1345825195312
63,0,0.9040615558624268,1071.721923828125,411.7337646484375,1257.6226806640625,856.3414916992188
63,0,0.41768592596054077,800.1697998046875,494.2093505859375,849.0780639648438,647.2030639648438
64,0,0.9247250556945801,80.719970703125,406.3807373046875,316.9517822265625,1072.4962158203125
64,0,0.9032993912696838,437.1776428222656,380.7740478515625,647.9368286132812,1050.219482421875
64,0,0.9238983392715454,815.4613037109375,341.32000732421875,1041.12890625,1024.7200927734375
64,0,0.893339991569519,1076.2672119140625,411.0151062011719,1261.75,859.744140625
65,0,0.9147452116012573,74.36527252197266,402.8736572265625,315.29962158203125,1071.723388671875
65,0,0.9011719822883606,436.5206298828125,374.6109924316406,651.4122314453125,1050.26708984375
65,0,0.9308567047119141,821.3469848632812,341.43572998046875,1043.3206787109375,1026.9912109375
65,0,0.9073103070259094,1080.8055419921875,407.2521667480469,1267.7808837890625,856.48681640625
66,0,0.920134961605072,63.885074615478516,399.9102478027344,306.4202575683594,1067.9896240234375
66,0,0.9056959748268127,436.71807861328125,368.65142822265625,658.2703857421875,1050.876953125
66,0,0.9248391389846802,823.86767578125,342.58880615234375,1045.7886962890625,1026.3995361328125
66,0,0.9065548777580261,1084.4854736328125,403.0512390136719,1274.416259765625,857.3516235351562
67,0,0.9290285706520081,49.970611572265625,393.003662109375,299.68170166015625,1062.3487548828125
67,0,0.907967746257782,437.525634765625,359.5401916503906,665.1825561523438,1049.80810546875
67,0,0.9310515522956848,823.0171508789062,339.7110900878906,1048.3668212890625,1022.4386596679688
67,0,0.9131879210472107,1091.6387939453125,398.7603759765625,1277.843994140625,852.41650390625
67,0,0.8398627638816833,1028.8804931640625,425.089599609375,1105.8597412109375,733.8329467773438
68,0,0.9310751557350159,34.61495590209961,384.6471252441406,295.1252746582031,1060.9443359375
68,0,0.9098183512687683,438.8550109863281,351.5653381347656,668.3418579101562,1049.833984375
68,0,0.931695818901062,829.1590576171875,335.8507385253906,1050.4139404296875,1019.7533569335938
68,0,0.9195000529289246,1097.276611328125,394.659423828125,1277.9151611328125,851.6803588867188
68,0,0.8125364780426025,1031.3406982421875,423.62841796875,1107.523681640625,731.2542724609375
69,0,0.8953465819358826,17.11235809326172,377.6051025390625,283.4766845703125,1067.1864013671875
69,0,0.9179559350013733,435.7597961425781,338.4906311035156,670.1139526367188,1051.349609375
69,0,0.9308016896247864,833.4494018554688,333.3768005371094,1052.7723388671875,1014.6564331054688
69,0,0.9218704104423523,1102.0804443359375,391.572509765625,1279.559326171875,848.7288208007812
69,0,0.7933520078659058,1032.341796875,418.9577941894531,1109.295166015625,729.9727783203125
70,0,0.919707715511322,1.6373176574707031,366.1815185546875,267.13812255859375,1071.014892578125
70,0,0.9251874685287476,431.30035400390625,331.43218994140625,670.0694580078125,1056.337646484375
70,0,0.9179241061210632,832.3978881835938,327.1225280761719,1054.5872802734375,1006.701904296875
70,0,0.9230690598487854,1103.9677734375,387.7786865234375,1279.117431640625,844.2645874023438
70,0,0.7872946262359619,1030.3153076171875,413.920166015625,1113.0345458984375,728.1975708007812
71,0,0.9309598207473755,0.0,355.36920166015625,253.54043579101562,1071.6458740234375
71,0,0.9167256355285645,426.9017333984375,323.63079833984375,668.7471313476562,1068.0892333984375
71,0,0.9161463379859924,837.0729370117188,322.45208740234375,1055.91015625,999.6424560546875
71,0,0.9151332378387451,1105.302001953125,383.1883850097656,1279.6900634765625,834.3660278320312
71,0,0.8123193979263306,1034.018798828125,411.53424072265625,1113.5784912109375,725.4789428710938
72,0,0.9309810996055603,0.0,348.19903564453125,243.0868682861328,1073.231689453125
72,0,0.8935372233390808,419.3849182128906,316.95257568359375,662.8300170898438,1071.5572509765625
72,0,0.9251962304115295,842.3580322265625,317.02789306640625,1055.9483642578125,988.9307250976562
72,0,0.9237967133522034,1105.62548828125,379.3147888183594,1278.7008056640625,823.5773315429688
72,0,0.8140648007392883,1032.1610107421875,408.7001647949219,1113.8720703125,725.1795043945312
72,0,0.3003547489643097,818.6583862304688,461.11236572265625,867.3062133789062,618.5055541992188
73,0,0.9271215796470642,0.0,338.2955627441406,222.3983917236328,1074.04736328125
73,0,0.8877843618392944,411.1285400390625,308.5393981933594,655.0948486328125,1068.56884765625
73,0,0.9249842166900635,838.7282104492188,313.2933654785156,1054.9888916015625,971.5411987304688
73,0,0.9253715872764587,1105.7470703125,377.07708740234375,1278.7474365234375,820.5675048828125
73,0,0.8198733329772949,1033.921142578125,407.4589538574219,1112.938232421875,721.1721801757812
73,0,0.25011008977890015,818.1744995117188,461.2095031738281,865.7218017578125,612.4773559570312
74,0,0.9179222583770752,0.0,328.89385986328125,208.9620361328125,1074.1236572265625
74,0,0.890184760093689,402.7554626464844,301.0790100097656,649.4986572265625,1067.8477783203125
74,0,0.9127156734466553,839.5440063476562,307.4466552734375,1055.651611328125,959.90966796875
74,0,0.9300366640090942,1106.466064453125,374.7969055175781,1277.2076416015625,818.5799560546875
74,0,0.8386391401290894,1032.237548828125,403.2557678222656,1112.4129638671875,718.6068725585938
74,0,0.36893364787101746,815.551513671875,457.2940673828125,866.5072631835938,613.5230102539062
75,0,0.9053723216056824,0.0,318.9871826171875,191.84750366210938,1073.0584716796875
75,0,0.8852699398994446,394.554443359375,294.5535888671875,646.4782104492188,1067.3470458984375
75,0,0.9056833982467651,842.7216186523438,302.2702331542969,1056.35498046875,955.8512573242188
75,0,0.9272992610931396,1108.720703125,372.1968078613281,1272.8907470703125,815.74560546875
75,0,0.8102255463600159,1031.4522705078125,400.1385192871094,1110.7353515625,715.1968994140625
75,0,0.4169749319553375,814.8793334960938,454.4766540527344,865.579345703125,606.57861328125
76,0,0.8949345350265503,0.0,314.9792175292969,177.76612854003906,1072.603515625
76,0,0.9101863503456116,384.12115478515625,293.240966796875,641.1688842773438,1069.7012939453125
76,0,0.9088264107704163,847.2914428710938,299.0345764160156,1055.3575439453125,958.8016357421875
76,0,0.9280449151992798,1109.2882080078125,371.65106201171875,1274.43798828125,816.3650512695312
76,0,0.7586315870285034,1031.240234375,399.97332763671875,1109.9110107421875,714.5459594726562
76,0,0.4899483323097229,814.7164916992188,452.0517578125,866.06298828125,596.8657836914062
77,0,0.8889434337615967,0.0,312.6474304199219,158.99000549316406,1073.1744384765625
77,0,0.9261552691459656,366.2926025390625,290.0218811035156,634.16943359375,1071.509521484375
77,0,0.8953433632850647,851.074462890625,297.61688232421875,1051.1654052734375,960.6259765625
77,0,0.9212365746498108,1109.5008544921875,370.18450927734375,1272.3377685546875,815.3836059570312
77,0,0.7673265337944031,1028.4930419921875,399.3195495605469,1106.5340576171875,715.9541625976562
77,0,0.6113718152046204,810.6813354492188,451.1817626953125,863.8494873046875,608.2398681640625
78,0,0.855950653553009,0.0,306.4574279785156,146.3282928466797,1072.1009521484375
78,0,0.9137477278709412,349.2417907714844,283.3117370605469,618.6154174804688,1072.8385009765625
78,0,0.8894444108009338,853.171142578125,296.6027526855469,1047.8123779296875,960.5325927734375
78,0,0.9266641736030579,1108.5367431640625,366.9869079589844,1267.862548828125,813.8978271484375
78,0,0.7412437200546265,1024.5255126953125,398.7496643066406,1104.8240966796875,714.6131591796875
78,0,0.7139856815338135,806.7313232421875,450.5967102050781,859.1268310546875,612.9334716796875
79,0,0.7016108632087708,0.0,383.7661437988281,119.87850189208984,1067.8265380859375
79,0,0.9219073057174683,333.3138122558594,276.8194885253906,603.7127075195312,1072.4580078125
79,0,0.8856519460678101,855.3889770507812,295.74444580078125,1042.617919921875,961.922607421875
79,0,0.9059070944786072,1106.2877197265625,364.393310546875,1265.8179931640625,813.92529296875
79,0,0.6967811584472656,1018.9434204101562,400.7468566894531,1101.1187744140625,712.8256225585938
79,0,0.6657517552375793,804.48193359375,445.6994934082031,856.9329833984375,615.8731689453125
80,0,0.28318384289741516,0.0,411.6017150878906,97.26748657226562,1062.055419921875
80,0,0.9188557267189026,314.008544921875,267.1531066894531,590.545654296875,1072.0167236328125
80,0,0.8859859704971313,853.5377807617188,298.0091247558594,1038.1739501953125,964.8658447265625
80,0,0.8984692692756653,1104.3524169921875,363.0331726074219,1263.787109375,812.1529541015625
80,0,0.7036773562431335,1012.126220703125,393.4414978027344,1094.592041015625,711.3388671875
80,0,0.6744527816772461,797.7417602539062,445.581298828125,853.9507446289062,613.1182250976562
81,0,0.8971583247184753,291.9679870605469,253.46632385253906,585.8460693359375,1071.4769287109375
81,0,0.8813487887382507,849.6614990234375,293.3529357910156,1033.4129638671875,964.193359375
81,0,0.8745249509811401,1099.06787109375,359.8068542480469,1255.646484375,810.6690673828125
81,0,0.7328803539276123,1009.3563232421875,383.1338806152344,1088.8485107421875,706.7362060546875
81,0,0.69181889295578,792.3395385742188,442.0220947265625,849.6958618164062,609.8944702148438
82,0,0.8631284236907959,270.2058410644531,241.50828552246094,563.32861328125,1071.623779296875
82,0,0.8725992441177368,844.5253295898438,292.1567687988281,1025.8717041015625,965.077392578125
82,0,0.8884216547012329,1091.194091796875,359.48028564453125,1250.4454345703125,811.6687622070312
82,0,0.7672234773635864,997.6884765625,379.0263671875,1084.1812744140625,699.6265258789062
82,0,0.5726323127746582,786.746826171875,438.7987365722656,844.5540161132812,605.572998046875
83,0,0.8932815790176392,243.1748504638672,231.03732299804688,545.1347045898438,1071.7333984375
83,0,0.8852040767669678,835.0380859375,291.3913879394531,1014.080078125,968.8960571289062
83,0,0.9054127931594849,1086.332763671875,357.7444763183594,1240.2557373046875,810.062255859375
83,0,0.8794330954551697,992.9825439453125,380.3041076660156,1076.9066162109375,697.7833251953125
83,0,0.727590024471283,778.667724609375,434.83221435546875,835.9951171875,602.6047973632812
84,0,0.9190433025360107,204.04354858398438,216.11404418945312,534.5391845703125,1072.759765625
84,0,0.8847482800483704,824.7308349609375,291.7289733886719,1006.587158203125,965.4324340820312
84,0,0.9136480093002319,1078.2198486328125,356.9449462890625,1233.35009765625,812.7542114257812
84,0,0.8530157208442688,984.9324340820312,375.0793762207031,1069.6268310546875,688.6205444335938
84,0,0.7022144794464111,772.2759399414062,426.84954833984375,829.7741088867188,601.862548828125
85,0,0.9080626368522644,184.04946899414062,202.15444946289062,514.3600463867188,1070.1337890625
85,0,0.8746492862701416,813.9735717773438,289.0132751464844,993.571533203125,954.4848022460938
85,0,0.9223256707191467,1069.6304931640625,349.7992858886719,1222.4141845703125,806.8480224609375
85,0,0.8647021651268005,972.2884521484375,370.6319885253906,1059.2593994140625,686.5690307617188
85,0,0.6986957788467407,766.7630615234375,421.7795104980469,819.4161376953125,594.8037109375
86,0,0.8990319967269897,156.7924346923828,190.2166748046875,488.27001953125,1072.1392822265625
86,0,0.8868594169616699,799.1232299804688,283.01177978515625,984.6076049804688,953.0326538085938
86,0,0.8980371356010437,1059.64990234375,346.8018798828125,1215.0430908203125,800.6370239257812
86,0,0.8679027557373047,959.922607421875,367.78265380859375,1054.743896484375,683.8497924804688
86,0,0.7013627290725708,758.7857055664062,419.8288269042969,808.7268676757812,594.9854125976562
87,0,0.9208876490592957,132.73179626464844,175.67538452148438,469.68365478515625,1069.8548583984375
87,0,0.8769588470458984,782.687744140625,278.67816162109375,978.3987426757812,947.5641479492188
87,0,0.8710629343986511,1050.8350830078125,341.4002685546875,1207.7529296875,801.1431884765625
87,0,0.8506526350975037,948.1197509765625,366.8577880859375,1045.8258056640625,680.7042236328125
87,0,0.4819921553134918,748.9296264648438,415.2359924316406,797.5421142578125,585.77880859375
87,0,0.806084930896759,454.72357177734375,403.0656433105469,541.0145874023438,699.3992919921875
88,0,0.9272016286849976,104.55077362060547,163.34771728515625,454.7912292480469,1070.873046875
88,0,0.8692219257354736,766.7488403320312,269.47650146484375,969.1415405273438,937.386962890625
88,0,0.8784893751144409,1040.4798583984375,336.16845703125,1205.061279296875,791.971923828125
88,0,0.8570019602775574,943.453857421875,357.3072509765625,1038.972412109375,677.3790283203125
88,0,0.35954421758651733,740.9249267578125,410.14654541015625,787.6860961914062,584.720703125
88,0,0.7997420430183411,430.72186279296875,402.3548278808594,533.0173950195312,699.7557373046875
89,0,0.9231457710266113,75.5464096069336,152.785888671875,441.7004089355469,1071.464111328125
89,0,0.8924848437309265,753.0980224609375,260.39471435546875,965.5789794921875,916.2600708007812
89,0,0.8762801289558411,1035.4490966796875,331.9650573730469,1199.061279296875,788.8495483398438
89,0,0.8307650089263916,938.5753784179688,354.42193603515625,1034.337646484375,670.5900268554688
89,0,0.8031554818153381,424.2272033691406,393.1764831542969,524.8763427734375,696.953857421875
90,0,0.9258326888084412,47.38151550292969,140.92616271972656,429.5915832519531,1071.89453125
90,0,0.9011544585227966,738.3177490234375,257.44537353515625,960.5235595703125,908.8414916992188
90,0,0.8899853229522705,1031.3404541015625,327.44586181640625,1195.4688720703125,778.3762817382812
90,0,0.8129927515983582,932.306396484375,348.97479248046875,1032.61083984375,665.8107299804688
90,0,0.8528406620025635,415.0834655761719,387.6567687988281,516.0234985351562,696.7722778320312
91,0,0.9311932921409607,16.65966033935547,128.1956787109375,422.56414794921875,1071.8385009765625
91,0,0.8842217922210693,728.5090942382812,249.1123504638672,955.8411865234375,904.5693359375
91,0,0.9159806966781616,1023.5516357421875,320.01324462890625,1194.9884033203125,771.3501586914062
91,0,0.8166429400444031,924.5833129882812,346.775146484375,1028.118896484375,664.637939453125
91,0,0.887742280960083,405.90057373046875,384.1429443359375,512.5621337890625,692.1268920898438
92,0,0.9420633912086487,0.0,112.80032348632812,412.46539306640625,1069.3897705078125
92,0,0.893893837928772,713.617919921875,242.1592254638672,951.195556640625,902.9949951171875
92,0,0.933128297328949,1016.2657470703125,315.5309753417969,1192.947998046875,766.3154296875
92,0,0.8511872887611389,921.5997314453125,345.3564453125,1023.1713256835938,663.5825805664062
92,0,0.8526962399482727,401.6709899902344,381.6629638671875,506.31951904296875,690.9306030273438
93,0,0.9504261016845703,0.0,104.26398468017578,399.3036804199219,1068.515625
93,0,0.8979814648628235,708.4064331054688,238.77528381347656,937.79248046875,903.0249633789062
93,0,0.9351038336753845,1011.9356079101562,313.5783996582031,1192.1502685546875,765.7841186523438
93,0,0.8688448071479797,917.2225952148438,344.93316650390625,1019.5807495117188,662.4638061523438
93,0,0.8129628300666809,394.6741638183594,377.6849060058594,500.18743896484375,691.8418579101562
94,0,0.944471001625061,0.0,97.9062271118164,390.68548583984375,1068.2852783203125
94,0,0.8873960375785828,699.5235595703125,240.0413055419922,931.7215576171875,906.0048217773438
94,0,0.9409871697425842,1009.1165771484375,312.91961669921875,1191.0523681640625,764.92138671875
94,0,0.8506973385810852,912.8624877929688,345.19268798828125,1015.2291259765625,661.59765625
94,0,0.8251219987869263,387.178466796875,375.05718994140625,494.3373718261719,692.7601928710938
95,0,0.9314204454421997,0.0,86.56826782226562,383.13909912109375,1069.5130615234375
95,0,0.8887602686882019,691.6993408203125,242.90989685058594,927.0111694335938,908.8142700195312
95,0,0.9354214668273926,1006.9686279296875,312.8387145996094,1195.4031982421875,766.0239868164062
95,0,0.8353291153907776,910.1723022460938,343.9845886230469,1014.4716796875,662.9403686523438
95,0,0.8391095995903015,384.3409423828125,370.6871643066406,491.8531188964844,693.3980102539062
96,0,0.9242426156997681,0.0,69.6562271118164,367.9919738769531,1069.285400390625
96,0,0.8937236070632935,692.8499755859375,243.00909423828125,922.8217163085938,913.8118896484375
96,0,0.9409077763557434,1004.615234375,312.1973571777344,1199.9141845703125,765.388427734375
96,0,0.8368455767631531,908.9664306640625,344.0313415527344,1014.0880737304688,665.207275390625
96,0,0.8468332290649414,382.29937744140625,372.4144592285156,490.8583068847656,694.7105712890625
97,0,0.9279224276542664,0.0,46.194061279296875,354.8004455566406,1070.6650390625
97,0,0.8871457576751709,692.3961791992188,246.192138671875,921.7809448242188,919.47998046875
97,0,0.9453221559524536,1004.0198974609375,312.5784606933594,1200.2503662109375,767.755615234375
97,0,0.8214536905288696,910.0208129882812,345.3654479980469,1013.7781372070312,666.2221069335938
97,0,0.8580411672592163,382.4295654296875,367.99615478515625,489.4249572753906,698.2847290039062
98,0,0.929847002029419,0.0,42.94721984863281,346.0639343261719,1068.048583984375
98,0,0.8892272710800171,693.3760375976562,249.6848907470703,921.19580078125,922.8648681640625
98,0,0.9407023787498474,1006.0200805664062,312.8399353027344,1202.6495361328125,771.284423828125
98,0,0.8118373155593872,910.4121704101562,346.5146179199219,1014.2614135742188,665.4307250976562
98,0,0.8685795068740845,381.09979248046875,366.759033203125,488.5627136230469,700.0062255859375
99,0,0.9199474453926086,0.0,24.122486114501953,334.01495361328125,1068.009521484375
99,0,0.8957585096359253,695.6217651367188,252.25265502929688,920.8343505859375,923.2027587890625
99,0,0.9354182481765747,1006.3355102539062,314.11669921875,1210.666015625,771.135986328125
99,0,0.8431432247161865,910.6386108398438,347.0193786621094,1016.4083862304688,665.2816162109375
99,0,0.8662925362586975,378.9101257324219,366.9668884277344,488.9878845214844,702.3650512695312
100,0,0.9165737628936768,0.0,9.300860404968262,313.6837463378906,1068.7689208984375
100,0,0.8851199150085449,700.6119384765625,253.1660614013672,922.7866821289062,924.1808471679688
100,0,0.9284424781799316,1008.3744506835938,313.884765625,1215.6204833984375,775.68798828125
100,0,0.8748152852058411,915.6102905273438,344.23345947265625,1019.6681518554688,662.8934326171875
100,0,0.8619447350502014,378.2015380859375,364.9065856933594,490.563720703125,704.0404052734375
101,0,0.9189980030059814,0.0,11.01540470123291,297.2077941894531,1066.4844970703125
101,0,0.8868995308876038,706.7373046875,250.65875244140625,926.521240234375,920.0393676757812
101,0,0.9059615731239319,1014.37548828125,314.0188903808594,1216.0882568359375,775.7141723632812
101,0,0.8610069155693054,920.513916015625,341.8291015625,1023.8631591796875,664.4877319335938
101,0,0.8593893051147461,376.55487060546875,366.13140869140625,493.20550537109375,707.21533203125
102,0,0.9096181988716125,0.09149577468633652,6.928765773773193,279.04803466796875,1067.5186767578125
102,0,0.902922511100769,713.87646484375,249.77207946777344,936.9910888671875,917.0642700195312
102,0,0.8973153233528137,1026.4300537109375,313.6951599121094,1224.2357177734375,774.2066040039062
102,0,0.7955526113510132,929.4991455078125,338.31805419921875,1031.3756103515625,663.0647583007812
102,0,0.8493063449859619,386.0916442871094,365.3005065917969,499.2929382324219,704.841796875
103,0,0.8620320558547974,0.7916049361228943,13.017735481262207,256.60748291015625,1070.5272216796875
103,0,0.9289326071739197,728.093994140625,246.4595184326172,946.1547241210938,914.7230224609375
103,0,0.8957235813140869,1041.20361328125,309.49517822265625,1236.595458984375,773.68359375
103,0,0.8279023766517639,943.098388671875,336.5165100097656,1045.1339111328125,664.6203002929688
103,0,0.8510330319404602,397.1319885253906,364.8526611328125,508.6767578125,702.9797973632812
104,0,0.8160311579704285,0.6903096437454224,214.21139526367188,217.49923706054688,1070.0927734375
104,0,0.9263781309127808,739.5888061523438,245.0072479248047,953.253173828125,907.6713256835938
104,0,0.9254969358444214,1054.73583984375,308.3804626464844,1253.4603271484375,773.3407592773438
104,0,0.8207085132598877,950.8842163085938,332.9473571777344,1056.4901123046875,662.4811401367188
104,0,0.8687634468078613,405.6783752441406,364.62847900390625,515.9926147460938,703.9597778320312
105,0,0.7468052506446838,0.07941550016403198,211.74510192871094,155.28111267089844,1053.6689453125
105,0,0.9299264550209045,750.507568359375,240.9984588623047,959.330322265625,888.54736328125
105,0,0.9214093089103699,1064.6612548828125,304.69830322265625,1261.0965576171875,770.2877197265625
105,0,0.8680137395858765,957.415283203125,333.5580139160156,1064.581787109375,659.3750610351562
105,0,0.8891950845718384,410.75872802734375,360.61444091796875,520.4386596679688,700.9581909179688
106,0,0.5610339641571045,0.0,221.0480499267578,107.41460418701172,1043.80224609375
106,0,0.9309812784194946,758.9843139648438,235.95208740234375,964.6871337890625,880.040771484375
106,0,0.9072042107582092,1075.508544921875,305.9278564453125,1260.488037109375,772.8313598632812
106,0,0.7898618578910828,962.65576171875,327.8594665527344,1069.158447265625,654.4829711914062
106,0,0.8763659596443176,416.9505615234375,363.7519226074219,525.882568359375,701.4589233398438
107,0,0.9283773303031921,763.390869140625,234.66973876953125,967.9097290039062,878.3129272460938
107,0,0.8915339708328247,1081.9356689453125,303.2841796875,1254.23095703125,767.1032104492188
107,0,0.8331537246704102,967.135986328125,327.15625,1075.0093994140625,653.0933837890625
107,0,0.8921424746513367,415.3107604980469,361.6100769042969,527.9462890625,702.365966796875
108,0,0.9190552830696106,768.728515625,233.528076171875,970.3302612304688,876.196533203125
108,0,0.8878656625747681,1086.88427734375,301.6387939453125,1255.4403076171875,760.2997436523438
108,0,0.8219978213310242,971.5453491210938,326.6562805175781,1079.5880126953125,649.890625
108,0,0.8794503211975098,412.1787109375,359.91265869140625,528.5960693359375,705.8241577148438
109,0,0.9192933440208435,771.5467529296875,230.75323486328125,971.3467407226562,876.3688354492188
109,0,0.8952836394309998,1089.5272216796875,298.2582702636719,1259.6029052734375,756.3457641601562
109,0,0.8113952279090881,974.9661254882812,324.0870056152344,1081.9541015625,647.0497436523438
109,0,0.8735970258712769,409.5080871582031,356.83465576171875,528.5004272460938,709.9566650390625
110,0,0.9082526564598083,774.2976684570312,230.2075653076172,974.3732299804688,879.2322998046875
110,0,0.8976598381996155,1094.057861328125,294.8933410644531,1263.278564453125,754.9758911132812
110,0,0.7902644872665405,980.9473876953125,321.0579528808594,1083.2445068359375,647.6033935546875
110,0,0.8555487990379333,410.0447998046875,352.9775390625,528.511962890625,709.466796875
111,0,0.9064844250679016,777.3004150390625,229.3881378173828,973.18115234375,881.3902587890625
111,0,0.8995376825332642,1097.9925537109375,293.0013122558594,1265.6395263671875,753.7808837890625
111,0,0.791159451007843,976.86572265625,321.2127380371094,1085.9964599609375,651.0777587890625
111,0,0.8170480132102966,411.60699462890625,350.1033020019531,528.113525390625,710.6592407226562
112,0,0.9031895995140076,777.8761596679688,228.9927520751953,975.9284057617188,881.678955078125
112,0,0.9104255437850952,1104.5360107421875,289.0670471191406,1267.509521484375,754.1424560546875
112,0,0.7676600217819214,979.5657958984375,321.6610412597656,1089.851806640625,651.4945068359375
112,0,0.7948655486106873,413.2799072265625,344.61932373046875,529.9003295898438,709.9893188476562
113,0,0.8989128470420837,782.3599243164062,230.638427734375,978.787353515625,883.2184448242188
113,0,0.927792489528656,1107.6640625,287.0771484375,1272.890380859375,755.866943359375
113,0,0.7126983404159546,984.0814819335938,322.81549072265625,1093.012939453125,648.99609375
113,0,0.8336076736450195,408.029296875,344.82196044921875,529.1760864257812,710.1930541992188
114,0,0.8963565230369568,787.4044799804688,232.90469360351562,981.1080322265625,884.707763671875
114,0,0.9303573369979858,1110.8095703125,287.0281982421875,1277.2542724609375,755.3643798828125
114,0,0.7267629504203796,986.2811279296875,321.1749267578125,1093.54638671875,647.56884765625
114,0,0.8486160039901733,405.10589599609375,343.6354675292969,529.4146118164062,711.2261962890625
115,0,0.9001521468162537,786.46240234375,233.99954223632812,980.39501953125,885.1537475585938
115,0,0.9329401850700378,1115.445556640625,287.4058837890625,1281.4361572265625,755.45556640625
115,0,0.6214532256126404,983.0966186523438,321.99261474609375,1095.659912109375,647.4125366210938
115,0,0.8626295328140259,402.1871643066406,340.75787353515625,530.3004760742188,711.15869140625
116,0,0.9005691409111023,788.3828125,234.2227020263672,981.2942504882812,883.508544921875
116,0,0.9276469945907593,1117.9620361328125,285.3085632324219,1284.8701171875,754.4984741210938
116,0,0.6015089750289917,976.9666748046875,320.95703125,1098.704833984375,646.9714965820312
116,0,0.8333655595779419,397.3182678222656,336.3709716796875,530.8572998046875,710.5966796875
117,0,0.8982164859771729,786.815673828125,235.10885620117188,977.6559448242188,883.7656860351562
117,0,0.9217590093612671,1119.232421875,287.29632568359375,1286.5677490234375,755.4288940429688
117,0,0.57049560546875,970.5526123046875,322.9891357421875,1093.0338134765625,646.0889892578125
117,0,0.8715479373931885,392.41009521484375,333.7621154785156,526.6447143554688,711.9592895507812
118,0,0.8918159604072571,783.0463256835938,234.4901580810547,970.3844604492188,885.5746459960938
118,0,0.9203022122383118,1122.000732421875,290.0417175292969,1284.7117919921875,759.4436645507812
118,0,0.746346116065979,969.9505615234375,324.358154296875,1096.850830078125,646.9522094726562
118,0,0.8634971380233765,389.741943359375,332.77288818359375,522.3682250976562,716.010009765625
119,0,0.8973423838615417,774.8042602539062,233.593017578125,969.2035522460938,883.4527587890625
119,0,0.9176196455955505,1121.8017578125,290.2900390625,1284.2110595703125,760.8690795898438
119,0,0.7472031712532043,970.9088745117188,323.9166259765625,1097.5535888671875,646.36376953125
119,0,0.87134850025177,385.6076965332031,330.8525085449219,518.6907958984375,718.7208251953125
120,0,0.9046361446380615,766.68994140625,229.2419891357422,964.9808349609375,875.0411376953125
120,0,0.91302490234375,1120.7574462890625,290.1121826171875,1283.7818603515625,762.7677001953125
120,0,0.7313994765281677,969.7758178710938,325.76239013671875,1095.6473388671875,647.588623046875
120,0,0.8699847459793091,381.0163879394531,328.64886474609375,514.670654296875,725.9517822265625
121,0,0.9003844261169434,760.5692138671875,226.88526916503906,956.6068115234375,863.4501953125
121,0,0.9200603365898132,1118.052978515625,291.3369140625,1281.5906982421875,763.7333374023438
121,0,0.7571423649787903,966.7107543945312,325.9293518066406,1097.1922607421875,647.7203979492188
121,0,0.8619959950447083,376.915771484375,332.3606262207031,507.073974609375,732.480712890625
122,0,0.904578447341919,755.9325561523438,226.81871032714844,950.3338623046875,861.5515747070312
122,0,0.931922197341919,1116.482666015625,291.66558837890625,1277.352783203125,762.0515747070312
122,0,0.7405781149864197,963.4292602539062,323.7403259277344,1085.3770751953125,646.8795166015625
122,0,0.8644348382949829,369.44158935546875,332.6845703125,500.37115478515625,738.03076171875
123,0,0.9125699996948242,733.3544311523438,226.70335388183594,945.4270629882812,862.8024291992188
123,0,0.9182917475700378,1112.534423828125,292.1478576660156,1271.4075927734375,765.7120971679688
123,0,0.7355827689170837,963.549072265625,325.0223693847656,1084.2767333984375,649.1834106445312
123,0,0.8777291178703308,359.981689453125,330.0445861816406,493.880126953125,735.7194213867188
124,0,0.9049426913261414,727.8585205078125,226.05426025390625,939.2976684570312,866.9823608398438
124,0,0.9168130159378052,1106.7965087890625,291.2823791503906,1266.5931396484375,772.2883911132812
124,0,0.7744547724723816,959.4461059570312,322.1029357910156,1086.466552734375,650.90771484375
124,0,0.8582605719566345,351.047607421875,331.6841125488281,487.9608154296875,744.1891479492188
125,0,0.9132587909698486,713.0556030273438,229.2938995361328,934.3674926757812,870.6787109375
125,0,0.8983138799667358,1100.4234619140625,291.57421875,1263.3480224609375,774.512939453125
125,0,0.7061895132064819,950.760986328125,321.8342590332031,1080.7535400390625,653.2109375
125,0,0.8527694940567017,341.0615539550781,339.1999206542969,476.1603088378906,743.6193237304688
126,0,0.9117413759231567,706.8662719726562,232.13555908203125,930.2533569335938,876.6610717773438
126,0,0.9007161259651184,1093.53466796875,292.2867431640625,1261.874755859375,772.0009765625
126,0,0.6901248097419739,945.3694458007812,321.78765869140625,1057.45703125,654.485595703125
126,0,0.8783243298530579,332.40118408203125,335.6907653808594,470.1596374511719,752.838134765625
127,0,0.9033339023590088,707.959716796875,233.6609649658203,925.1726684570312,878.9412231445312
127,0,0.8936379551887512,1086.839599609375,291.55987548828125,1257.964599609375,771.0017700195312
127,0,0.6943387389183044,937.3594360351562,321.254638671875,1049.6959228515625,655.6849365234375
127,0,0.8615080118179321,322.7972106933594,337.86541748046875,463.5853271484375,750.3154296875
128,0,0.9045618176460266,711.2708129882812,237.37510681152344,924.27001953125,882.2670288085938
128,0,0.9003480672836304,1083.41064453125,291.1593933105469,1257.0904541015625,769.4500122070312
128,0,0.6852157711982727,937.4926147460938,323.11328125,1044.8935546875,657.7318115234375
128,0,0.8641693592071533,315.3358154296875,336.44329833984375,460.0067443847656,757.5506591796875
129,0,0.8991544842720032,709.3914794921875,239.05897521972656,924.778564453125,885.6060791015625
129,0,0.8958832025527954,1081.63232421875,289.97686767578125,1255.938232421875,767.7924194335938
129,0,0.7049725651741028,936.2529907226562,320.81866455078125,1039.9017333984375,658.0543823242188
129,0,0.8588218092918396,311.08953857421875,334.1233215332031,454.8328552246094,758.5989379882812
130,0,0.8990491032600403,707.0405883789062,240.04270935058594,925.2417602539062,886.2345581054688
130,0,0.8862648010253906,1080.664794921875,289.2431335449219,1253.618408203125,761.8029174804688
130,0,0.6919485926628113,929.4588012695312,318.8963317871094,1035.7313232421875,656.0803833007812
130,0,0.8636749386787415,306.1458740234375,332.733642578125,455.2425231933594,766.209716796875
131,0,0.8983677625656128,709.119140625,238.5518035888672,925.0640869140625,889.70849609375
131,0,0.8882140517234802,1080.25439453125,288.6090087890625,1253.1134033203125,760.278076171875
131,0,0.7302956581115723,927.3735961914062,317.98992919921875,1032.5439453125,655.1810913085938
131,0,0.8471389412879944,301.72808837890625,328.7865905761719,454.3805236816406,767.7218627929688
132,0,0.8881147503852844,707.9052124023438,238.71453857421875,925.52099609375,888.134765625
132,0,0.8973740935325623,1078.1866455078125,287.9282531738281,1255.5498046875,759.2254028320312
132,0,0.7398427128791809,929.2368774414062,318.7080993652344,1029.96875,654.6937255859375
132,0,0.8540361523628235,293.6380615234375,326.96966552734375,451.8922424316406,775.2432250976562
133,0,0.8848794102668762,707.2429809570312,240.35928344726562,925.9217529296875,883.4031372070312
133,0,0.8980344533920288,1077.9658203125,288.255615234375,1258.6954345703125,764.3883056640625
133,0,0.7583091259002686,930.158203125,320.104736328125,1026.972412109375,655.77734375
133,0,0.8867455720901489,289.8721923828125,326.5799255371094,446.9031066894531,782.46044921875
134,0,0.894943118095398,715.3819580078125,241.8042755126953,926.4761352539062,885.8123168945312
134,0,0.8956894278526306,1076.601318359375,290.478271484375,1259.3065185546875,771.8840942382812
134,0,0.7687990665435791,929.622314453125,320.0619201660156,1023.90234375,658.5900268554688
134,0,0.8688850998878479,286.9475402832031,324.218505859375,443.2411804199219,783.6246337890625
135,0,0.9011055827140808,721.4326782226562,240.46583557128906,929.42529296875,881.6687622070312
135,0,0.8931362628936768,1077.517333984375,290.328369140625,1262.2548828125,775.794189453125
135,0,0.7822593450546265,929.2781372070312,320.9104309082031,1024.9254150390625,660.1341552734375
135,0,0.8582261800765991,278.9969787597656,324.01385498046875,441.970947265625,786.6114501953125
136,0,0.9198741912841797,723.484130859375,240.02499389648438,934.0906982421875,871.0687866210938
136,0,0.9003442525863647,1078.1807861328125,293.3788146972656,1266.3961181640625,781.8966064453125
136,0,0.8021602034568787,931.4386596679688,320.1631164550781,1024.2659912109375,661.4204711914062
136,0,0.8511787056922913,279.401123046875,321.898193359375,440.2521057128906,791.0178833007812
136,0,0.7329981327056885,1012.3080444335938,364.5697937011719,1086.7545166015625,590.388671875
137,0,0.9125218391418457,728.7612915039062,243.5752410888672,938.9921264648438,867.0663452148438
137,0,0.8964306712150574,1081.3878173828125,297.00982666015625,1270.6077880859375,790.369384765625
137,0,0.8087069988250732,925.3002319335938,324.51336669921875,1025.9869384765625,663.3759765625
137,0,0.8399395942687988,280.1470947265625,321.81011962890625,439.83563232421875,794.558837890625
137,0,0.7424642443656921,1018.982177734375,372.7143249511719,1091.202392578125,590.1334838867188
138,0,0.9147067070007324,732.6495971679688,242.3521270751953,939.4151000976562,867.2147827148438
138,0,0.8925904631614685,1083.8411865234375,296.9355773925781,1272.296875,790.7991333007812
138,0,0.8035975694656372,924.884033203125,325.745361328125,1027.4481201171875,663.9526977539062
138,0,0.8492416739463806,277.4893493652344,320.2903747558594,438.5495300292969,798.4515991210938
138,0,0.7367405891418457,1021.245849609375,370.62945556640625,1095.463623046875,590.6454467773438
139,0,0.9065198302268982,740.564208984375,242.21209716796875,943.1987915039062,872.1973266601562
139,0,0.9017330408096313,1089.747314453125,296.6640319824219,1276.1708984375,792.2593994140625
139,0,0.7814496755599976,927.8648071289062,323.8733825683594,1030.8946533203125,664.133056640625
139,0,0.8575439453125,278.0699768066406,320.9423522949219,437.3503112792969,806.1976318359375
139,0,0.7307405471801758,1024.8758544921875,371.685791015625,1098.570556640625,592.5986938476562
140,0,0.9058276414871216,749.9046020507812,241.079833984375,946.61181640625,874.4551391601562
140,0,0.9020419716835022,1096.0997314453125,298.7838439941406,1280.1015625,800.0935668945312
140,0,0.7993203997612,932.7632446289062,324.182861328125,1034.3990478515625,664.3853149414062
140,0,0.8512969613075256,278.1600036621094,322.92327880859375,439.44439697265625,814.822509765625
140,0,0.7513412237167358,1030.7216796875,374.0597839355469,1104.096923828125,592.43505859375
141,0,0.9036615490913391,756.345703125,244.8565216064453,947.4175415039062,878.62451171875
141,0,0.911733090877533,1101.148681640625,300.5038146972656,1287.13330078125,799.7052612304688
141,0,0.8252442479133606,936.625244140625,326.235107421875,1037.9368896484375,665.1688232421875
141,0,0.8624536395072937,270.0928955078125,321.5167541503906,440.8317565917969,820.4307861328125
141,0,0.7529581785202026,1032.655029296875,372.89801025390625,1107.56591796875,592.1636352539062
142,0,0.9002842307090759,759.8980102539062,251.09632873535156,953.581787109375,884.0064086914062
142,0,0.9155994653701782,1106.3922119140625,300.62823486328125,1294.5963134765625,800.824462890625
142,0,0.8356906771659851,948.277099609375,327.22369384765625,1041.751220703125,665.1190795898438
142,0,0.8750652074813843,267.2622985839844,324.2598876953125,441.088623046875,829.9230346679688
142,0,0.7582587599754333,1035.4139404296875,377.5002136230469,1110.685791015625,599.37255859375
143,0,0.8990685343742371,764.0629272460938,256.7713317871094,960.3313598632812,889.0637817382812
143,0,0.8959317207336426,1114.675048828125,301.21466064453125,1296.8690185546875,800.5397338867188
143,0,0.7966022491455078,954.8510131835938,328.3149108886719,1045.5771484375,665.7792358398438
143,0,0.8767365217208862,266.7270812988281,324.3313293457031,441.7544860839844,833.9132690429688
143,0,0.7507725358009338,1039.423828125,386.3098449707031,1116.646484375,598.8641357421875
144,0,0.8613343238830566,781.3644409179688,257.2090148925781,963.9630737304688,894.6587524414062
144,0,0.8937643766403198,1122.92236328125,302.3869934082031,1306.1424560546875,799.7965087890625
144,0,0.7957702875137329,960.6366577148438,328.0562438964844,1048.4859619140625,666.4318237304688
144,0,0.8601033091545105,265.2457580566406,323.2111511230469,442.26593017578125,837.9197387695312
144,0,0.7521352171897888,1045.4718017578125,387.1410217285156,1122.0167236328125,597.5345458984375
145,0,0.8590023517608643,783.324462890625,259.4459228515625,969.5905151367188,898.4131469726562
145,0,0.8847447037696838,1129.8916015625,301.0473327636719,1313.6292724609375,792.2049560546875
145,0,0.7841886281967163,966.8846435546875,330.3799743652344,1052.2615966796875,672.804931640625
145,0,0.8616301417350769,268.24169921875,322.6912536621094,443.5736389160156,848.283935546875
145,0,0.6975536942481995,1052.630615234375,385.374755859375,1125.7994384765625,597.2048950195312
145,0,0.7205852270126343,667.8881225585938,399.9629821777344,748.8087768554688,607.6907348632812
146,0,0.8731099367141724,785.8366088867188,262.8116149902344,973.8973388671875,901.1478881835938
146,0,0.8904617428779602,1135.26220703125,301.1824951171875,1316.6546630859375,793.0504760742188
146,0,0.8115692734718323,967.4389038085938,330.354736328125,1055.0631103515625,675.1865844726562
146,0,0.8686249256134033,266.400634765625,323.89483642578125,441.2486267089844,856.0924072265625
146,0,0.7108396291732788,1054.991455078125,381.710205078125,1130.7333984375,600.3148803710938
146,0,0.612063467502594,668.7826538085938,399.47802734375,752.0444946289062,611.1929321289062
147,0,0.8819542527198792,778.3292236328125,264.6166076660156,975.5699462890625,901.9277954101562
147,0,0.902940034866333,1142.3603515625,299.9794921875,1323.8321533203125,800.9346923828125
147,0,0.8016982674598694,970.7127075195312,334.1940002441406,1057.1697998046875,676.5119018554688
147,0,0.8771207928657532,261.9335021972656,324.7637023925781,438.9603576660156,865.197265625
147,0,0.7307032346725464,1057.3023681640625,376.34405517578125,1130.8353271484375,599.6160278320312
147,0,0.5997866988182068,672.7657470703125,400.8765563964844,750.9085693359375,612.9544067382812
148,0,0.8714116811752319,772.711181640625,265.676513671875,977.8529052734375,903.3869018554688
148,0,0.9061766862869263,1146.1414794921875,300.4249572753906,1326.4849853515625,805.0504760742188
148,0,0.8069772124290466,971.8761596679688,337.75372314453125,1059.087646484375,678.244873046875
148,0,0.8741238117218018,254.39483642578125,323.5080871582031,432.2025451660156,874.3778076171875
148,0,0.7172460556030273,1057.4681396484375,382.42803955078125,1130.102783203125,601.4140625
148,0,0.6343154907226562,673.33203125,404.84332275390625,752.4794921875,617.37451171875
149,0,0.8662905097007751,767.1127319335938,267.3176574707031,977.667236328125,902.239013671875
149,0,0.9161625504493713,1150.33251953125,302.8911437988281,1327.8955078125,805.2232055664062
149,0,0.8121994733810425,971.142578125,340.4891052246094,1060.9658203125,681.0657958984375
149,0,0.8651139140129089,246.43084716796875,322.7717590332031,424.833251953125,880.5799560546875
149,0,0.7233043313026428,1057.91455078125,383.94671630859375,1130.0487060546875,603.40771484375
149,0,0.672152578830719,674.2911987304688,407.6578063964844,756.4777221679688,621.8546142578125
150,0,0.8839918375015259,757.0631713867188,268.2965087890625,977.888427734375,898.8350830078125
150,0,0.908839762210846,1151.4974365234375,303.5922546386719,1330.71875,808.819580078125
150,0,0.8109171390533447,970.7721557617188,342.0918884277344,1063.1094970703125,683.2637939453125
150,0,0.8631967306137085,236.9677734375,316.7313232421875,419.3365783691406,885.0220947265625
150,0,0.68906569480896,1058.09814453125,384.65362548828125,1129.981201171875,604.7443237304688
150,0,0.7141777873039246,673.9080810546875,411.2689514160156,755.902099609375,623.234619140625
151,0,0.892565131187439,762.4117431640625,267.26483154296875,980.264404296875,885.29248046875
151,0,0.9003108143806458,1153.2574462890625,304.28277587890625,1333.7535400390625,804.8884887695312
151,0,0.8115910291671753,969.9883422851562,341.086669921875,1064.4951171875,682.4052734375
151,0,0.8559936881065369,226.38890075683594,312.58551025390625,414.5587463378906,889.6838989257812
151,0,0.7115854620933533,1056.927490234375,383.7746887207031,1129.3016357421875,604.5963745117188
151,0,0.7113909125328064,675.6410522460938,410.8252868652344,756.36279296875,625.065673828125
152,0,0.899475634098053,770.4224853515625,264.0416564941406,981.8267211914062,876.587646484375
152,0,0.8968984484672546,1155.34130859375,304.0286865234375,1336.6077880859375,805.2536010742188
152,0,0.792346715927124,971.6965942382812,340.67730712890625,1065.26171875,683.7682495117188
152,0,0.8719961047172546,214.93263244628906,313.4891357421875,410.05133056640625,892.3753051757812
152,0,0.7009528279304504,1054.609130859375,379.3377685546875,1131.456787109375,607.84033203125
152,0,0.7102496027946472,674.537841796875,407.2366943359375,761.5453491210938,628.2456665039062
153,0,0.9061320424079895,769.9378051757812,262.62115478515625,983.433837890625,875.4750366210938
153,0,0.899167537689209,1155.823974609375,304.8058776855469,1337.913818359375,803.1382446289062
153,0,0.7874011397361755,972.347412109375,340.5258483886719,1065.6336669921875,684.1549682617188
153,0,0.8602219820022583,205.287841796875,309.7206115722656,402.1300964355469,899.1533813476562
153,0,0.7435606122016907,1053.4031982421875,378.1123352050781,1131.7655029296875,609.07177734375
153,0,0.6846606731414795,673.6942749023438,405.3393249511719,765.14892578125,630.98583984375
154,0,0.91200190782547,767.0389404296875,258.9150695800781,982.4199829101562,874.8153686523438
154,0,0.8958386182785034,1155.35693359375,304.2231140136719,1336.0885009765625,806.5233764648438
154,0,0.7838910222053528,972.4268188476562,338.26715087890625,1064.551513671875,682.3904418945312
154,0,0.8842364549636841,190.3282012939453,303.9523620605469,393.5394287109375,898.5108642578125
154,0,0.7244373559951782,1052.3507080078125,376.97576904296875,1130.6397705078125,608.678466796875
154,0,0.7030693888664246,666.909423828125,404.7038879394531,764.58837890625,630.10546875
155,0,0.9148239493370056,765.8707885742188,258.9880065917969,984.587890625,879.4149780273438
155,0,0.8959658145904541,1154.3280029296875,304.72930908203125,1335.3829345703125,812.9598999023438
155,0,0.743827760219574,971.8932495117188,339.6146240234375,1062.45947265625,685.1873168945312
155,0,0.8946751356124878,179.46954345703125,298.2220153808594,386.541748046875,902.3982543945312
155,0,0.7323071360588074,1051.0240478515625,375.4943542480469,1130.3507080078125,609.4911499023438
155,0,0.7269276976585388,667.2600708007812,406.9654235839844,765.3299560546875,630.9854125976562
156,0,0.913349986076355,763.6716918945312,257.378173828125,981.3701782226562,883.1636962890625
156,0,0.902483344078064,1153.4063720703125,306.5174865722656,1333.3250732421875,820.060546875
156,0,0.7322282791137695,970.4467163085938,342.90692138671875,1058.7608642578125,685.204345703125
156,0,0.8859620690345764,168.57891845703125,296.5428466796875,375.9627990722656,906.7109375
156,0,0.7268487215042114,1051.4825439453125,381.8055419921875,1129.15869140625,610.0352783203125
156,0,0.7617301344871521,663.3726196289062,406.7370300292969,762.9652099609375,633.0023803710938
157,0,0.892939567565918,761.6701049804688,256.8887023925781,979.9061279296875,886.529541015625
157,0,0.908094584941864,1148.7440185546875,305.9215087890625,1329.4072265625,819.546630859375
157,0,0.728604793548584,968.419189453125,340.4438781738281,1052.4580078125,684.9039916992188
157,0,0.8776190280914307,156.2314453125,294.9644775390625,364.6181335449219,909.1173095703125
157,0,0.7821600437164307,1046.3009033203125,379.4717102050781,1128.3345947265625,607.0486450195312
157,0,0.7298234701156616,659.8316040039062,405.0726013183594,754.7646484375,632.35205078125
158,0,0.8823325037956238,763.6997680664062,260.3455810546875,979.0817260742188,891.0548706054688
158,0,0.8948721885681152,1146.013671875,306.6567687988281,1323.214111328125,815.748291015625
158,0,0.7457422614097595,967.465087890625,339.408935546875,1051.51904296875,684.2933959960938
158,0,0.8854329586029053,140.87242126464844,294.22149658203125,353.0284118652344,919.030517578125
158,0,0.7952578663825989,1042.3824462890625,378.3654479980469,1125.07958984375,607.8388061523438
158,0,0.6885379552841187,659.3602294921875,407.2626953125,752.7586059570312,632.0989990234375
159,0,0.8737490773200989,771.9949951171875,260.1367492675781,979.9711303710938,892.9588012695312
159,0,0.8878004550933838,1142.17431640625,305.0517272949219,1315.9998779296875,814.7805786132812
159,0,0.7411686778068542,965.5156860351562,339.4898681640625,1048.6048583984375,682.7990112304688
159,0,0.8758472204208374,124.52294158935547,291.02642822265625,345.65386962890625,933.4710083007812
159,0,0.8007917404174805,1035.546875,377.2741394042969,1120.581787109375,607.3658447265625
159,0,0.7062280774116516,652.33935546875,408.9078674316406,741.25732421875,630.398193359375
160,0,0.8775067329406738,757.2374267578125,264.9196472167969,979.8724975585938,900.31787109375
160,0,0.8837580680847168,1135.8592529296875,303.9792175292969,1310.876708984375,813.6248168945312
160,0,0.7196574211120605,957.4436645507812,339.1755676269531,1041.154052734375,686.6336059570312
160,0,0.8758401870727539,107.73169708251953,291.07940673828125,339.4891662597656,954.5655517578125
160,0,0.8153287172317505,1031.9345703125,379.9134521484375,1115.8824462890625,607.509033203125
160,0,0.6899901032447815,644.2325439453125,397.16900634765625,727.7052612304688,634.4027099609375
161,0,0.8942029476165771,759.649658203125,266.75885009765625,976.9827880859375,902.623046875
161,0,0.8806504607200623,1130.2401123046875,304.8564758300781,1305.4150390625,811.9188232421875
161,0,0.7119731903076172,955.1591796875,338.1840515136719,1038.422119140625,684.8895263671875
161,0,0.8996397256851196,89.67333221435547,289.8829345703125,322.56048583984375,961.2265625
161,0,0.8022462725639343,1029.2132568359375,382.8301086425781,1108.6251220703125,608.8800048828125
161,0,0.7408678531646729,636.2291870117188,394.24151611328125,718.866943359375,635.7232666015625
162,0,0.8906199932098389,758.4466552734375,269.6786804199219,972.8232421875,903.1083984375
162,0,0.8831399083137512,1120.8729248046875,304.7055969238281,1297.880615234375,809.9805297851562
162,0,0.7167677879333496,954.404541015625,337.02239990234375,1033.680908203125,684.2875366210938
162,0,0.9014203548431396,73.8278579711914,287.6053771972656,304.2854309082031,970.69189453125
162,0,0.7940816879272461,1026.618408203125,381.06109619140625,1103.6490478515625,607.9998779296875
162,0,0.7455466985702515,627.2896118164062,397.8187561035156,715.5438232421875,635.9022827148438
163,0,0.895783543586731,750.0626220703125,268.7608337402344,970.016845703125,898.5308837890625
163,0,0.9074404239654541,1110.1219482421875,304.2451171875,1293.874755859375,812.75732421875
163,0,0.7477722764015198,947.7523803710938,333.656494140625,1029.1419677734375,682.8206176757812
163,0,0.9078036546707153,55.324337005615234,285.0647888183594,299.6707458496094,974.2135620117188
163,0,0.7898563742637634,1018.4124145507812,383.86676025390625,1097.1683349609375,605.469482421875
163,0,0.7905759215354919,620.2438354492188,395.31793212890625,708.2235717773438,636.1414794921875
164,0,0.9094241857528687,762.4987182617188,266.40521240234375,963.7783203125,895.1846313476562
164,0,0.918418824672699,1104.6365966796875,299.6355285644531,1291.6834716796875,802.208984375
164,0,0.7998537421226501,945.2080078125,335.442626953125,1024.7899169921875,683.9877319335938
164,0,0.9224094152450562,35.77578353881836,281.53912353515625,287.79412841796875,986.7615966796875
164,0,0.706278383731842,1010.7235717773438,382.0054016113281,1093.6832275390625,604.8062744140625
164,0,0.7983613610267639,612.90283203125,394.02801513671875,698.6093139648438,636.7968139648438
165,0,0.9137091040611267,763.3015747070312,262.2423095703125,957.6423950195312,893.7238159179688
165,0,0.9144214391708374,1097.4688720703125,300.1315612792969,1286.4921875,801.2977905273438
165,0,0.7694652080535889,934.1082763671875,332.9282531738281,1017.7396240234375,680.52294921875
165,0,0.8917034864425659,21.128000259399414,276.67730712890625,277.224609375,1004.715576171875
165,0,0.6873501539230347,1008.8482055664062,384.3945007324219,1089.40283203125,603.939453125
165,0,0.8427244424819946,605.5531616210938,392.17620849609375,694.216796875,638.5310668945312
166,0,0.9049841165542603,764.1082153320312,258.79559326171875,956.1871337890625,886.4852905273438
166,0,0.9089468717575073,1091.810302734375,298.48236083984375,1285.5504150390625,799.3345947265625
166,0,0.7940604090690613,930.6237182617188,332.55560302734375,1019.0775756835938,679.8792724609375
166,0,0.9160535931587219,0.9055719375610352,272.0836181640625,260.522705078125,1011.5535278320312
166,0,0.6633032560348511,1008.2535400390625,383.68408203125,1086.0738525390625,606.0988159179688
166,0,0.8210325837135315,601.2313232421875,390.5798034667969,689.6375732421875,639.32666015625
166,0,0.8018723726272583,695.4327392578125,362.1827087402344,777.8250122070312,641.1903076171875
167,0,0.9044306874275208,764.2388305664062,256.2567443847656,955.171142578125,868.6697387695312
167,0,0.9038872718811035,1089.456298828125,294.3855285644531,1283.2474365234375,804.4343872070312
167,0,0.7813071608543396,928.6260375976562,332.1878662109375,1013.4248657226562,677.6314086914062
167,0,0.9240926504135132,0.0,265.05267333984375,254.60824584960938,1019.0591430664062
167,0,0.6680550575256348,1007.0077514648438,381.4266052246094,1084.939453125,604.8545532226562
167,0,0.7952173352241516,595.3945922851562,391.5597229003906,679.6022338867188,638.6409912109375
167,0,0.814357340335846,688.6034545898438,357.21282958984375,775.3367919921875,644.3997192382812
168,0,0.8992971777915955,764.1408081054688,251.98060607910156,957.590087890625,859.323974609375
168,0,0.9013006687164307,1087.470703125,291.84783935546875,1281.16650390625,802.0935668945312
168,0,0.7929288744926453,927.3771362304688,329.7613220214844,1012.2478637695312,677.3146362304688
168,0,0.9318127632141113,0.0,255.4040985107422,241.07545471191406,1022.4039306640625
168,0,0.6779364347457886,1007.682861328125,376.51458740234375,1083.586669921875,601.1340942382812
168,0,0.7931942343711853,589.8184204101562,390.04150390625,680.353271484375,641.49072265625
168,0,0.7972813248634338,686.9143676757812,355.324951171875,773.951171875,644.4786987304688
169,0,0.8821561336517334,765.55419921875,251.23245239257812,955.4849243164062,858.2579956054688
169,0,0.9036740064620972,1082.521484375,291.154052734375,1281.4202880859375,796.916748046875
169,0,0.7940513491630554,925.2821655273438,325.8836364746094,1009.9357299804688,675.456787109375
169,0,0.9363335967063904,0.0,250.36007690429688,233.72274780273438,1030.6964111328125
169,0,0.6077910661697388,1005.8032836914062,378.821533203125,1085.677978515625,598.3854370117188
169,0,0.7529867887496948,587.0065307617188,391.7390441894531,677.5514526367188,644.0841674804688
169,0,0.7965269088745117,679.1647338867188,351.70458984375,774.279052734375,645.0700073242188
170,0,0.8816301822662354,767.7289428710938,247.4841766357422,956.0499267578125,859.9337768554688
170,0,0.8956217169761658,1080.1744384765625,290.3177490234375,1280.8804931640625,798.3775634765625
170,0,0.7916079759597778,924.9144897460938,327.12237548828125,1010.4411010742188,675.5889892578125
170,0,0.9306132197380066,0.0,244.07199096679688,213.02320861816406,1041.7281494140625
170,0,0.6623528003692627,1006.0419311523438,372.833984375,1083.1376953125,594.94140625
170,0,0.6998988389968872,582.0900268554688,391.13909912109375,673.26318359375,645.3826293945312
170,0,0.7962150573730469,668.7279663085938,348.251953125,774.0968017578125,643.2911376953125
171,0,0.8807076215744019,774.3998413085938,247.1979522705078,956.9066162109375,863.3526611328125
171,0,0.9010547399520874,1077.8507080078125,290.37286376953125,1279.7557373046875,797.369140625
171,0,0.7715862989425659,924.3408203125,329.62646484375,1009.5722045898438,675.6728515625
171,0,0.9286988377571106,0.0,239.704833984375,203.27215576171875,1046.9381103515625
171,0,0.6351659893989563,1005.4005126953125,371.3487854003906,1082.11669921875,594.5435791015625
171,0,0.7216165661811829,575.0271606445312,385.6748352050781,669.0238037109375,645.4796752929688
171,0,0.8360631465911865,664.9306030273438,348.2629089355469,774.707275390625,644.9945678710938
172,0,0.8811577558517456,776.4887084960938,244.9856414794922,958.0506591796875,864.088134765625
172,0,0.8914918303489685,1075.483642578125,290.4771728515625,1277.8729248046875,796.205078125
172,0,0.5718674659729004,923.5001220703125,325.07275390625,1007.8598022460938,674.3314208984375
172,0,0.9183866381645203,0.0,234.611083984375,192.1288604736328,1050.4891357421875
172,0,0.6198532581329346,1002.9537353515625,374.61480712890625,1079.8883056640625,592.3184814453125
172,0,0.7465278506278992,568.1049194335938,387.0126037597656,667.4688720703125,643.8306884765625
172,0,0.8497756719589233,659.7269897460938,348.7610778808594,777.2803344726562,646.0255737304688
173,0,0.8753019571304321,776.3751220703125,246.4686737060547,958.8053588867188,868.2719116210938
173,0,0.8927587866783142,1077.6077880859375,290.4715576171875,1279.5986328125,803.3164672851562
173,0,0.5855898261070251,924.764892578125,325.8170471191406,1007.2771606445312,673.575927734375
173,0,0.9045414328575134,0.0,230.07774353027344,181.8992462158203,1057.5948486328125
173,0,0.6335006952285767,1003.9694213867188,374.7154846191406,1080.0435791015625,592.341064453125
173,0,0.7619158625602722,563.8023071289062,384.55316162109375,662.08935546875,644.3671875
173,0,0.855258047580719,657.4210205078125,347.1541442871094,776.8203125,648.8125
174,0,0.8771423697471619,780.4241333007812,248.02284240722656,958.4371337890625,873.4869384765625
174,0,0.8955215215682983,1081.638427734375,290.3351745605469,1282.37841796875,806.7747802734375
174,0,0.5530655980110168,926.8430786132812,323.78582763671875,1004.3244018554688,676.1981201171875
174,0,0.8949679732322693,0.0,227.40811157226562,177.05130004882812,1065.380859375
174,0,0.6562076807022095,1005.6511840820312,373.846435546875,1081.375732421875,594.2461547851562
174,0,0.75449538230896,559.3594970703125,378.2315673828125,659.5726928710938,646.7363891601562
174,0,0.844557523727417,654.9220581054688,344.8292236328125,778.2839965820312,650.1260375976562
175,0,0.874590277671814,784.9002685546875,254.95628356933594,960.8513793945312,879.3349609375
175,0,0.899505078792572,1085.8658447265625,295.5513000488281,1285.078369140625,808.2197265625
175,0,0.6395361423492432,926.7314453125,323.7981262207031,1005.6614379882812,678.335205078125
175,0,0.9030032157897949,0.0,227.12257385253906,164.67568969726562,1073.234375
175,0,0.6982374787330627,1008.3242797851562,374.6535949707031,1083.8984375,597.0443115234375
175,0,0.7900727987289429,556.0405883789062,379.6726989746094,657.6356811523438,652.5004272460938
175,0,0.8245565295219421,654.7359619140625,349.0685729980469,781.8388061523438,655.1969604492188
176,0,0.868984043598175,785.8681030273438,259.3916931152344,963.1765747070312,881.1355590820312
176,0,0.902738094329834,1089.0477294921875,291.38262939453125,1290.4742431640625,804.1594848632812
176,0,0.6657907366752625,926.2115478515625,317.6596984863281,1004.9479370117188,676.9392700195312
176,0,0.9015975594520569,0.0,223.8092041015625,155.7513427734375,1073.4783935546875
176,0,0.7190369963645935,1008.96240234375,372.8014221191406,1084.079345703125,596.0171508789062
176,0,0.7907692193984985,553.2844848632812,380.724609375,657.1578369140625,652.9696044921875
176,0,0.807081401348114,654.2306518554688,348.34375,784.54931640625,657.82373046875
177,0,0.8692541718482971,792.5108642578125,262.4378662109375,967.3569946289062,883.9899291992188
177,0,0.9169024229049683,1094.596435546875,290.6729736328125,1296.3138427734375,802.6806640625
177,0,0.5908054709434509,924.60986328125,315.1478576660156,1005.6622924804688,676.7835693359375
177,0,0.8892098069190979,0.0,223.2307586669922,148.74749755859375,1073.76025390625
177,0,0.7121367454528809,1010.9417724609375,370.6120910644531,1085.38818359375,599.1588134765625
177,0,0.7931799292564392,552.4909057617188,382.9599914550781,659.2757568359375,654.6729736328125
177,0,0.7864789366722107,657.39892578125,350.7005310058594,787.0599975585938,661.0276489257812
178,0,0.873310923576355,793.4898681640625,262.5474853515625,971.7068481445312,884.802001953125
178,0,0.9158855080604553,1098.814208984375,289.9362487792969,1298.6861572265625,799.645751953125
178,0,0.5469012260437012,923.9337158203125,314.6116027832031,1004.7922973632812,678.3757934570312
178,0,0.8728229403495789,0.0,225.59725952148438,142.1554718017578,1074.326904296875
178,0,0.6867223978042603,1012.6871948242188,379.3830261230469,1087.341064453125,599.1323852539062
178,0,0.800981879234314,552.1517944335938,382.2665710449219,661.046142578125,658.3848876953125
178,0,0.7596362233161926,656.193603515625,351.70849609375,787.9898681640625,662.90234375
179,0,0.8859004378318787,795.7557373046875,264.3934631347656,977.9124145507812,884.1687622070312
179,0,0.9091545343399048,1102.98681640625,289.3656005859375,1303.0631103515625,812.74560546875
179,0,0.5249592661857605,926.193603515625,321.65606689453125,1006.07470703125,676.39697265625
179,0,0.853009045124054,0.09774336218833923,226.6676483154297,130.70904541015625,1075.87158203125
179,0,0.6453893780708313,1017.523681640625,383.0553894042969,1090.8436279296875,597.363037109375
179,0,0.794789731502533,552.6112670898438,383.1029052734375,659.215087890625,661.7428588867188
179,0,0.7653636932373047,653.7657470703125,352.390869140625,782.8933715820312,666.3074951171875
180,0,0.8857986330986023,796.8296508789062,264.7486572265625,983.7246704101562,884.7269287109375
180,0,0.896024763584137,1110.855224609375,287.11962890625,1312.0548095703125,810.5836791992188
180,0,0.5305976867675781,933.5809936523438,321.25860595703125,1007.517578125,674.9346313476562
180,0,0.8281984329223633,0.13287244737148285,222.6959991455078,126.07604217529297,1073.50048828125
180,0,0.6952162981033325,1017.9559326171875,388.905517578125,1095.6788330078125,597.3872680664062
180,0,0.7689154744148254,551.7542114257812,383.6986999511719,659.2798461914062,665.3953857421875
180,0,0.8061723709106445,655.3887939453125,352.8534851074219,790.3326416015625,669.19384765625
181,0,0.8737749457359314,797.989501953125,263.2026672363281,986.3258666992188,881.9705200195312
181,0,0.8914226293563843,1118.0146484375,288.5782775878906,1317.0009765625,808.82568359375
181,0,0.5305323600769043,935.8788452148438,321.1322021484375,1008.734375,673.6881713867188
181,0,0.8128330707550049,0.12953242659568787,258.56781005859375,117.76058197021484,1072.285400390625
181,0,0.7379937767982483,1025.3162841796875,387.6134033203125,1099.38232421875,601.4780883789062
181,0,0.7793993949890137,553.8634033203125,385.47210693359375,659.1620483398438,667.8831176757812
181,0,0.7817951440811157,657.1861572265625,351.4158935546875,791.0570678710938,671.6574096679688
182,0,0.8767918944358826,800.7411499023438,259.7066955566406,993.4730224609375,874.6658935546875
182,0,0.8935917019844055,1126.7374267578125,289.5033264160156,1323.764892578125,805.8169555664062
182,0,0.38975805044174194,938.8924560546875,316.8089599609375,1010.2332153320312,673.5096435546875
182,0,0.7796648144721985,0.18261116743087769,263.4643859863281,111.13361358642578,1071.9559326171875
182,0,0.7320868372917175,1027.5567626953125,387.6329345703125,1105.4432373046875,599.275634765625
182,0,0.7487578988075256,553.4073486328125,388.68927001953125,665.1609497070312,670.62646484375
182,0,0.7747096419334412,658.7227783203125,348.4639892578125,790.7944946289062,675.0140991210938
183,0,0.8691471219062805,804.154296875,259.0393371582031,996.9898681640625,864.2132568359375
183,0,0.9103797674179077,1133.5732421875,286.4482421875,1327.0142822265625,804.5625
183,0,0.3950364291667938,945.7952880859375,323.7809753417969,1026.369873046875,673.9525146484375
183,0,0.7208318710327148,0.2993451952934265,319.8245544433594,96.98270416259766,1073.650390625
183,0,0.731590211391449,1028.68310546875,381.7113342285156,1109.5018310546875,602.4708251953125
183,0,0.7980822920799255,554.5060424804688,390.406005859375,666.5670166015625,672.9027709960938
183,0,0.7820602059364319,662.2031860351562,348.4731750488281,799.1897583007812,674.5637817382812
184,0,0.881187379360199,805.259033203125,258.9799499511719,998.5031127929688,864.6396484375
184,0,0.9110164046287537,1139.2314453125,285.6548767089844,1333.60595703125,803.8565063476562
184,0,0.5948019027709961,951.405029296875,330.29449462890625,1032.9691162109375,676.6497192382812
184,0,0.6921030879020691,0.15751591324806213,353.51678466796875,85.02760314941406,1071.9022216796875
184,0,0.7447835803031921,1029.957275390625,386.2059326171875,1113.2218017578125,599.1973266601562
184,0,0.7656921148300171,556.4722290039062,389.7674255371094,669.6603393554688,675.7364501953125
184,0,0.8335691094398499,666.1590576171875,339.211669921875,801.728271484375,677.7662353515625
185,0,0.8790226578712463,805.6510620117188,253.95401000976562,1003.29736328125,862.5965576171875
185,0,0.9160909056663513,1147.9925537109375,284.7762756347656,1337.92822265625,802.0850830078125
185,0,0.45948538184165955,963.308349609375,339.15087890625,1033.951904296875,674.9139404296875
185,0,0.5876386761665344,0.19199757277965546,369.2132263183594,73.88607788085938,1069.8087158203125
185,0,0.7175005078315735,1032.5091552734375,386.1952209472656,1115.5479736328125,598.0086059570312
185,0,0.8108608722686768,558.3067016601562,389.1773681640625,670.1416625976562,679.93310546875
185,0,0.8361652493476868,667.1629028320312,332.464111328125,803.098388671875,677.1346435546875
186,0,0.8659304976463318,807.2254028320312,251.6476593017578,1005.067138671875,857.2225341796875
186,0,0.9119581580162048,1152.4447021484375,280.4693298339844,1341.254638671875,802.7843627929688
186,0,0.4118252992630005,971.834228515625,349.6336364746094,1030.9749755859375,674.0925903320312
186,0,0.6928138136863708,1038.22216796875,379.3935546875,1118.6575927734375,597.3137817382812
186,0,0.8388338088989258,558.4259033203125,387.6533203125,674.7132568359375,681.1298828125
186,0,0.8501098155975342,669.2022705078125,334.6532897949219,806.3660278320312,675.0935668945312
187,0,0.8695276379585266,805.5744018554688,248.65658569335938,1006.1194458007812,859.543212890625
187,0,0.9019274711608887,1158.197509765625,281.74566650390625,1342.0751953125,796.5765991210938
187,0,0.3705900311470032,973.440673828125,341.59600830078125,1030.5738525390625,671.7592163085938
187,0,0.7150165438652039,1037.37744140625,373.256103515625,1121.1685791015625,597.8890991210938
187,0,0.8339795470237732,558.2647094726562,384.76019287109375,681.8363037109375,680.6517944335938
187,0,0.8717171549797058,670.710693359375,332.1441345214844,807.0866088867188,675.1820678710938
188,0,0.869330108165741,805.2448120117188,248.70814514160156,1007.837890625,862.2063598632812
188,0,0.8997181057929993,1160.0064697265625,277.7872009277344,1343.7891845703125,802.0269165039062
188,0,0.7500081658363342,1037.389892578125,365.4986267089844,1121.9931640625,595.6361083984375
188,0,0.8298377990722656,555.2687377929688,383.33941650390625,686.13037109375,682.4688720703125
188,0,0.8722913861274719,669.1129760742188,329.0879821777344,806.636474609375,676.4829711914062
189,0,0.8686051368713379,805.2904663085938,249.44500732421875,1009.3619384765625,863.3345947265625
189,0,0.9001947641372681,1163.1241455078125,280.355224609375,1342.299072265625,800.0401000976562
189,0,0.743782103061676,1034.6812744140625,370.2850646972656,1123.90185546875,593.8983764648438
189,0,0.8265810012817383,549.062744140625,382.0352783203125,682.9208374023438,683.3082885742188
189,0,0.8580065369606018,664.350830078125,329.1056823730469,805.7288208007812,678.8880004882812
190,0,0.8678136467933655,804.9224243164062,250.79971313476562,1010.249755859375,871.1178588867188
190,0,0.9011749029159546,1164.2158203125,282.4377746582031,1342.9913330078125,805.11572265625
190,0,0.7357946634292603,1032.9874267578125,370.4677734375,1124.2386474609375,593.7184448242188
190,0,0.7834973931312561,544.7374267578125,381.02685546875,666.6616821289062,684.317138671875
190,0,0.8582268357276917,663.515380859375,329.65081787109375,804.236328125,683.5501098632812
191,0,0.8727656602859497,806.4373168945312,255.42626953125,1008.0661010742188,875.9495849609375
191,0,0.904087245464325,1164.9517822265625,285.3199157714844,1340.2977294921875,811.9862670898438
191,0,0.7552730441093445,1028.390380859375,376.8606262207031,1122.5843505859375,597.7691650390625
191,0,0.8105295300483704,540.672607421875,378.5502014160156,658.4002685546875,686.4059448242188
191,0,0.8743127584457397,661.4064331054688,331.44769287109375,805.3207397460938,690.0720825195312
191,0,0.7179285883903503,1765.8028564453125,357.90631103515625,1820.883056640625,436.50244140625
192,0,0.8758800625801086,807.9633178710938,258.1725769042969,1006.7666625976562,880.19091796875
192,0,0.9147833585739136,1161.868896484375,286.3975524902344,1337.6644287109375,817.2955932617188
192,0,0.7826892137527466,1030.9501953125,373.5889587402344,1118.9898681640625,599.7315673828125
192,0,0.813338577747345,535.1243896484375,377.99139404296875,652.2476196289062,686.6685791015625
192,0,0.8748778700828552,660.0377197265625,332.3186950683594,802.6009521484375,689.8563842773438
192,0,0.6818268299102783,1767.222900390625,359.998046875,1822.3349609375,441.8401794433594
193,0,0.8792603611946106,807.1536865234375,258.9714050292969,1008.3449096679688,884.640869140625
193,0,0.9105565547943115,1158.154052734375,290.3304748535156,1333.114990234375,825.0000610351562
193,0,0.771108090877533,1027.8677978515625,378.0368957519531,1118.6614990234375,603.9750366210938
193,0,0.8446066379547119,529.2680053710938,377.79486083984375,647.6968994140625,692.944091796875
193,0,0.864105761051178,655.9639282226562,332.98681640625,786.0650024414062,697.0911254882812
193,0,0.6670453548431396,1768.3978271484375,363.48394775390625,1824.7275390625,443.01519775390625
194,0,0.8838881850242615,806.5606689453125,260.19439697265625,1010.57958984375,887.2041015625
194,0,0.9042994379997253,1152.9705810546875,297.14068603515625,1330.2081298828125,825.0399780273438
194,0,0.7483019232749939,1024.9091796875,378.66058349609375,1115.7672119140625,607.131103515625
194,0,0.834835946559906,521.586181640625,381.6645202636719,641.6991577148438,699.0496826171875
194,0,0.8502119779586792,649.0919799804688,337.85906982421875,778.6056518554688,703.8936767578125
194,0,0.5770065188407898,1771.3306884765625,368.1546936035156,1821.4864501953125,447.839111328125
195,0,0.8887131810188293,799.7872924804688,268.27386474609375,1010.891357421875,888.5856323242188
195,0,0.9034528136253357,1147.701171875,297.2527770996094,1323.1734619140625,829.877685546875
195,0,0.7444384694099426,1023.0575561523438,381.3829040527344,1111.096923828125,609.0570068359375
195,0,0.8455612063407898,514.4136962890625,384.5682678222656,640.2696533203125,705.5193481445312
195,0,0.8111883997917175,641.6300659179688,341.122314453125,782.9981079101562,707.7271728515625
195,0,0.6146240830421448,1765.4993896484375,372.1629333496094,1825.9521484375,449.0354919433594
196,0,0.8823297619819641,794.3815307617188,265.0810241699219,1010.2720947265625,887.9605102539062
196,0,0.8933553099632263,1143.9525146484375,297.6649169921875,1316.9189453125,829.8076171875
196,0,0.7498961091041565,1021.0011596679688,382.8600158691406,1107.729736328125,607.7749633789062
196,0,0.8561401963233948,505.2546691894531,384.1279602050781,623.4426879882812,709.4024047851562
196,0,0.7921093702316284,633.3719482421875,339.105712890625,785.9457397460938,709.3807983398438
196,0,0.543755054473877,1762.4400634765625,373.5195617675781,1822.691162109375,449.55426025390625
197,0,0.8698590993881226,794.6646118164062,271.447265625,1008.904541015625,884.9620361328125
197,0,0.8900250196456909,1139.06982421875,298.94500732421875,1314.1767578125,830.084228515625
197,0,0.7483008503913879,1020.8170776367188,388.0062561035156,1104.3350830078125,608.8267211914062
197,0,0.8585600256919861,496.124267578125,386.8763427734375,614.08056640625,713.0459594726562
197,0,0.8213083744049072,627.4739990234375,342.2667236328125,777.8416748046875,717.1853637695312
197,0,0.31846383213996887,1753.5909423828125,375.54449462890625,1819.1572265625,452.10107421875
198,0,0.873927652835846,801.136474609375,275.5191650390625,1004.35791015625,872.0771484375
198,0,0.8853659629821777,1131.9228515625,300.145751953125,1312.0054931640625,836.4033203125
198,0,0.7358542084693909,1014.7940063476562,390.3470764160156,1101.7398681640625,614.8746948242188
198,0,0.8557608127593994,487.4130554199219,391.423095703125,610.5838623046875,720.9946899414062
198,0,0.841343343257904,611.35791015625,346.7506408691406,768.7508544921875,722.753662109375
198,0,0.37679994106292725,1756.390380859375,381.8148498535156,1815.857177734375,455.1754150390625
199,0,0.8693678975105286,804.07861328125,284.3787841796875,1002.0911254882812,868.8289794921875
199,0,0.8950193524360657,1119.187744140625,303.6515808105469,1306.17431640625,841.3825073242188
199,0,0.7121996283531189,1008.6923217773438,391.5322570800781,1096.1787109375,615.2242431640625
199,0,0.8662774562835693,478.3497314453125,395.61865234375,606.86083984375,725.10791015625
199,0,0.8549070358276367,606.5755615234375,346.5729675292969,757.5743408203125,731.3349609375
199,0,0.6105408668518066,1740.248779296875,380.6834411621094,1812.66015625,459.9718933105469
200,0,0.8759843111038208,808.5345458984375,271.4849853515625,996.7726440429688,871.8941040039062
200,0,0.8979403376579285,1114.4609375,307.3406677246094,1301.705322265625,842.8621826171875
200,0,0.7084988355636597,1004.2244262695312,403.64923095703125,1090.3946533203125,616.5999755859375
200,0,0.8653623461723328,467.2743835449219,398.4504699707031,598.6660766601562,729.1885375976562
200,0,0.8376150131225586,597.6553344726562,348.4472351074219,745.5845336914062,732.1388549804688
200,0,0.6621039509773254,1735.5318603515625,383.10028076171875,1804.0526123046875,462.86492919921875
201,0,0.8716122508049011,808.4449462890625,276.5281066894531,992.1558837890625,877.076171875
201,0,0.9031428694725037,1107.04248046875,310.90765380859375,1300.22216796875,840.2310180664062
201,0,0.7680621147155762,1000.6021728515625,408.18157958984375,1085.052978515625,620.167236328125
201,0,0.8073161244392395,459.11114501953125,397.296630859375,585.2451171875,737.9644165039062
201,0,0.8630875945091248,583.8988647460938,346.2830505371094,740.7926635742188,729.1985473632812
201,0,0.5322788953781128,1740.24462890625,386.2447814941406,1799.147705078125,462.998291015625
202,0,0.8837110996246338,806.9251708984375,278.51226806640625,988.1070556640625,879.5307006835938
202,0,0.9172210097312927,1100.1697998046875,310.75860595703125,1297.4384765625,835.7637329101562
202,0,0.7694978713989258,997.8392944335938,409.7661437988281,1080.694091796875,625.5118408203125
202,0,0.8156876564025879,445.3788757324219,396.5830993652344,570.0238647460938,744.0850830078125
202,0,0.8829147219657898,578.8023681640625,343.3055419921875,735.4551391601562,736.5195922851562
202,0,0.5048255324363708,1738.894775390625,387.71380615234375,1796.7275390625,464.6455993652344
203,0,0.8656360507011414,809.5457763671875,286.8858337402344,985.5477294921875,883.0557250976562
203,0,0.9177574515342712,1098.6219482421875,309.5830383300781,1297.486328125,835.3541870117188
203,0,0.7806504964828491,999.7376708984375,410.4687194824219,1080.5167236328125,627.6561889648438
203,0,0.8506066799163818,435.4343566894531,394.8065490722656,571.2371215820312,748.0363159179688
203,0,0.8809309005737305,575.1085205078125,346.1708679199219,729.542236328125,739.7305297851562
203,0,0.6376853585243225,1742.1217041015625,388.46722412109375,1795.8260498046875,465.3653564453125
204,0,0.8788169026374817,812.0623779296875,289.96856689453125,982.709716796875,884.968505859375
204,0,0.9200156331062317,1095.7425537109375,309.0381164550781,1296.537353515625,835.5145874023438
204,0,0.7914561629295349,999.7490234375,409.8626403808594,1080.2576904296875,626.0176391601562
204,0,0.863275945186615,425.13427734375,394.4522705078125,573.2427368164062,742.1710815429688
204,0,0.8652508854866028,561.8739013671875,344.94189453125,724.46630859375,741.91357421875
204,0,0.532453179359436,1742.083251953125,388.44268798828125,1793.201416015625,465.3855285644531
205,0,0.8747836351394653,812.6723022460938,295.5764465332031,982.4720458984375,887.0353393554688
205,0,0.9232638478279114,1093.8441162109375,307.98822021484375,1298.681884765625,839.74951171875
205,0,0.7665370106697083,1000.3323364257812,410.34307861328125,1079.265869140625,625.6181640625
205,0,0.8673036694526672,417.5173034667969,392.8736877441406,560.4017944335938,750.5630493164062
205,0,0.8684049844741821,557.6316528320312,342.96441650390625,720.5423583984375,744.2122802734375
205,0,0.591999351978302,1743.1827392578125,388.1755676269531,1793.70263671875,465.40106201171875
206,0,0.8785762190818787,812.2678833007812,295.010498046875,978.7623901367188,888.907958984375
206,0,0.9191749095916748,1092.3646240234375,307.6343688964844,1299.492431640625,838.4622802734375
206,0,0.745640218257904,1000.5928344726562,407.89312744140625,1078.98828125,623.1083374023438
206,0,0.8875078558921814,412.88330078125,391.3103332519531,561.4833374023438,754.5758666992188
206,0,0.8738704919815063,552.2962646484375,342.529052734375,720.6932983398438,744.4031372070312
206,0,0.613020658493042,1745.085205078125,386.68194580078125,1794.5523681640625,465.5184631347656
207,0,0.8741121888160706,812.3246459960938,291.1933288574219,977.708251953125,890.1882934570312
207,0,0.9231691360473633,1092.8841552734375,306.8208312988281,1299.7967529296875,838.9827270507812
207,0,0.7631346583366394,1003.1030883789062,407.59136962890625,1078.8702392578125,617.0599365234375
207,0,0.8734920620918274,406.55987548828125,389.97552490234375,554.0991821289062,755.1961669921875
207,0,0.8874595761299133,548.514404296875,339.9543151855469,718.3167724609375,747.2398071289062
207,0,0.595233142375946,1744.8675537109375,385.1199951171875,1794.818359375,465.2002868652344
208,0,0.8816768527030945,811.2848510742188,291.7140808105469,976.1509399414062,891.2959594726562
208,0,0.9207581877708435,1092.10498046875,307.3444519042969,1302.144775390625,844.4566650390625
208,0,0.75761479139328,1001.6478881835938,404.22039794921875,1079.5638427734375,615.5125122070312
208,0,0.9032190442085266,399.02227783203125,389.9810485839844,546.1587524414062,756.7509765625
208,0,0.9043594598770142,533.4127807617188,336.2356872558594,717.4390869140625,758.4942016601562
208,0,0.6109042167663574,1747.5452880859375,384.9906005859375,1795.0189208984375,465.7680358886719
209,0,0.8828114867210388,807.5222778320312,294.1816101074219,974.9874877929688,891.5669555664062
209,0,0.922898530960083,1091.7235107421875,309.1584777832031,1304.636474609375,848.70361328125
209,0,0.753102719783783,1001.0282592773438,404.2281799316406,1079.0596923828125,618.4058837890625
209,0,0.8906158208847046,392.8026428222656,388.8574523925781,536.48388671875,756.4205322265625
209,0,0.9157776832580566,529.3927612304688,337.94525146484375,715.431884765625,763.3905029296875
209,0,0.5843164920806885,1748.1829833984375,384.85821533203125,1795.145263671875,466.24298095703125
209,0,0.6907780170440674,750.864501953125,396.49224853515625,823.0851440429688,649.4241943359375
210,0,0.8919103741645813,802.4356689453125,294.1724853515625,971.8207397460938,897.1268310546875
210,0,0.9265213012695312,1093.2218017578125,310.48126220703125,1305.800537109375,853.7890014648438
210,0,0.7757224440574646,1000.6556396484375,406.0352478027344,1079.3082275390625,620.5755615234375
210,0,0.878585159778595,384.7142333984375,387.096435546875,529.2265014648438,759.6412353515625
210,0,0.8894791007041931,522.0690307617188,335.9230651855469,710.4632568359375,767.97119140625
210,0,0.6240327954292297,1748.7581787109375,385.09112548828125,1795.6180419921875,466.7414855957031
210,0,0.7318657636642456,746.3579711914062,396.4254150390625,819.0470581054688,655.7154541015625
211,0,0.8914148807525635,799.2391967773438,293.7189636230469,971.1997680664062,896.653076171875
211,0,0.9204316735267639,1093.71337890625,312.2657775878906,1307.112548828125,855.2909545898438
211,0,0.801296055316925,998.1953125,406.18353271484375,1079.44775390625,622.6292114257812
211,0,0.8745718598365784,375.7470397949219,387.59326171875,524.7303466796875,767.748291015625
211,0,0.904222846031189,514.2288208007812,337.09283447265625,707.6858520507812,778.7408447265625
211,0,0.40178990364074707,1750.6182861328125,387.3169250488281,1796.2275390625,467.4409484863281
211,0,0.7313181161880493,741.4495239257812,397.29345703125,812.5348510742188,653.8388061523438
212,0,0.8888373970985413,793.724365234375,293.01458740234375,968.9141845703125,900.34619140625
212,0,0.9187303185462952,1095.4052734375,314.9657897949219,1306.9180908203125,859.3716430664062
212,0,0.7864844799041748,995.8175659179688,405.899658203125,1077.8929443359375,625.901123046875
212,0,0.8762057423591614,367.449951171875,390.5108337402344,519.5469970703125,776.1039428710938
212,0,0.9083023071289062,508.52777099609375,342.77117919921875,707.1712036132812,783.6338500976562
212,0,0.5628595948219299,1746.8245849609375,391.2066345214844,1796.852783203125,469.52734375
212,0,0.7030100226402283,738.3939208984375,397.8715515136719,809.8375244140625,656.4781494140625
213,0,0.882953941822052,790.8164672851562,298.0938720703125,969.6351318359375,894.617431640625
213,0,0.9130077362060547,1096.07763671875,321.0751953125,1308.314453125,862.2758178710938
213,0,0.7513086795806885,997.9019775390625,408.441650390625,1077.9580078125,627.4118041992188
213,0,0.8767694234848022,362.89678955078125,396.637451171875,511.6857604980469,787.2066650390625
213,0,0.9099959135055542,502.6920471191406,343.8241271972656,703.0516967773438,788.2445678710938
213,0,0.42699509859085083,1754.3309326171875,400.11248779296875,1799.9071044921875,472.3980407714844
213,0,0.6682813763618469,735.7743530273438,400.9192810058594,809.0321044921875,659.0199584960938
214,0,0.8836928606033325,791.8004150390625,294.6457214355469,970.5001831054688,882.1893310546875
214,0,0.9120025038719177,1099.0863037109375,315.90533447265625,1309.6368408203125,861.2237548828125
214,0,0.7605999112129211,1000.576904296875,407.681640625,1079.60791015625,626.1749267578125
214,0,0.8842670917510986,359.228271484375,395.0274353027344,511.2481689453125,789.054443359375
214,0,0.8966091275215149,501.0342712402344,342.1280517578125,701.748779296875,790.8095703125
214,0,0.5840163230895996,1754.2490234375,396.0035095214844,1803.76220703125,471.57464599609375
214,0,0.6943698525428772,736.1776733398438,398.4123840332031,808.7693481445312,658.7418823242188
215,0,0.8929080963134766,790.879150390625,293.64599609375,973.8990478515625,885.467041015625
215,0,0.8961407542228699,1109.1971435546875,314.9735107421875,1312.96630859375,865.3080444335938
215,0,0.7335994243621826,1002.4679565429688,410.6914978027344,1082.60107421875,626.7957763671875
215,0,0.883381724357605,356.22210693359375,395.4211120605469,510.8251037597656,794.702880859375
215,0,0.8947067856788635,501.2306823730469,338.7560119628906,698.9443969726562,798.7863159179688
215,0,0.5766679644584656,1763.2127685546875,395.88079833984375,1810.7454833984375,473.85260009765625
215,0,0.6711441278457642,737.2656860351562,398.5398864746094,808.9554443359375,662.7344360351562
216,0,0.8971255421638489,791.0752563476562,293.64935302734375,979.6148071289062,882.7493286132812
216,0,0.8940627574920654,1116.808837890625,315.6181945800781,1316.0771484375,870.3674926757812
216,0,0.7215366363525391,1004.1436157226562,408.9643859863281,1086.7158203125,628.55615234375
216,0,0.8945355415344238,355.1163024902344,396.1292724609375,510.8057556152344,801.1137084960938
216,0,0.890063464641571,502.2786560058594,334.5694885253906,697.3797607421875,803.09814453125
216,0,0.6696360111236572,1766.553955078125,393.53497314453125,1816.671875,475.13812255859375
216,0,0.6351503133773804,739.5446166992188,397.53411865234375,810.1168823242188,665.6094360351562
217,0,0.8999341130256653,787.0899658203125,292.7481994628906,981.9373168945312,881.1005249023438
217,0,0.9123994708061218,1123.164794921875,317.8522644042969,1319.576904296875,869.367431640625
217,0,0.720759928226471,1007.9891967773438,414.6625061035156,1091.2122802734375,629.0034790039062
217,0,0.897301971912384,353.4404296875,394.7954406738281,516.17041015625,807.7969360351562
217,0,0.8839292526245117,504.3427429199219,329.8035888671875,697.52197265625,806.5849609375
217,0,0.36160776019096375,1770.791748046875,392.9461364746094,1820.4666748046875,475.2748107910156
217,0,0.5391147136688232,746.2266235351562,399.0673828125,812.3795166015625,665.6390991210938
218,0,0.9046391248703003,792.7445678710938,292.0716857910156,987.3568725585938,886.5750122070312
218,0,0.9083418846130371,1130.1595458984375,316.2981262207031,1327.7972412109375,867.83251953125
218,0,0.7178966999053955,1016.412841796875,420.37353515625,1095.44189453125,629.4844970703125
218,0,0.9007664322853088,353.7049255371094,395.25390625,522.018310546875,812.5120849609375
218,0,0.908705472946167,505.5455017089844,326.8451843261719,696.0399169921875,809.4067993164062
218,0,0.6528963446617126,1784.7833251953125,400.68621826171875,1832.9066162109375,477.3465881347656
218,0,0.6932900547981262,748.6649169921875,397.7108154296875,819.3485107421875,668.0303344726562
219,0,0.9067753553390503,795.548583984375,296.03472900390625,996.005126953125,891.9030151367188
219,0,0.9315649271011353,1139.5841064453125,314.01397705078125,1334.384521484375,865.1896362304688
219,0,0.7577139139175415,1022.6909790039062,424.2673645019531,1099.158447265625,635.5106811523438
219,0,0.9019842743873596,353.7497253417969,395.28802490234375,522.4569702148438,817.04296875
219,0,0.925046980381012,508.7602233886719,325.6686706542969,699.7387084960938,809.1638793945312
219,0,0.65671306848526,1789.4376220703125,398.7593994140625,1841.3594970703125,477.526123046875
219,0,0.7325869798660278,749.6490478515625,397.74658203125,823.5542602539062,668.6769409179688
220,0,0.902138888835907,802.8812255859375,297.9158020019531,1003.0513305664062,896.595703125
220,0,0.9348903298377991,1148.3675537109375,314.951171875,1341.5772705078125,865.7922973632812
220,0,0.7209278345108032,1025.8240966796875,423.96307373046875,1103.452392578125,636.8267822265625
220,0,0.8981084823608398,351.0009765625,391.1114196777344,525.229248046875,818.8411254882812
220,0,0.9167927503585815,510.74407958984375,323.6234130859375,699.5072631835938,810.8893432617188
220,0,0.5380368828773499,1800.6307373046875,400.9605712890625,1849.1396484375,480.332763671875
220,0,0.7653608918190002,752.7092895507812,396.63128662109375,828.3167724609375,670.224853515625
221,0,0.8907936215400696,810.3261108398438,302.6767578125,1008.5867919921875,900.1080932617188
221,0,0.9417648315429688,1155.2186279296875,317.9567565917969,1346.75341796875,867.7725219726562
221,0,0.7180954217910767,1029.8941650390625,421.66326904296875,1110.481201171875,634.880615234375
221,0,0.8955053687095642,348.74114990234375,387.35919189453125,524.7239990234375,821.6351928710938
221,0,0.9058039784431458,509.3873291015625,317.6725158691406,701.2815551757812,814.7891845703125
221,0,0.6506696343421936,1813.245849609375,404.112060546875,1859.9915771484375,481.0754089355469
221,0,0.8223569393157959,756.6094360351562,396.1554260253906,833.4135131835938,674.3339233398438
222,0,0.8952645063400269,815.1143188476562,301.54083251953125,1011.970947265625,900.263671875
222,0,0.9276887774467468,1162.192626953125,317.3672790527344,1351.7486572265625,867.5641479492188
222,0,0.7123430967330933,1031.0782470703125,418.9792785644531,1112.6761474609375,635.8525390625
222,0,0.9054545164108276,347.2830810546875,383.59716796875,524.5628051757812,823.368896484375
222,0,0.8991684913635254,510.1497497558594,312.5257873535156,700.642333984375,812.37890625
222,0,0.5837673544883728,1819.27685546875,399.8903503417969,1868.477783203125,482.2154846191406
222,0,0.8234455585479736,758.9201049804688,396.4518127441406,839.27099609375,677.3825073242188
223,0,0.8930535912513733,824.554443359375,300.9312438964844,1018.3253173828125,899.276123046875
223,0,0.9013742804527283,1170.64306640625,316.9405517578125,1356.329833984375,869.9885864257812
223,0,0.7423829436302185,1033.0948486328125,417.1283264160156,1116.6239013671875,634.4953002929688
223,0,0.9164836406707764,346.99737548828125,382.4390563964844,523.8497924804688,820.5130004882812
223,0,0.8983644843101501,509.414306640625,307.7725524902344,700.4860229492188,818.1806640625
223,0,0.5542321801185608,1825.7899169921875,398.5971984863281,1876.96875,483.7108154296875
223,0,0.8120366930961609,758.5348510742188,396.3863525390625,846.6484375,679.3958129882812
224,0,0.8915704488754272,833.238037109375,303.16912841796875,1022.772705078125,897.298828125
224,0,0.9126019477844238,1175.6773681640625,315.7154846191406,1361.62109375,866.5087890625
224,0,0.7414816617965698,1039.2525634765625,416.6221618652344,1118.9520263671875,635.4346313476562
224,0,0.9172356724739075,348.14837646484375,379.99310302734375,517.7569580078125,820.810791015625
224,0,0.9046054482460022,507.19268798828125,303.1666259765625,701.161376953125,825.4727783203125
224,0,0.5813453197479248,1835.83056640625,402.6666259765625,1886.479248046875,483.9222412109375
224,0,0.8439978957176208,758.9677734375,394.8846435546875,851.4378051757812,679.8295288085938
225,0,0.8851711750030518,837.9537963867188,305.7635498046875,1028.6229248046875,891.384765625
225,0,0.9070439338684082,1178.195068359375,313.85174560546875,1365.4833984375,872.5654296875
225,0,0.7378289103507996,1037.3837890625,414.0332336425781,1117.272216796875,633.5477905273438
225,0,0.9067949056625366,344.4241027832031,376.1595764160156,507.8112487792969,822.4157104492188
225,0,0.9081755876541138,502.9551696777344,300.1562805175781,701.6383056640625,833.8289184570312
225,0,0.6319704651832581,1837.04345703125,399.4528503417969,1892.8194580078125,485.651611328125
225,0,0.8500889539718628,760.0384521484375,395.2095031738281,852.6924438476562,681.12939453125
226,0,0.8901461362838745,840.2303466796875,303.9690246582031,1033.885498046875,881.9035034179688
226,0,0.9030035138130188,1181.927978515625,313.43609619140625,1367.91748046875,876.062744140625
226,0,0.7672343850135803,1041.0828857421875,410.8697509765625,1126.0572509765625,630.818115234375
226,0,0.8941503167152405,337.6900939941406,373.4574279785156,502.6032409667969,825.187744140625
226,0,0.9059016108512878,493.84625244140625,295.92626953125,699.2015991210938,843.8685913085938
226,0,0.6722244024276733,1842.02978515625,398.56982421875,1898.2681884765625,486.4270324707031
226,0,0.847877562046051,754.2528076171875,396.02557373046875,854.8382568359375,684.0568237304688
227,0,0.8956685066223145,841.9883422851562,300.6284484863281,1037.6431884765625,882.078369140625
227,0,0.9021214246749878,1183.6475830078125,312.6599426269531,1370.7869873046875,879.86474609375
227,0,0.7641748785972595,1043.830322265625,404.5362243652344,1128.697021484375,631.6760864257812
227,0,0.8720895648002625,329.5901184082031,371.4208679199219,495.77642822265625,834.708251953125
227,0,0.911596417427063,479.73388671875,293.2249450683594,699.6282348632812,848.0072631835938
227,0,0.6583789587020874,1845.495849609375,397.3486633300781,1901.4656982421875,487.84515380859375
227,0,0.8563974499702454,751.146728515625,396.51593017578125,856.4097900390625,685.1768188476562
228,0,0.9110649824142456,847.0948486328125,296.9001159667969,1045.21533203125,874.0275268554688
228,0,0.884584367275238,1185.116943359375,315.759033203125,1371.7242431640625,883.5875854492188
228,0,0.7591887712478638,1045.61474609375,406.0798645019531,1128.728271484375,633.617919921875
228,0,0.8685623407363892,321.8097229003906,372.92669677734375,488.2787780761719,844.341796875
228,0,0.9102947115898132,475.34747314453125,290.1238708496094,696.0534057617188,851.0778198242188
228,0,0.631589949131012,1853.1937255859375,401.3625183105469,1907.4957275390625,490.0621643066406
228,0,0.8541679978370667,750.3892822265625,397.0189208984375,856.7622680664062,689.4853515625
229,0,0.9177757501602173,850.3345336914062,297.7756652832031,1048.0228271484375,872.950927734375
229,0,0.8876347541809082,1187.08447265625,319.4384460449219,1372.115966796875,886.0501098632812
229,0,0.7623392343521118,1046.583984375,406.05633544921875,1128.2962646484375,634.4354858398438
229,0,0.8776843547821045,311.8999938964844,373.4248962402344,477.5613708496094,849.3560180664062
229,0,0.8962730169296265,456.2227478027344,293.2729797363281,692.1622924804688,859.9152221679688
229,0,0.7501533627510071,1854.6759033203125,403.0395202636719,1912.118896484375,491.1729431152344
229,0,0.8587681651115417,750.3887939453125,399.20404052734375,858.1113891601562,695.5465698242188
230,0,0.9150779843330383,857.1719970703125,296.97320556640625,1049.1103515625,874.75830078125
230,0,0.8823104500770569,1183.49267578125,319.7913818359375,1372.830810546875,893.053955078125
230,0,0.7698687314987183,1041.3079833984375,405.2335205078125,1129.0062255859375,637.2903442382812
230,0,0.8413770794868469,298.28155517578125,372.9003601074219,473.51922607421875,856.646728515625
230,0,0.884972095489502,442.382080078125,291.0684509277344,685.09326171875,874.1873779296875
230,0,0.7594549059867859,1854.7161865234375,404.4223327636719,1915.358642578125,492.1816101074219
230,0,0.8544424176216125,746.8064575195312,401.123779296875,855.2971801757812,699.2576904296875
231,0,0.9153984785079956,857.6009521484375,295.59075927734375,1049.2344970703125,877.9961547851562
231,0,0.8844919204711914,1179.4443359375,320.1327209472656,1369.62646484375,897.2576293945312
231,0,0.7892544269561768,1039.58837890625,407.57635498046875,1127.241455078125,637.3323974609375
231,0,0.874986469745636,284.04736328125,370.388916015625,460.7190246582031,863.7175903320312
231,0,0.9180880188941956,439.01068115234375,288.51519775390625,677.0411376953125,882.2589111328125
231,0,0.7323328852653503,1854.2891845703125,406.00115966796875,1916.0650634765625,494.58447265625
231,0,0.8651363849639893,745.4501953125,400.49383544921875,850.53271484375,699.4681396484375
231,0,0.8050615191459656,648.10498046875,400.5551452636719,740.92138671875,648.3845825195312
232,0,0.9044596552848816,855.1177978515625,299.5378723144531,1048.6883544921875,882.8428955078125
232,0,0.8788639903068542,1173.34814453125,320.47998046875,1366.0604248046875,899.6064453125
232,0,0.7726424932479858,1035.50341796875,412.9667663574219,1123.64306640625,640.0336303710938
232,0,0.8676332831382751,256.11553955078125,372.9572448730469,448.88287353515625,872.6962280273438
232,0,0.9142354130744934,424.3030090332031,287.4674072265625,668.9411010742188,887.3695678710938
232,0,0.6917368769645691,1853.09521484375,408.93792724609375,1914.8349609375,498.50555419921875
232,0,0.8322798609733582,735.0374755859375,397.3648681640625,845.9948120117188,698.7972412109375
232,0,0.8067200779914856,636.8028564453125,403.1424560546875,733.5525512695312,678.4860229492188
233,0,0.894666314125061,854.0422973632812,305.2936096191406,1043.4422607421875,887.0130004882812
233,0,0.8696258068084717,1167.534912109375,321.0877380371094,1362.6092529296875,899.8477172851562
233,0,0.7146037220954895,1032.54150390625,415.73516845703125,1118.5628662109375,641.3486938476562
233,0,0.8569523692131042,236.35862731933594,372.9931640625,435.19622802734375,888.9194946289062
233,0,0.8908169865608215,405.4093933105469,282.48663330078125,651.4616088867188,889.8822021484375
233,0,0.6832173466682434,1852.4688720703125,413.47125244140625,1913.1453857421875,500.77032470703125
233,0,0.7770288586616516,728.5810546875,393.8638916015625,838.8833618164062,699.9244995117188
233,0,0.7850583791732788,629.1255493164062,405.7995300292969,727.3452758789062,692.343017578125
234,0,0.8814570307731628,855.3873901367188,308.1767272949219,1039.6173095703125,890.2877197265625
234,0,0.8737015724182129,1163.720458984375,320.31756591796875,1360.96533203125,899.6261596679688
234,0,0.709260106086731,1030.9425048828125,417.15289306640625,1112.8497314453125,645.6709594726562
234,0,0.885212779045105,223.12115478515625,366.9696960449219,425.0753479003906,895.8062133789062
234,0,0.8998886346817017,396.2854919433594,280.14178466796875,642.6849365234375,893.03369140625
234,0,0.5895982384681702,1851.3922119140625,414.4315185546875,1913.204833984375,500.38800048828125
234,0,0.792069137096405,718.9476318359375,394.5133056640625,834.3823852539062,704.6991577148438
234,0,0.8152207136154175,625.5853881835938,403.4820251464844,722.5859985351562,696.513427734375
235,0,0.8740706443786621,857.1185302734375,310.9269104003906,1038.154541015625,896.212890625
235,0,0.8875736594200134,1158.1866455078125,323.61444091796875,1359.3746337890625,898.5191040039062
235,0,0.663030743598938,1029.8699951171875,423.98291015625,1111.8963623046875,643.4744873046875
235,0,0.8684412837028503,207.91336059570312,364.2380676269531,409.8160095214844,899.5992431640625
235,0,0.899177074432373,383.0899658203125,271.2327575683594,624.801513671875,900.89892578125
235,0,0.6136692762374878,1852.587158203125,414.7641296386719,1914.19775390625,501.85791015625
235,0,0.7872480154037476,724.6853637695312,393.37890625,828.3301391601562,707.1951293945312
235,0,0.7877238392829895,612.3927001953125,403.6847839355469,713.720703125,707.7494506835938
236,0,0.8823903799057007,861.086669921875,315.8152160644531,1034.1630859375,899.72998046875
236,0,0.9123746752738953,1151.3961181640625,321.96807861328125,1359.1021728515625,896.5902709960938
236,0,0.7133782505989075,1029.8748779296875,424.3957214355469,1110.686279296875,646.5358276367188
236,0,0.8461816906929016,201.68199157714844,362.9456787109375,400.2033996582031,903.8984985351562
236,0,0.9046751260757446,370.06988525390625,267.7618408203125,616.1627197265625,902.4647827148438
236,0,0.7147035002708435,1852.2379150390625,416.0751037597656,1914.0345458984375,503.90576171875
236,0,0.7833390831947327,718.8934326171875,393.5902099609375,826.4609985351562,709.5303344726562
236,0,0.7924919128417969,605.810791015625,404.61431884765625,707.7579345703125,712.0405883789062
237,0,0.8465352058410645,861.3590087890625,320.55059814453125,1027.62890625,904.6253051757812
237,0,0.9196478128433228,1148.111083984375,324.32232666015625,1357.96728515625,893.3168334960938
237,0,0.6752958297729492,1028.5035400390625,425.533935546875,1108.6923828125,650.005859375
237,0,0.8381975293159485,187.0424041748047,349.6999816894531,385.8535461425781,910.62744140625
237,0,0.8985354900360107,357.03717041015625,263.8974914550781,606.82373046875,914.8279418945312
237,0,0.7305555939674377,1849.3948974609375,416.1620788574219,1914.3046875,505.744384765625
237,0,0.8227044343948364,715.1228637695312,392.1358947753906,823.80126953125,708.8369750976562
237,0,0.819463312625885,599.3670043945312,406.7461853027344,701.7584838867188,711.694091796875
238,0,0.8667499423027039,858.3243408203125,319.5000305175781,1024.503173828125,908.3054809570312
238,0,0.9216299057006836,1145.24267578125,326.4438171386719,1356.8834228515625,890.6754760742188
238,0,0.747526228427887,1025.8404541015625,432.51373291015625,1105.6827392578125,652.8721313476562
238,0,0.8789598941802979,177.38345336914062,348.9576110839844,372.11553955078125,914.9337158203125
238,0,0.863991379737854,330.5238342285156,256.7401428222656,596.1478271484375,918.5951538085938
238,0,0.7357009053230286,1847.5732421875,417.8653259277344,1913.6517333984375,508.0505065917969
238,0,0.8395326733589172,703.4933471679688,389.8013916015625,818.1198120117188,714.31005859375
238,0,0.8447277545928955,590.10302734375,406.9164123535156,697.346435546875,716.052490234375
239,0,0.8747697472572327,851.4089965820312,324.1682434082031,1018.2435913085938,914.2753295898438
239,0,0.9202198386192322,1138.585693359375,329.3485107421875,1350.5001220703125,888.396484375
239,0,0.7114784717559814,1020.008056640625,433.3897705078125,1102.9267578125,656.8720703125
239,0,0.8741727471351624,152.29393005371094,346.6832275390625,355.8409118652344,920.085693359375
239,0,0.8955925703048706,318.7494812011719,253.74481201171875,590.2758178710938,922.07275390625
239,0,0.6222707033157349,1843.6982421875,418.4573669433594,1910.1138916015625,512.1029052734375
239,0,0.8390176892280579,700.53125,387.5129699707031,814.9957885742188,720.630859375
239,0,0.8333250284194946,583.8724365234375,407.6720886230469,688.2996215820312,723.998046875
240,0,0.8676278591156006,843.1942138671875,325.6676940917969,1011.2376098632812,913.9826049804688
240,0,0.9171968102455139,1133.1024169921875,331.0934143066406,1346.9134521484375,893.0224609375
240,0,0.6837306618690491,1013.3561401367188,435.1551208496094,1098.747314453125,656.0263061523438
240,0,0.8786540031433105,132.5118865966797,342.3953552246094,346.5619201660156,921.7237548828125
240,0,0.8974951505661011,302.28033447265625,250.4377899169922,580.99365234375,934.0394897460938
240,0,0.5123405456542969,1842.34765625,424.6105651855469,1908.5211181640625,515.2755126953125
240,0,0.8457497954368591,698.8845825195312,390.6379089355469,808.388671875,726.795166015625
240,0,0.8321713805198669,577.331787109375,407.6666259765625,679.9866943359375,726.2946166992188
241,0,0.8546835780143738,834.126220703125,325.2511291503906,1007.5104370117188,912.8764038085938
241,0,0.9116379618644714,1124.354248046875,331.7271728515625,1341.9051513671875,897.1395263671875
241,0,0.628574788570404,1008.978759765625,433.64337158203125,1092.2017822265625,658.2147216796875
241,0,0.8769699931144714,97.33487701416016,342.040283203125,331.2298583984375,928.5218505859375
241,0,0.8972277045249939,278.2833251953125,246.7840576171875,577.4688720703125,943.890869140625
241,0,0.5297277569770813,1837.7283935546875,425.59454345703125,1905.4727783203125,517.285888671875
241,0,0.8603483438491821,687.471435546875,389.7166442871094,801.2354125976562,730.7915649414062
241,0,0.8140274286270142,570.4078369140625,404.8282165527344,676.4771728515625,731.6322631835938
242,0,0.8498421907424927,827.4697875976562,321.99237060546875,1004.091552734375,913.0403442382812
242,0,0.9054966568946838,1123.93701171875,327.1003723144531,1339.4326171875,898.837646484375
242,0,0.6314857006072998,1007.0466918945312,436.5137023925781,1087.71826171875,666.2689819335938
242,0,0.8633432984352112,85.31648254394531,335.8791809082031,308.80609130859375,935.51171875
242,0,0.8809260725975037,246.36399841308594,244.7759552001953,563.221923828125,963.8489990234375
242,0,0.6800190806388855,1830.2393798828125,423.7705383300781,1899.5484619140625,516.194580078125
242,0,0.846075713634491,684.005615234375,390.03326416015625,795.5819702148438,735.4730224609375
242,0,0.8651272058486938,547.9364624023438,402.73309326171875,665.5739135742188,732.6873779296875
243,0,0.8607678413391113,814.358154296875,320.4028625488281,997.861572265625,909.623291015625
243,0,0.8975591063499451,1119.4512939453125,329.57977294921875,1335.3856201171875,899.333251953125
243,0,0.6685469746589661,1004.5050659179688,432.797607421875,1082.069580078125,660.1771240234375
243,0,0.8603845834732056,58.208011627197266,338.58746337890625,290.40887451171875,953.3004150390625
243,0,0.8924875855445862,235.1796875,241.37899780273438,546.0209350585938,990.7100219726562
243,0,0.6881971955299377,1828.3809814453125,425.2930908203125,1894.1114501953125,514.7998657226562
243,0,0.824539840221405,677.2562866210938,394.4854736328125,789.970703125,737.9268798828125
243,0,0.8675314784049988,539.380126953125,400.9411315917969,657.0924072265625,735.2094116210938
244,0,0.8833791613578796,805.332763671875,318.33685302734375,990.576416015625,902.5942993164062
244,0,0.8888174891471863,1115.6484375,333.35693359375,1328.726318359375,905.57861328125
244,0,0.6438201069831848,997.3226318359375,427.55487060546875,1078.25732421875,655.4037475585938
244,0,0.8653303980827332,25.656776428222656,336.7275085449219,273.2724914550781,969.0244140625
244,0,0.9013608694076538,201.03829956054688,239.73635864257812,534.3370361328125,985.701416015625
244,0,0.6796168088912964,1827.9163818359375,425.76898193359375,1892.287841796875,514.435302734375
244,0,0.8622827529907227,669.0238647460938,395.4913330078125,783.5162963867188,741.7124633789062
244,0,0.8498388528823853,528.0736083984375,401.080810546875,647.9088745117188,741.2011108398438
245,0,0.8811801671981812,798.9423828125,318.2818908691406,986.7440185546875,896.2872314453125
245,0,0.8820849061012268,1108.4979248046875,334.1908874511719,1323.5634765625,909.5789184570312
245,0,0.6631280183792114,997.0361938476562,419.6105651855469,1074.1065673828125,653.7765502929688
245,0,0.8971970081329346,16.83274269104004,339.6228942871094,258.8597717285156,976.2364501953125
245,0,0.8832200765609741,187.1241455078125,234.3802490234375,527.2510986328125,1027.0107421875
245,0,0.523700475692749,1821.75830078125,423.53668212890625,1888.1817626953125,514.1573486328125
245,0,0.8674834370613098,659.5474853515625,393.552001953125,777.1358032226562,748.1015014648438
245,0,0.8706444501876831,519.0065307617188,396.977783203125,646.9188232421875,749.9174194335938
246,0,0.8749555349349976,786.3961181640625,318.1065673828125,985.4324951171875,893.5728149414062
246,0,0.8841231465339661,1105.1455078125,336.9241638183594,1321.621337890625,910.4984130859375
246,0,0.6664789319038391,993.4440307617188,425.3769836425781,1070.98291015625,651.991455078125
246,0,0.9005880951881409,1.9724336862564087,334.2906188964844,246.9615478515625,992.6593017578125
246,0,0.8748865127563477,160.14463806152344,230.88938903808594,512.9674072265625,1046.069580078125
246,0,0.4831891357898712,1817.0181884765625,425.92498779296875,1883.9002685546875,516.1510620117188
246,0,0.8565319776535034,647.8798828125,394.06549072265625,774.0875854492188,751.8392944335938
246,0,0.8949930667877197,509.67022705078125,397.6527099609375,635.8460693359375,756.3567504882812
247,0,0.9023311138153076,782.0336303710938,317.2269287109375,977.2277221679688,897.7719116210938
247,0,0.8908656239509583,1100.6109619140625,335.2618408203125,1318.7733154296875,915.4583740234375
247,0,0.6147046089172363,988.7648315429688,424.232177734375,1065.3707275390625,654.8421020507812
247,0,0.8882704973220825,0.0,334.82391357421875,219.80130004882812,1011.5984497070312
247,0,0.8602938055992126,136.30279541015625,231.60794067382812,499.0546875,1041.5050048828125
247,0,0.5039267539978027,1809.497314453125,426.85455322265625,1878.048583984375,518.2379760742188
247,0,0.8615335822105408,641.8602905273438,397.5309753417969,764.183349609375,757.7647705078125
247,0,0.8651818633079529,502.41583251953125,400.51007080078125,626.4735107421875,774.1105346679688
248,0,0.8998844027519226,775.5523071289062,319.4631042480469,971.6450805664062,900.4563598632812
248,0,0.8936567902565002,1098.6727294921875,333.6003723144531,1319.410888671875,927.9292602539062
248,0,0.5506512522697449,985.4635009765625,433.22906494140625,1063.9593505859375,671.056640625
248,0,0.877700924873352,0.0,342.65020751953125,200.13446044921875,1041.2928466796875
248,0,0.8672208189964294,113.0232925415039,224.75729370117188,481.9308166503906,1069.6805419921875
248,0,0.6421921253204346,1806.2431640625,427.5042724609375,1876.500732421875,520.74560546875
248,0,0.8510520458221436,635.7792358398438,398.9098815917969,760.9638671875,764.5137939453125
248,0,0.8663958311080933,495.8044128417969,404.1689758300781,619.0501098632812,781.215576171875
249,0,0.902552604675293,772.6229858398438,321.75848388671875,971.76025390625,903.0752563476562
249,0,0.8995980620384216,1100.0540771484375,336.7091064453125,1319.5701904296875,930.599609375
249,0,0.8619338274002075,0.0,338.2130432128906,189.25978088378906,1064.371337890625
249,0,0.8603286743164062,106.64031219482422,219.5916748046875,466.4468078613281,1073.99462890625
249,0,0.505106508731842,1808.7972412109375,427.1241760253906,1876.55810546875,520.343505859375
249,0,0.8533128499984741,628.9428100585938,399.92169189453125,759.3138427734375,769.5985107421875
249,0,0.8586407899856567,491.7381286621094,407.9537353515625,614.7022705078125,787.9652709960938
250,0,0.9102483987808228,771.5952758789062,328.4841613769531,966.5804443359375,909.5548095703125
250,0,0.9029282331466675,1102.2705078125,340.6057434082031,1319.5234375,932.8209838867188
250,0,0.8660279512405396,0.0,341.6609191894531,175.0052947998047,1074.901123046875
250,0,0.8726051449775696,88.04617309570312,217.12411499023438,449.6636962890625,1076.782958984375
250,0,0.6231012940406799,1806.5640869140625,428.23486328125,1879.6947021484375,521.0501708984375
250,0,0.8522798418998718,625.5059814453125,399.8628234863281,757.3746948242188,773.7849731445312
250,0,0.8536986112594604,482.91552734375,413.99798583984375,608.43017578125,796.8184814453125
251,0,0.8979960083961487,772.2396240234375,338.72149658203125,962.4093627929688,912.7225341796875
251,0,0.9121662974357605,1104.202392578125,343.82293701171875,1320.1405029296875,935.016845703125
251,0,0.8498961329460144,0.0,340.8186340332031,158.69830322265625,1074.0155029296875
251,0,0.8961927890777588,72.14410400390625,212.70819091796875,436.27532958984375,1072.338623046875
251,0,0.48902103304862976,1805.26806640625,429.3445739746094,1881.9208984375,520.9818725585938
251,0,0.8537872433662415,617.8853759765625,398.3883972167969,755.133544921875,776.3160400390625
251,0,0.8637247681617737,479.8650817871094,416.818359375,606.60595703125,801.13671875
252,0,0.8891108632087708,774.5984497070312,340.7470703125,962.9458618164062,918.1226196289062
252,0,0.8979833722114563,1108.130126953125,343.16778564453125,1321.2864990234375,936.1399536132812
252,0,0.8511773943901062,0.0,336.2309875488281,139.35592651367188,1075.8990478515625
252,0,0.9019898176193237,68.97982788085938,201.14654541015625,419.39862060546875,1076.183837890625
252,0,0.42845502495765686,1812.122314453125,427.2461242675781,1888.812744140625,517.0071411132812
252,0,0.8809906244277954,605.6105346679688,400.3203430175781,754.4212646484375,779.43896484375
252,0,0.8597370982170105,473.0283203125,415.8443298339844,605.1049194335938,804.4779052734375
253,0,0.9014402031898499,775.6290893554688,343.0170593261719,967.458984375,925.240234375
253,0,0.8955448269844055,1114.372314453125,342.578857421875,1323.5648193359375,937.732177734375
253,0,0.8027035593986511,0.0,339.255859375,124.132080078125,1075.8043212890625
253,0,0.8989423513412476,50.28451919555664,196.83895874023438,407.1353759765625,1076.1612548828125
253,0,0.4749739468097687,1820.4185791015625,428.5367736816406,1893.3775634765625,514.1790161132812
253,0,0.8907927870750427,602.6277465820312,399.81573486328125,754.916259765625,779.1033325195312
253,0,0.873848557472229,467.8569030761719,416.51129150390625,605.4735717773438,811.9974975585938
253,0,0.6315293908119202,988.0414428710938,472.9324951171875,1056.5244140625,748.8867797851562
254,0,0.8799501657485962,779.3687133789062,345.4049377441406,972.1262817382812,927.029052734375
254,0,0.8913417458534241,1118.5078125,340.7113342285156,1328.5042724609375,933.8934936523438
254,0,0.6975932121276855,0.0,332.534423828125,110.98479461669922,1073.204833984375
254,0,0.8927274346351624,37.6009521484375,193.56674194335938,401.8066711425781,1071.130859375
254,0,0.5759340524673462,1826.268798828125,426.6075744628906,1894.160400390625,513.4083251953125
254,0,0.8892423510551453,606.1763305664062,397.98419189453125,754.3541259765625,781.412109375
254,0,0.8731396794319153,466.2624206542969,416.76849365234375,606.25927734375,816.6952514648438
254,0,0.5034133791923523,982.78857421875,428.911865234375,1061.9033203125,757.4055786132812
255,0,0.8781425952911377,786.1661987304688,345.3779602050781,975.8753662109375,930.9724731445312
255,0,0.8887351751327515,1122.0711669921875,342.7504577636719,1336.272705078125,927.3238525390625
255,0,0.6319328546524048,0.0,331.39398193359375,97.8847427368164,1075.6138916015625
255,0,0.8957927227020264,18.728904724121094,187.30642700195312,393.90386962890625,1072.9205322265625
255,0,0.7204009890556335,1830.9942626953125,424.6701965332031,1900.709716796875,517.39453125
255,0,0.895969033241272,605.8145141601562,399.745361328125,753.6376342773438,790.4573364257812
255,0,0.8794872164726257,465.27410888671875,417.0835876464844,606.6094970703125,823.4591674804688
255,0,0.46789228916168213,973.6945190429688,418.5998229980469,1072.7347412109375,765.0757446289062
256,0,0.8864237070083618,792.1766357421875,348.09326171875,982.732177734375,928.4365844726562
256,0,0.8981809020042419,1126.4954833984375,343.20806884765625,1342.1981201171875,927.6434936523438
256,0,0.4380556643009186,0.0,334.2881164550781,85.09716033935547,1071.98583984375
256,0,0.9144384264945984,1.1173394918441772,180.4779815673828,385.075439453125,1071.388916015625
256,0,0.6228561401367188,1836.0306396484375,424.28167724609375,1905.2738037109375,518.3173217773438
256,0,0.9036242961883545,604.5368041992188,401.2159729003906,754.04541015625,798.940185546875
256,0,0.8856085538864136,464.0046691894531,415.7591247558594,608.0897827148438,829.0126953125
256,0,0.450064092874527,956.8255615234375,398.7159729003906,1068.4229736328125,773.039794921875
257,0,0.8790060877799988,792.9548950195312,346.876220703125,988.6738891601562,932.9873046875
257,0,0.9035746455192566,1132.25244140625,341.89337158203125,1344.3875732421875,931.4092407226562
257,0,0.41491249203681946,0.0,389.7369689941406,71.61196899414062,1066.487060546875
257,0,0.9185440540313721,0.0,170.17771911621094,378.0194091796875,1069.469970703125
257,0,0.5260934829711914,1843.7664794921875,423.49365234375,1913.230712890625,516.49609375
257,0,0.9116435050964355,598.94482421875,401.11358642578125,753.8209838867188,805.1267700195312
257,0,0.8887671232223511,461.5010070800781,414.7000732421875,606.968505859375,828.4229736328125
257,0,0.35463035106658936,956.9993286132812,406.8556823730469,1052.0535888671875,775.6842041015625
258,0,0.8789042830467224,801.521240234375,346.08441162109375,991.0838623046875,932.3663940429688
258,0,0.9074031114578247,1140.3873291015625,341.8245544433594,1345.6556396484375,926.871337890625
258,0,0.9424784779548645,0.0,165.92640686035156,373.05291748046875,1070.3570556640625
258,0,0.5379664897918701,1856.3551025390625,425.14434814453125,1918.3421630859375,516.010986328125
258,0,0.9051706194877625,595.93603515625,406.5553894042969,753.937255859375,804.59228515625
258,0,0.8914671540260315,456.3772888183594,411.8742370605469,603.6925048828125,828.3421630859375
258,0,0.3643559217453003,962.5324096679688,418.39910888671875,1048.9630126953125,778.0455932617188
259,0,0.8763220906257629,806.3086547851562,344.8591613769531,992.5250244140625,923.0838012695312
259,0,0.917938768863678,1146.0928955078125,343.5068054199219,1349.3970947265625,930.0362548828125
259,0,0.9355880618095398,0.0,159.79339599609375,366.2187805175781,1071.933837890625
259,0,0.4486003816127777,1855.355712890625,424.1863708496094,1920.0,518.0222778320312
259,0,0.8878915905952454,592.4121704101562,410.167724609375,754.0516967773438,808.7133178710938
259,0,0.8835198283195496,452.2466735839844,411.1492919921875,600.521484375,830.8873291015625
259,0,0.3072482943534851,963.9093017578125,410.497314453125,1041.6776123046875,776.0191650390625
260,0,0.8665521740913391,813.5126953125,342.22003173828125,997.1729736328125,915.5939331054688
260,0,0.9134311079978943,1147.8946533203125,341.7743835449219,1350.7391357421875,933.0316162109375
260,0,0.9282007813453674,0.0,152.4766082763672,360.59368896484375,1072.2113037109375
260,0,0.3063112795352936,1856.3170166015625,423.1731262207031,1920.0,520.5609741210938
260,0,0.8763360977172852,591.2406005859375,411.76910400390625,753.6417846679688,816.8062744140625
260,0,0.8745242357254028,448.1977233886719,406.652587890625,597.7586669921875,830.3912963867188
260,0,0.2703207731246948,966.057373046875,409.3907165527344,1035.1309814453125,775.4398803710938
261,0,0.8701186180114746,819.232421875,341.7582702636719,998.6838989257812,911.837890625
261,0,0.9126330614089966,1149.3402099609375,341.1103210449219,1353.0921630859375,933.6842651367188
261,0,0.9193280339241028,0.0,146.3582000732422,347.9378967285156,1074.4693603515625
261,0,0.31571805477142334,1861.4342041015625,421.8269958496094,1920.0,519.7302856445312
261,0,0.8520345091819763,594.1219482421875,412.304931640625,747.912353515625,821.41015625
261,0,0.8715348243713379,445.7710876464844,402.668701171875,590.7363891601562,837.8246459960938
262,0,0.8579478859901428,825.0441284179688,338.7847595214844,1001.9454956054688,908.553955078125
262,0,0.9100700616836548,1151.18603515625,339.66680908203125,1356.4241943359375,934.9776611328125
262,0,0.9235478043556213,0.0,132.29638671875,338.84783935546875,1075.763427734375
262,0,0.39378222823143005,1866.894775390625,421.736572265625,1919.1378173828125,518.321044921875
262,0,0.8058769702911377,590.6963500976562,406.7978515625,742.1558837890625,817.8652954101562
262,0,0.8710590600967407,438.9288635253906,399.72515869140625,575.8840942382812,843.5883178710938
263,0,0.8483889698982239,829.1409912109375,336.998046875,1002.9996948242188,908.4885864257812
263,0,0.9115396738052368,1153.4051513671875,337.90191650390625,1360.2869873046875,938.0285034179688
263,0,0.9123654365539551,0.0,120.67001342773438,326.372802734375,1062.889892578125
263,0,0.46322867274284363,1868.44775390625,421.58612060546875,1917.967041015625,516.8850708007812
263,0,0.8020060062408447,581.8140258789062,401.2094421386719,739.989501953125,816.1266479492188
263,0,0.875566840171814,425.1002502441406,395.8233947753906,578.5662841796875,848.4142456054688
264,0,0.8451400399208069,833.625732421875,333.66448974609375,1003.4537353515625,906.2042236328125
264,0,0.9093099236488342,1153.8896484375,335.4635009765625,1361.7078857421875,937.8795166015625
264,0,0.8900105953216553,0.0,110.54825592041016,303.6028747558594,1072.47900390625
264,0,0.5513646006584167,1871.0257568359375,420.5128479003906,1918.6456298828125,515.3469848632812
264,0,0.880621075630188,573.3690795898438,396.3332214355469,731.0599365234375,813.2041015625
264,0,0.8720617890357971,415.523681640625,392.6554870605469,575.8556518554688,851.20849609375
264,0,0.8398200273513794,984.4481811523438,416.23675537109375,1115.1162109375,773.12060546875
265,0,0.8519354462623596,835.3214721679688,331.20599365234375,1003.6385498046875,904.0025024414062
265,0,0.9046313166618347,1154.853515625,334.0323181152344,1364.3092041015625,939.2747192382812
265,0,0.8900536894798279,0.0,100.48649597167969,282.0093994140625,1070.1005859375
265,0,0.5604063868522644,1873.5924072265625,419.3739318847656,1919.0147705078125,513.9749755859375
265,0,0.8822507858276367,568.5812377929688,387.45074462890625,729.9522705078125,812.125732421875
265,0,0.8836277723312378,407.1401062011719,393.36431884765625,574.2281494140625,850.57666015625
265,0,0.821761965751648,982.9901123046875,410.09783935546875,1123.1085205078125,773.6852416992188
266,0,0.8477926254272461,838.6663208007812,328.92474365234375,1004.0128784179688,903.5167846679688
266,0,0.8953392505645752,1156.0814208984375,332.83819580078125,1364.754150390625,939.62744140625
266,0,0.8571504354476929,0.0,213.10252380371094,254.0913848876953,1043.35546875
266,0,0.4316904842853546,1879.3939208984375,417.5241394042969,1919.5361328125,514.493408203125
266,0,0.8595395088195801,559.6806030273438,380.0303955078125,723.2257690429688,813.001953125
266,0,0.8778170943260193,405.5867004394531,392.89385986328125,564.2465209960938,853.6924438476562
266,0,0.8095616102218628,983.9708862304688,403.56329345703125,1135.757080078125,772.5675659179688
267,0,0.8444793820381165,842.7119750976562,326.8220520019531,1003.4071655273438,903.0484619140625
267,0,0.8907960653305054,1157.89794921875,331.2035217285156,1366.15478515625,941.8104248046875
267,0,0.8755748867988586,0.0,216.5440673828125,208.62364196777344,1044.11962890625
267,0,0.4727645218372345,1881.8470458984375,414.9271545410156,1919.58251953125,514.3207397460938
267,0,0.84705650806427,561.2571411132812,373.2751159667969,722.2461547851562,810.1552124023438
267,0,0.8937326073646545,401.7090759277344,390.374267578125,558.653076171875,858.202392578125
267,0,0.8124189972877502,998.2210083007812,400.4175720214844,1141.737548828125,767.4579467773438
268,0,0.8401463627815247,839.3048095703125,322.70391845703125,1002.850830078125,902.5183715820312
268,0,0.8928695917129517,1159.1881103515625,324.9101257324219,1365.8599853515625,939.9818725585938
268,0,0.8147717714309692,0.0,204.24258422851562,185.01373291015625,1051.3402099609375
268,0,0.4204075038433075,1881.680908203125,413.02618408203125,1919.2608642578125,513.38720703125
268,0,0.8532808423042297,554.7242431640625,366.0668029785156,718.1998291015625,819.2994384765625
268,0,0.8757195472717285,394.6610107421875,380.4111022949219,551.8470458984375,861.5825805664062
268,0,0.8062217235565186,998.8712768554688,398.1069030761719,1146.172607421875,768.719970703125
269,0,0.838645339012146,839.6798095703125,320.2023010253906,1001.2403564453125,901.9774169921875
269,0,0.8958302140235901,1159.6617431640625,320.1164245605469,1363.0240478515625,934.6107177734375
269,0,0.5540927648544312,0.0,207.41709899902344,162.0504608154297,965.4044189453125
269,0,0.32658976316452026,1882.0374755859375,410.9905700683594,1919.021728515625,512.8128051757812
269,0,0.8720047473907471,549.9551391601562,355.6324157714844,715.5420532226562,814.7310791015625
269,0,0.8648512363433838,384.87738037109375,373.35797119140625,547.5,861.4344482421875
269,0,0.7843337655067444,995.56982421875,395.3182067871094,1150.6600341796875,768.2125854492188
270,0,0.8539462685585022,834.9476318359375,319.82171630859375,999.4253540039062,901.2000122070312
270,0,0.9013710618019104,1157.5001220703125,316.2152404785156,1361.8409423828125,925.5282592773438
270,0,0.601868748664856,0.0,217.05215454101562,141.4080047607422,880.1399536132812
270,0,0.3298501968383789,1886.91064453125,410.0705261230469,1918.6722412109375,509.88134765625
270,0,0.901289701461792,534.9910888671875,347.79833984375,714.4244384765625,818.89794921875
270,0,0.8757137060165405,374.197998046875,367.6217041015625,537.99462890625,861.2521362304688
270,0,0.7790960073471069,1001.6192016601562,396.8204040527344,1150.5167236328125,769.78857421875
270,0,0.7890989780426025,779.0372314453125,431.4941101074219,852.7893676757812,662.0311889648438
271,0,0.8403803110122681,833.3040771484375,319.5701599121094,992.4310913085938,896.17919921875
271,0,0.9006929993629456,1152.517333984375,305.7402648925781,1357.2896728515625,919.4810180664062
271,0,0.2971586287021637,0.0,236.30799865722656,108.64713287353516,813.1553344726562
271,0,0.4100320637226105,1885.3343505859375,407.8053283691406,1918.3363037109375,503.536865234375
271,0,0.919329822063446,529.1512451171875,345.6378479003906,707.9566650390625,821.0985107421875
271,0,0.8802101016044617,357.3904113769531,357.32525634765625,527.939697265625,858.9197998046875
271,0,0.8036910891532898,1001.9423217773438,395.0994567871094,1148.553466796875,769.0369262695312
271,0,0.7885381579399109,774.4854125976562,424.9410400390625,847.2352294921875,657.333984375
272,0,0.8483426570892334,824.4893188476562,315.981689453125,986.3187255859375,890.08740234375
272,0,0.9058906435966492,1149.960693359375,301.02685546875,1353.8970947265625,914.5947265625
272,0,0.4298938512802124,1881.6336669921875,403.32611083984375,1918.1708984375,500.46142578125
272,0,0.9166223406791687,524.7633666992188,338.0140380859375,704.8797607421875,822.8660888671875
272,0,0.896375834941864,344.4775390625,347.4189453125,515.5671997070312,856.1987915039062
272,0,0.7941887378692627,997.1519165039062,395.9244689941406,1145.1922607421875,766.5700073242188
272,0,0.8274384140968323,770.0668334960938,420.13775634765625,841.938232421875,656.0423583984375
273,0,0.8536834716796875,819.6521606445312,310.0450744628906,982.9273071289062,884.7976684570312
273,0,0.9134001135826111,1145.137939453125,296.8466796875,1352.6927490234375,903.5311889648438
273,0,0.4860604405403137,1879.816650390625,400.9936828613281,1918.3428955078125,498.49749755859375
273,0,0.9102034568786621,517.5988159179688,331.84979248046875,702.2478637695312,827.3413696289062
273,0,0.903304934501648,330.50189208984375,335.5411071777344,507.05859375,853.403564453125
273,0,0.8385114669799805,988.0419921875,389.03289794921875,1143.0938720703125,768.0527954101562
273,0,0.7966702580451965,765.0685424804688,417.2115478515625,835.8267822265625,653.5999145507812
274,0,0.8740136027336121,809.7704467773438,304.3043212890625,974.8406372070312,877.8560180664062
274,0,0.9154313206672668,1140.3968505859375,290.7562561035156,1351.381591796875,893.593017578125
274,0,0.624485194683075,1876.7864990234375,397.55279541015625,1918.1610107421875,496.37286376953125
274,0,0.882628858089447,508.0581359863281,324.4367370605469,694.8661499023438,829.599853515625
274,0,0.880530059337616,318.9635009765625,327.484130859375,490.15777587890625,848.7021484375
274,0,0.8285492658615112,981.5167236328125,381.7290344238281,1138.1353759765625,764.5164184570312
274,0,0.7443174123764038,757.4246826171875,406.2804870605469,828.6451416015625,653.589599609375
275,0,0.8773031830787659,798.1311645507812,298.882080078125,967.7506713867188,871.1477661132812
275,0,0.9194276928901672,1135.0302734375,286.6361999511719,1347.632568359375,881.1436157226562
275,0,0.6246455311775208,1873.601318359375,390.36676025390625,1918.2861328125,491.9552917480469
275,0,0.8807976841926575,496.881591796875,317.7744445800781,688.5343017578125,823.9016723632812
275,0,0.8969310522079468,302.7498779296875,321.0407409667969,482.03509521484375,843.5337524414062
275,0,0.8122362494468689,984.602294921875,374.9315490722656,1134.0771484375,762.3593139648438
275,0,0.7353218793869019,755.3499145507812,400.6957092285156,820.89794921875,631.7738647460938
276,0,0.8828133344650269,789.9895629882812,292.09381103515625,959.3313598632812,858.4249877929688
276,0,0.9114764928817749,1129.2379150390625,279.414794921875,1342.2021484375,876.0475463867188
276,0,0.5170604586601257,1868.7281494140625,384.65460205078125,1917.7049560546875,486.2167663574219
276,0,0.8689477443695068,488.0022277832031,313.8224182128906,679.3193969726562,817.9525146484375
276,0,0.9130198359489441,288.01214599609375,310.36956787109375,465.6349792480469,849.9273681640625
276,0,0.7795489430427551,979.3333740234375,365.92138671875,1132.2630615234375,760.3910522460938
276,0,0.6897963881492615,744.554931640625,394.1973571777344,814.4295043945312,630.0348510742188
277,0,0.865667998790741,788.3604736328125,277.2301940917969,954.792236328125,843.5194091796875
277,0,0.9085848927497864,1124.8358154296875,272.8394470214844,1338.7398681640625,870.676025390625
277,0,0.47740960121154785,1862.263427734375,381.2422180175781,1917.9874267578125,481.44671630859375
277,0,0.8850132822990417,479.248046875,308.51055908203125,666.5226440429688,815.7982788085938
277,0,0.8788310885429382,275.4055480957031,300.92919921875,452.868408203125,850.9910278320312
277,0,0.7765467166900635,983.3243408203125,356.45819091796875,1130.761962890625,757.2532348632812
277,0,0.6076070070266724,738.3264770507812,388.2921447753906,805.4606323242188,625.1824951171875
278,0,0.8625949025154114,778.8475341796875,266.1941833496094,951.48876953125,835.6419067382812
278,0,0.9087250232696533,1123.4554443359375,263.6525573730469,1338.4522705078125,865.4102172851562
278,0,0.470314621925354,1859.746337890625,368.0027770996094,1918.787353515625,473.95086669921875
278,0,0.9005425572395325,472.48931884765625,293.73162841796875,659.1976928710938,824.3343505859375
278,0,0.891965389251709,258.2077941894531,289.2720031738281,445.3330993652344,860.2915649414062
278,0,0.7963122725486755,985.3714599609375,346.324951171875,1129.6497802734375,752.423828125
278,0,0.5980334281921387,732.4050903320312,378.14263916015625,799.731201171875,617.921142578125
279,0,0.8590087890625,767.5787963867188,256.2751770019531,951.2847900390625,820.7389526367188
279,0,0.9090587496757507,1120.19091796875,255.19158935546875,1338.15966796875,860.0130004882812
279,0,0.5286162495613098,1860.6881103515625,364.6767578125,1919.414306640625,467.1134033203125
279,0,0.8821611404418945,467.7872619628906,283.26513671875,657.25341796875,821.5294799804688
279,0,0.9046434760093689,246.138427734375,277.65484619140625,438.8043518066406,846.0604858398438
279,0,0.7915381193161011,984.9645385742188,336.37554931640625,1128.294677734375,738.1609497070312
279,0,0.5730857253074646,729.9210815429688,370.52008056640625,797.190185546875,613.4537353515625
280,0,0.8649520874023438,763.9308471679688,249.47218322753906,949.5120239257812,817.0525512695312
280,0,0.901878297328949,1120.1827392578125,246.6634521484375,1338.40625,853.0399780273438
280,0,0.5594368577003479,1863.8934326171875,358.2265930175781,1919.4151611328125,459.4983825683594
280,0,0.9043163061141968,465.03558349609375,269.32861328125,657.7968139648438,809.7313232421875
280,0,0.9118692278862,235.41441345214844,274.6047668457031,431.27362060546875,850.6068725585938
280,0,0.8124436140060425,985.6761474609375,322.89642333984375,1131.450439453125,734.1088256835938
280,0,0.6175748109817505,729.0447998046875,366.2375793457031,793.94384765625,609.3218994140625
281,0,0.8681548833847046,761.5239868164062,240.26727294921875,948.5059814453125,805.6914672851562
281,0,0.896237850189209,1115.7265625,238.16506958007812,1338.2181396484375,846.2518310546875
281,0,0.40126582980155945,1866.5147705078125,352.77142333984375,1919.712646484375,451.8125
281,0,0.8767227530479431,459.7109375,251.8950958251953,658.3704223632812,802.68994140625
281,0,0.9098626375198364,225.5154571533203,256.8914794921875,425.60772705078125,844.2863159179688
281,0,0.8090730905532837,990.631591796875,310.4149475097656,1131.8489990234375,727.3225708007812
281,0,0.6594715714454651,727.5120239257812,354.4598083496094,790.0975952148438,595.7578125
282,0,0.8470783233642578,761.2976684570312,231.82518005371094,951.2861938476562,800.8013305664062
282,0,0.8987181186676025,1116.7001953125,230.18914794921875,1339.7010498046875,839.3460693359375
282,0,0.5776308178901672,1869.609130859375,340.8885192871094,1920.0,446.09674072265625
282,0,0.885807991027832,447.21136474609375,231.6575164794922,655.7103271484375,805.559814453125
282,0,0.8885380625724792,214.52392578125,239.60601806640625,422.4343566894531,846.3201293945312
282,0,0.8377844095230103,982.736328125,301.88873291015625,1134.0712890625,723.6390380859375
282,0,0.670499324798584,727.3641357421875,349.3807678222656,790.6686401367188,601.4261474609375
283,0,0.8572482466697693,761.0916137695312,220.95423889160156,951.9683837890625,792.6983032226562
283,0,0.9094458818435669,1122.621826171875,223.18048095703125,1342.357666015625,836.273681640625
283,0,0.35008934140205383,1873.556884765625,321.1123962402344,1920.0,440.9232177734375
283,0,0.904752254486084,440.595947265625,218.24200439453125,657.3016357421875,797.7918090820312
283,0,0.9032415151596069,204.2227783203125,226.59405517578125,418.93035888671875,846.3849487304688
283,0,0.8234906792640686,971.65966796875,291.3534240722656,1139.824462890625,722.0423583984375
283,0,0.6703124642372131,724.932861328125,342.2063293457031,792.8641967773438,594.4058837890625
284,0,0.8717900514602661,759.4998168945312,214.6584930419922,952.2692260742188,789.8453369140625
284,0,0.9182848930358887,1123.11181640625,214.0021514892578,1345.85888671875,831.1061401367188
284,0,0.3357863128185272,1875.018310546875,309.0121765136719,1920.0,431.60223388671875
284,0,0.904367983341217,435.54779052734375,206.30172729492188,655.2776489257812,794.5690307617188
284,0,0.8926976323127747,196.00839233398438,214.07298278808594,412.5992431640625,811.1445922851562
284,0,0.8123316764831543,989.0324096679688,283.1519470214844,1144.9447021484375,723.4070434570312
284,0,0.6578252911567688,725.137939453125,331.9499206542969,794.50244140625,583.42041015625
285,0,0.8619646430015564,764.60009765625,213.60330200195312,955.5693359375,785.5428466796875
285,0,0.9142242074012756,1130.1185302734375,202.8597869873047,1348.946533203125,827.0018310546875
285,0,0.9073578119277954,431.96820068359375,192.489013671875,656.7777709960938,790.4047241210938
285,0,0.8963402509689331,182.44683837890625,201.42750549316406,407.4249572753906,815.4630737304688
285,0,0.8246804475784302,982.1406860351562,273.61944580078125,1154.1240234375,719.7289428710938
285,0,0.7221887111663818,725.0698852539062,324.0274963378906,792.6729125976562,578.2306518554688
286,0,0.8711031079292297,771.2119140625,207.6114501953125,957.7902221679688,778.3124389648438
286,0,0.9136478900909424,1132.9063720703125,198.0046844482422,1358.8050537109375,819.8229370117188
286,0,0.9177841544151306,430.5333251953125,178.3746337890625,655.2147827148438,786.4876098632812
286,0,0.9022634625434875,173.25856018066406,186.7121124267578,398.3113098144531,839.641357421875
286,0,0.8512858152389526,987.2762451171875,265.750732421875,1159.9412841796875,714.393798828125
286,0,0.7636132836341858,725.7779541015625,317.7899169921875,793.8665771484375,572.350341796875
287,0,0.8912774324417114,778.2438354492188,200.1368408203125,960.5468139648438,773.1124267578125
287,0,0.8997663259506226,1141.8856201171875,189.3029327392578,1366.2520751953125,813.6531372070312
287,0,0.9142627120018005,425.0133972167969,168.7506103515625,656.9620361328125,787.468017578125
287,0,0.8978062868118286,163.1774139404297,172.98553466796875,394.42913818359375,837.5531616210938
287,0,0.8571428656578064,975.8773193359375,255.47132873535156,1164.8397216796875,709.12744140625
287,0,0.7551217675209045,725.6624755859375,307.2645568847656,800.0751953125,565.85498046875
288,0,0.8828065395355225,784.8974609375,193.94102478027344,966.7988891601562,759.1766357421875
288,0,0.8990713357925415,1146.611328125,184.46109008789062,1377.4478759765625,810.7509765625
288,0,0.9171266555786133,422.0226745605469,160.5928497314453,657.1607666015625,797.9453735351562
288,0,0.9076215028762817,154.14659118652344,164.03659057617188,383.7026672363281,837.4406127929688
288,0,0.7933193445205688,995.267333984375,254.71392822265625,1170.1402587890625,710.2210693359375
288,0,0.7301103472709656,727.9724731445312,300.3330383300781,803.6015625,561.1077880859375
289,0,0.8918982148170471,787.7191162109375,190.95851135253906,975.0531616210938,751.81103515625
289,0,0.9063929915428162,1162.72607421875,179.8900146484375,1387.5501708984375,805.98876953125
289,0,0.9074528813362122,415.414306640625,157.28720092773438,658.355224609375,807.447265625
289,0,0.9027683138847351,146.736083984375,157.65997314453125,378.3392639160156,838.4013061523438
289,0,0.8061158657073975,1011.789306640625,249.00148010253906,1178.7486572265625,722.3554077148438
289,0,0.6822846531867981,730.5103149414062,297.2324523925781,809.6337890625,559.7982788085938
290,0,0.8863036632537842,795.4488525390625,184.93389892578125,981.019775390625,749.487548828125
290,0,0.9029566645622253,1172.44921875,172.610107421875,1393.203369140625,800.48974609375
290,0,0.897657573223114,406.23260498046875,150.34388732910156,658.3048706054688,817.6489868164062
290,0,0.908521294593811,136.0745391845703,146.15667724609375,373.1861267089844,840.3233032226562
290,0,0.8196447491645813,1023.4361572265625,240.31195068359375,1190.0902099609375,727.2632446289062
290,0,0.75841224193573,736.9620971679688,286.3114929199219,815.9174194335938,557.5601806640625
291,0,0.8856047987937927,799.0731201171875,180.59173583984375,984.154541015625,737.26708984375
291,0,0.8872827291488647,1184.6497802734375,170.21937561035156,1396.4569091796875,794.0589599609375
291,0,0.8824799060821533,396.9313659667969,151.55104064941406,664.5276489257812,823.1459350585938
291,0,0.9066534638404846,129.2076873779297,139.4627685546875,362.72918701171875,850.8971557617188
291,0,0.8292465209960938,1033.239501953125,231.61993408203125,1201.1717529296875,730.316162109375
291,0,0.7782360315322876,739.7413330078125,283.2212219238281,821.3580932617188,557.6787719726562
292,0,0.8706486225128174,810.4669189453125,176.61695861816406,989.6828002929688,729.1837768554688
292,0,0.9116707444190979,1192.1688232421875,168.99240112304688,1405.14892578125,785.8958740234375
292,0,0.8914563655853271,394.6170349121094,144.64431762695312,662.7399291992188,843.7011108398438
292,0,0.8936368227005005,113.09175872802734,132.55723571777344,355.0552673339844,867.8950805664062
292,0,0.8592241406440735,1036.8389892578125,229.1811065673828,1213.951171875,733.0819702148438
292,0,0.8486899733543396,743.2832641601562,277.3283386230469,829.1347045898438,552.9231567382812
293,0,0.8707489371299744,826.5433959960938,173.86196899414062,996.675048828125,728.89794921875
293,0,0.9012174606323242,1209.2452392578125,167.5670166015625,1414.138671875,785.2972412109375
293,0,0.8869232535362244,396.4530334472656,143.96151733398438,660.7822265625,851.785888671875
293,0,0.8937312364578247,80.66622161865234,130.49717712402344,350.3155517578125,891.9125366210938
293,0,0.9103320837020874,1044.019287109375,225.78872680664062,1224.685302734375,728.2122192382812
293,0,0.8765548467636108,749.5296630859375,276.97479248046875,837.5474243164062,553.2584228515625
294,0,0.9041297435760498,828.1522827148438,178.0438690185547,1001.1470336914062,731.9266357421875
294,0,0.9151495099067688,1224.044189453125,168.92861938476562,1421.5255126953125,788.4296264648438
294,0,0.8970661163330078,393.4463806152344,143.39659118652344,660.9109497070312,871.8739013671875
294,0,0.8955370783805847,57.128623962402344,128.3626708984375,346.1531677246094,902.1600952148438
294,0,0.9071253538131714,1052.0235595703125,220.82498168945312,1235.3203125,734.6586303710938
294,0,0.8302819728851318,754.4090576171875,277.82806396484375,843.9808349609375,555.5734252929688
295,0,0.8851714730262756,836.8403930664062,178.38522338867188,1008.0511474609375,737.059814453125
295,0,0.9079695343971252,1239.341552734375,169.64080810546875,1430.379150390625,789.6069946289062
295,0,0.9011733531951904,384.49371337890625,141.22897338867188,661.3756103515625,883.143310546875
295,0,0.879520058631897,37.03782653808594,128.494873046875,338.1335754394531,917.8734130859375
295,0,0.9011738300323486,1058.5614013671875,215.58474731445312,1246.0419921875,740.7684936523438
295,0,0.8132367134094238,761.3443603515625,277.2908020019531,850.8367919921875,555.2739868164062
296,0,0.8719521760940552,848.6168212890625,178.97413635253906,1013.9906616210938,736.2605590820312
296,0,0.9001684784889221,1248.3282470703125,172.0814208984375,1439.888671875,789.6304931640625
296,0,0.8952987194061279,377.10723876953125,131.1126251220703,657.9111328125,890.5794067382812
296,0,0.8959633111953735,24.333332061767578,126.52102661132812,331.32208251953125,927.9261474609375
296,0,0.8770697116851807,1063.7723388671875,211.7336883544922,1259.9193115234375,747.9140625
296,0,0.7576439380645752,764.1619873046875,277.3592224121094,858.34521484375,555.0001220703125
297,0,0.8443684577941895,857.4049682617188,178.73316955566406,1022.2172241210938,742.32861328125
297,0,0.881568193435669,1262.6900634765625,168.04006958007812,1447.807861328125,802.430419921875
297,0,0.8939212560653687,370.6896667480469,113.6477279663086,652.8540649414062,895.5310668945312
297,0,0.8813450932502747,25.09221649169922,121.85020446777344,325.3197937011719,942.254150390625
297,0,0.8649677038192749,1073.1297607421875,208.2151641845703,1273.4901123046875,756.3572998046875
297,0,0.7685772776603699,770.10498046875,276.54022216796875,864.3392333984375,558.3189086914062
297,0,0.7710742950439453,987.6057739257812,212.16978454589844,1092.8626708984375,632.7462158203125
298,0,0.8694554567337036,866.346923828125,180.9849090576172,1024.1640625,740.8453369140625
298,0,0.8758631348609924,1269.5460205078125,168.98468017578125,1457.0506591796875,809.2647094726562
298,0,0.9014327526092529,365.1977233886719,105.25291442871094,647.7572021484375,901.9334106445312
298,0,0.8979783058166504,19.12613296508789,113.53986358642578,320.6864013671875,968.2017822265625
298,0,0.8748730421066284,1079.7535400390625,199.69837951660156,1283.326171875,758.628173828125
298,0,0.7673017978668213,773.2821044921875,276.57666015625,870.1998901367188,560.9680786132812
298,0,0.7771395444869995,988.0340576171875,215.44639587402344,1094.87646484375,639.9779663085938
299,0,0.8693912029266357,870.1477661132812,183.7966766357422,1025.4814453125,735.7940673828125
299,0,0.8567345142364502,1253.478759765625,169.02783203125,1463.8201904296875,811.0294189453125
299,0,0.8796244263648987,350.826904296875,95.0186996459961,648.7872924804688,903.5398559570312
299,0,0.9079025983810425,2.524855375289917,102.1097412109375,315.3562316894531,980.292236328125
299,0,0.8707170486450195,1088.39599609375,203.1452178955078,1293.6195068359375,765.8336181640625
299,0,0.7673857808113098,776.6580810546875,277.5633544921875,876.7627563476562,561.3720703125
299,0,0.7711047530174255,993.0402221679688,210.8627471923828,1090.42138671875,632.30126953125
300,0,0.8686590790748596,874.1725463867188,186.5065460205078,1026.28662109375,741.0679321289062
300,0,0.8619555234909058,1253.6912841796875,167.8167724609375,1468.2208251953125,817.2198486328125
300,0,0.8992420434951782,338.7460021972656,83.71309661865234,646.1737060546875,909.6309204101562
300,0,0.8939260244369507,0.0,95.44593811035156,308.32696533203125,988.6521606445312
300,0,0.8541943430900574,1089.4591064453125,197.492919921875,1301.3203125,783.5592041015625
300,0,0.7657834887504578,780.552490234375,278.06005859375,879.330322265625,559.87890625
300,0,0.7597755193710327,998.1220092773438,206.47378540039062,1094.161376953125,629.0577392578125
301,0,0.8597275018692017,876.4352416992188,187.81825256347656,1025.64111328125,736.583740234375
301,0,0.8654398322105408,1257.0579833984375,167.7712860107422,1470.75830078125,819.666015625
301,0,0.9030397534370422,326.1111755371094,66.72490692138672,639.89208984375,916.0880737304688
301,0,0.910235583782196,0.0,75.50878143310547,293.0027160644531,1000.3682861328125
301,0,0.855695903301239,1092.5975341796875,199.02650451660156,1302.5689697265625,791.9888305664062
301,0,0.7927588820457458,780.948486328125,278.44122314453125,882.6928100585938,561.4944458007812
301,0,0.7742167711257935,1002.1221923828125,207.74810791015625,1101.3978271484375,630.8862915039062
302,0,0.8767658472061157,878.487060546875,187.30953979492188,1025.001708984375,737.2011108398438
302,0,0.8755294680595398,1257.7847900390625,169.8005828857422,1471.303466796875,823.0828857421875
302,0,0.9218184947967529,313.2909851074219,54.454898834228516,635.608642578125,922.02490234375
302,0,0.9239242076873779,0.0,59.034786224365234,272.56719970703125,1000.5115966796875
302,0,0.856506884098053,1103.5184326171875,199.52378845214844,1304.42041015625,801.6146240234375
302,0,0.8106167316436768,783.171630859375,278.9004211425781,883.5098876953125,562.5553588867188
302,0,0.7816829085350037,1004.5936279296875,210.82418823242188,1107.4725341796875,631.5955200195312
303,0,0.8810182213783264,874.56298828125,187.8068084716797,1024.7940673828125,738.3584594726562
303,0,0.8754955530166626,1266.8985595703125,167.67306518554688,1471.5003662109375,828.5109252929688
303,0,0.922112226486206,296.99810791015625,49.39506530761719,633.2970581054688,933.8267822265625
303,0,0.9267143607139587,0.0,51.353416442871094,243.37081909179688,1007.9375
303,0,0.84937584400177,1108.86181640625,199.46690368652344,1306.07080078125,809.776123046875
303,0,0.8243176341056824,784.4625854492188,279.8874816894531,882.0784912109375,562.330322265625
303,0,0.778832733631134,1005.211669921875,212.4489288330078,1105.0302734375,627.3289794921875
304,0,0.8834313154220581,871.74267578125,187.44732666015625,1023.8702392578125,746.69970703125
304,0,0.8716497421264648,1276.13671875,169.0179443359375,1468.2216796875,829.2688598632812
304,0,0.9267088174819946,284.0715637207031,47.331058502197266,629.6331787109375,958.6046142578125
304,0,0.9138836860656738,0.0,42.852294921875,210.84164428710938,1014.9373779296875
304,0,0.8463176488876343,1111.1246337890625,199.21939086914062,1308.71923828125,814.531982421875
304,0,0.8279517889022827,785.2581176757812,280.7749328613281,881.34521484375,561.6962890625
304,0,0.7767832279205322,1003.5689086914062,212.96786499023438,1105.0894775390625,631.002197265625
305,0,0.8731991648674011,861.41259765625,185.38528442382812,1023.3218994140625,748.0951538085938
305,0,0.8617976903915405,1281.258056640625,171.5723114013672,1466.1812744140625,829.4556274414062
305,0,0.9264149069786072,271.4144287109375,46.92097473144531,623.0298461914062,996.6640014648438
305,0,0.9145163893699646,0.0,32.873504638671875,193.50439453125,1038.5726318359375
305,0,0.8644460439682007,1110.8466796875,195.7105255126953,1316.378662109375,836.7471313476562
305,0,0.8138189315795898,784.8872680664062,280.0265197753906,878.6525268554688,561.7700805664062
305,0,0.7878692746162415,1003.3316650390625,210.959228515625,1112.172607421875,636.2900390625
306,0,0.8663907051086426,858.332275390625,182.4002227783203,1022.2486572265625,740.3946533203125
306,0,0.859453558921814,1286.1005859375,169.1536407470703,1465.612060546875,827.1345825195312
306,0,0.9161131381988525,253.6041717529297,40.72149658203125,619.059814453125,1005.5502319335938
306,0,0.8736161589622498,0.0,34.01103973388672,173.84274291992188,1069.0927734375
306,0,0.8820098638534546,1108.5264892578125,191.37530517578125,1316.38525390625,847.8964233398438
306,0,0.7948393225669861,784.8272094726562,277.1873474121094,874.8795776367188,563.749267578125
306,0,0.8103404641151428,1001.5331420898438,211.1859130859375,1109.7091064453125,636.461669921875
307,0,0.8595072031021118,851.6976318359375,180.6168670654297,1019.9913940429688,738.67919921875
307,0,0.8576311469078064,1291.3642578125,166.0177001953125,1464.9794921875,829.5857543945312
307,0,0.931505560874939,238.30763244628906,33.246910095214844,602.177001953125,1042.9139404296875
307,0,0.814658522605896,0.0,97.6760025024414,152.5956268310547,1044.171630859375
307,0,0.8755148649215698,1105.0032958984375,188.34732055664062,1322.8975830078125,858.2816162109375
307,0,0.8077603578567505,781.3582763671875,276.23828125,871.0009155273438,562.2177124023438
307,0,0.821249783039093,998.7131958007812,213.609375,1109.90576171875,637.3387451171875
308,0,0.8723656535148621,840.402099609375,180.43296813964844,1016.2186279296875,738.0497436523438
308,0,0.861558198928833,1291.7086181640625,167.97267150878906,1463.201171875,831.2518310546875
308,0,0.93235844373703,221.25393676757812,32.450531005859375,592.1925659179688,1065.868896484375
308,0,0.8482718467712402,0.0,130.76536560058594,133.33184814453125,1041.7086181640625
308,0,0.8772861361503601,1100.8914794921875,188.6608123779297,1324.152587890625,863.0785522460938
308,0,0.7673781514167786,777.2537231445312,277.8993225097656,864.5170288085938,565.3538208007812
308,0,0.8223482966423035,993.9890747070312,215.83689880371094,1105.6307373046875,638.2806396484375
309,0,0.8748273849487305,829.3656616210938,181.4972381591797,1014.4281616210938,731.926025390625
309,0,0.835119903087616,1295.6256103515625,164.22848510742188,1462.37353515625,823.6217041015625
309,0,0.9203891754150391,197.9752197265625,25.822887420654297,579.9912719726562,1057.0166015625
309,0,0.8020291924476624,0.0,160.3062286376953,109.1794204711914,1038.024169921875
309,0,0.8830705881118774,1100.663330078125,177.63607788085938,1326.96875,863.9066162109375
309,0,0.7267388701438904,774.7352905273438,275.40606689453125,861.5048217773438,559.7549438476562
309,0,0.8266913890838623,997.7100830078125,213.47959899902344,1106.04296875,638.7456665039062
310,0,0.8774261474609375,827.2510986328125,183.83123779296875,1015.2042236328125,732.3489990234375
310,0,0.8116064071655273,1298.8759765625,161.59129333496094,1464.5517578125,802.35107421875
310,0,0.9289060831069946,182.4180450439453,14.619332313537598,571.7703247070312,1069.6427001953125
310,0,0.3599100410938263,0.0,142.3557586669922,88.45809936523438,1028.72021484375
310,0,0.8805035352706909,1101.346435546875,173.5959014892578,1329.440673828125,865.4906616210938
310,0,0.724830150604248,773.6585693359375,274.2110290527344,858.7540893554688,562.8926391601562
310,0,0.8044048547744751,998.0289306640625,216.3956756591797,1102.3580322265625,639.3533935546875
311,0,0.8777267932891846,824.1388549804688,183.3972625732422,1015.4638671875,735.8285522460938
311,0,0.7910593152046204,1302.5545654296875,168.39764404296875,1468.0279541015625,806.634521484375
311,0,0.9221774935722351,160.95913696289062,5.6617512702941895,564.1773071289062,1072.8646240234375
311,0,0.345352441072464,0.0,225.65408325195312,66.11429595947266,1039.7513427734375
311,0,0.8683383464813232,1104.611083984375,170.10430908203125,1334.9976806640625,874.9518432617188
311,0,0.7558525204658508,772.2041015625,273.51336669921875,857.1441040039062,560.2656860351562
311,0,0.8075442314147949,997.26220703125,219.65982055664062,1101.5399169921875,640.67529296875
312,0,0.8793875575065613,820.959716796875,179.33404541015625,1015.2349853515625,741.4632568359375
312,0,0.8160387277603149,1300.4981689453125,162.16531372070312,1466.3494873046875,807.2139282226562
312,0,0.9327226281166077,138.29476928710938,4.704230785369873,555.2501831054688,1068.1597900390625
312,0,0.870216965675354,1104.79541015625,163.43679809570312,1342.80419921875,883.1751708984375
312,0,0.7507693767547607,769.8019409179688,272.841796875,855.8921508789062,562.1859741210938
312,0,0.7959616780281067,997.280029296875,222.26605224609375,1098.5355224609375,648.6112670898438
313,0,0.8723840713500977,818.3906860351562,178.68406677246094,1014.7266845703125,740.4418334960938
313,0,0.8322869539260864,1302.7099609375,159.93267822265625,1466.054443359375,803.8595581054688
313,0,0.9231790900230408,115.02456665039062,5.073098659515381,547.561767578125,1072.2020263671875
313,0,0.8852518200874329,1104.1103515625,145.98080444335938,1354.0208740234375,892.262939453125
313,0,0.7791786193847656,768.7939453125,270.59967041015625,854.9379272460938,565.7615966796875
313,0,0.7722717523574829,997.3397827148438,222.57131958007812,1099.124755859375,648.0648803710938
314,0,0.8871975541114807,814.69580078125,178.80484008789062,1012.1004638671875,739.4794921875
314,0,0.8356713652610779,1308.0936279296875,154.7362823486328,1465.0921630859375,807.278564453125
314,0,0.9259259104728699,85.97826385498047,4.908968925476074,538.3650512695312,1071.9205322265625
314,0,0.8842374086380005,1104.9073486328125,139.6699981689453,1357.9833984375,917.5558471679688
314,0,0.7761259078979492,765.365478515625,270.779052734375,854.1192626953125,569.1416015625
314,0,0.7762638926506042,994.438232421875,223.5528106689453,1099.088134765625,645.9253540039062
315,0,0.8892022967338562,815.0349731445312,181.20791625976562,1010.6988525390625,742.1611938476562
315,0,0.8341114521026611,1310.961181640625,151.99832153320312,1465.83544921875,807.1583251953125
315,0,0.9252400994300842,53.2362174987793,2.5822360515594482,528.0213012695312,1072.390869140625
315,0,0.8856198191642761,1110.6761474609375,129.92543029785156,1363.9764404296875,944.3079223632812
315,0,0.7778133153915405,759.9713745117188,269.1401672363281,849.8442993164062,565.9685668945312
315,0,0.8219186067581177,995.9356689453125,222.81613159179688,1099.734619140625,641.2141723632812
316,0,0.8906748294830322,819.5272216796875,180.60690307617188,1008.8737182617188,737.1619262695312
316,0,0.824734091758728,1313.3988037109375,149.7853240966797,1466.5201416015625,800.908203125
316,0,0.9325123429298401,28.397655487060547,3.7805192470550537,516.535888671875,1068.5147705078125
316,0,0.9067444205284119,1110.937255859375,121.60098266601562,1375.7564697265625,955.3294067382812
316,0,0.7939389944076538,759.8173217773438,266.5259094238281,847.78955078125,564.9063720703125
316,0,0.8383932113647461,993.4109497070312,218.7821502685547,1097.1539306640625,638.8367309570312
317,0,0.8975996375083923,821.201171875,178.67910766601562,1007.9905395507812,736.57373046875
317,0,0.7962507009506226,1314.78173828125,138.6788330078125,1467.0811767578125,801.6266479492188
317,0,0.9411684274673462,1.4693013429641724,3.0608596801757812,503.3488464355469,1068.9857177734375
317,0,0.9028266072273254,1109.073486328125,116.17858123779297,1384.2015380859375,961.4124145507812
317,0,0.7881441712379456,746.7862548828125,262.95306396484375,844.6770629882812,564.63623046875
317,0,0.8805936574935913,989.326904296875,211.74807739257812,1094.81689453125,636.897705078125
318,0,0.896956205368042,817.5316162109375,180.85670471191406,1007.1970825195312,732.4169311523438
318,0,0.7391606569290161,1319.5704345703125,132.8893585205078,1466.6434326171875,810.599609375
318,0,0.9527227878570557,0.0,3.6386067867279053,488.0694885253906,1070.2794189453125
318,0,0.8904156684875488,1115.2752685546875,103.41114044189453,1393.1278076171875,980.9904174804688
318,0,0.7936527729034424,740.3057861328125,260.5533752441406,842.7567138671875,564.0115356445312
318,0,0.8826080560684204,986.6280517578125,206.09075927734375,1099.9188232421875,636.0927124023438
319,0,0.8924542665481567,813.1651000976562,177.05795288085938,1006.6651000976562,727.8612060546875
319,0,0.6486769318580627,1330.34521484375,137.51840209960938,1468.7474365234375,809.189453125
319,0,0.9376819729804993,0.0,3.826770544052124,460.19317626953125,1071.441162109375
319,0,0.8698236346244812,1117.7095947265625,108.72848510742188,1399.3466796875,995.8492431640625
319,0,0.8248070478439331,735.4183959960938,257.1905517578125,841.7761840820312,565.0375366210938
319,0,0.8585903644561768,982.930419921875,203.34632873535156,1097.819580078125,634.0916748046875
320,0,0.8951258063316345,812.3419799804688,172.72372436523438,1005.5321655273438,726.3053588867188
320,0,0.5640372037887573,1343.4876708984375,144.51551818847656,1471.2940673828125,732.0803833007812
320,0,0.9508137106895447,0.0,2.226853370666504,438.47088623046875,1074.5255126953125
320,0,0.8719443678855896,1127.3389892578125,98.21089172363281,1417.7952880859375,1034.0078125
320,0,0.8128130435943604,728.8786010742188,256.0506896972656,839.1177368164062,562.5772094726562
320,0,0.8447396755218506,980.9038696289062,204.46029663085938,1096.0784912109375,628.792236328125
321,0,0.8937645554542542,820.7017211914062,170.80918884277344,1004.6741333007812,728.6311645507812
321,0,0.947912335395813,0.0,2.8972668647766113,417.4608459472656,1069.7940673828125
321,0,0.8762493133544922,1136.3995361328125,90.99191284179688,1437.824462890625,1049.3341064453125
321,0,0.8345203995704651,728.126953125,254.58273315429688,836.379638671875,564.2796630859375
321,0,0.8390756845474243,979.0488891601562,203.42372131347656,1094.75537109375,617.3063354492188
322,0,0.9025146961212158,817.99169921875,163.35580444335938,1002.5071411132812,717.6322021484375
322,0,0.930658221244812,0.0,5.199465274810791,389.04150390625,1068.940185546875
322,0,0.8959904909133911,1145.324951171875,76.04438781738281,1469.2884521484375,1059.2044677734375
322,0,0.8365942239761353,725.9671020507812,252.3905487060547,833.318115234375,564.993408203125
322,0,0.8378117084503174,976.9840087890625,200.54837036132812,1096.2012939453125,613.864990234375
323,0,0.9051547050476074,817.2341918945312,163.8223114013672,1000.6778564453125,712.1219482421875
323,0,0.919680655002594,0.0,6.235804080963135,354.581298828125,1067.2330322265625
323,0,0.8961260318756104,1152.589111328125,69.18990325927734,1478.3785400390625,1069.0386962890625
323,0,0.8447619676589966,711.4995727539062,252.49127197265625,829.8358764648438,567.3468017578125
323,0,0.832667887210846,976.0394897460938,199.96177673339844,1091.4329833984375,614.4658203125
324,0,0.9061397910118103,823.1670532226562,159.65196228027344,1003.9264526367188,709.7542724609375
324,0,0.9222177863121033,0.0,6.166975021362305,322.345703125,1066.698486328125
324,0,0.8992398977279663,1158.9700927734375,55.8091926574707,1482.537841796875,1073.4586181640625
324,0,0.8683662414550781,708.2213745117188,251.87445068359375,825.8446655273438,572.0947265625
324,0,0.8350013494491577,975.748291015625,198.6918182373047,1092.560302734375,616.843017578125
325,0,0.9077408909797668,827.7461547851562,156.95303344726562,999.7025756835938,715.714599609375
325,0,0.8410525918006897,0.0,6.727762699127197,315.63934326171875,1069.2657470703125
325,0,0.9240879416465759,1168.2520751953125,39.195899963378906,1494.57421875,1072.5889892578125
325,0,0.8758304715156555,706.7714233398438,251.55975341796875,825.9755859375,571.438720703125
325,0,0.8438099026679993,976.2952270507812,196.6717529296875,1094.0660400390625,618.7401123046875
326,0,0.9090896248817444,827.7682495117188,163.07894897460938,1004.7758178710938,715.4038696289062
326,0,0.8012727499008179,0.0,5.233994960784912,246.88352966308594,1069.5556640625
326,0,0.9211033582687378,1177.1737060546875,30.926424026489258,1510.3519287109375,1065.25048828125
326,0,0.8694756627082825,707.7908325195312,253.18849182128906,827.5321655273438,577.1860961914062
326,0,0.855491042137146,977.2968139648438,199.27713012695312,1092.7432861328125,621.927978515625
327,0,0.9026734828948975,827.971435546875,165.2788848876953,1004.1095581054688,716.861328125
327,0,0.7818164229393005,0.0,4.961007118225098,176.25975036621094,1074.151123046875
327,0,0.9124801754951477,1181.28857421875,14.157175064086914,1531.9561767578125,1071.3607177734375
327,0,0.8766712546348572,707.143798828125,251.81222534179688,825.5902099609375,571.3348388671875
327,0,0.8476945161819458,977.4253540039062,198.54505920410156,1092.8389892578125,623.6843872070312
328,0,0.8938053250312805,837.011962890625,166.30738830566406,1001.0697631835938,722.9365234375
328,0,0.9101903438568115,1196.7720947265625,1.0585793256759644,1554.7958984375,1068.9613037109375
328,0,0.8742300271987915,705.6561889648438,251.4350128173828,825.0145263671875,577.775146484375
328,0,0.8580085635185242,979.6873168945312,200.02883911132812,1094.506591796875,629.3058471679688
329,0,0.8748053312301636,841.4489135742188,171.105712890625,1004.2045288085938,722.2890014648438
329,0,0.9211848974227905,1210.78515625,0.4554592967033386,1582.60009765625,1067.4154052734375
329,0,0.8656614422798157,707.55078125,251.572998046875,825.5671997070312,580.2952270507812
329,0,0.8851016759872437,982.7394409179688,200.69688415527344,1098.898193359375,632.1836547851562
330,0,0.8884508609771729,847.3436889648438,177.76962280273438,1008.049560546875,722.3790283203125
330,0,0.9078742265701294,1228.165283203125,1.4486523866653442,1608.8641357421875,1066.6693115234375
330,0,0.8658528327941895,708.2460327148438,252.51182556152344,824.9985961914062,586.7184448242188
330,0,0.8937506675720215,985.1006469726562,202.40907287597656,1101.176025390625,634.3932495117188
331,0,0.8723124265670776,851.849853515625,180.13331604003906,1010.2450561523438,735.3012084960938
331,0,0.9020453691482544,1241.3853759765625,1.4237250089645386,1636.92822265625,1070.08251953125
331,0,0.8572081327438354,709.5834350585938,253.9223175048828,826.429443359375,590.0365600585938
331,0,0.8911303281784058,988.004150390625,204.94058227539062,1101.3304443359375,636.6325073242188
332,0,0.8471043109893799,852.8547973632812,186.53208923339844,1009.0463256835938,738.6226196289062
332,0,0.9261592626571655,1265.3201904296875,0.5315804481506348,1669.8228759765625,1070.4190673828125
332,0,0.8238539099693298,708.3756103515625,255.2781524658203,825.4282836914062,588.8594970703125
332,0,0.8752644658088684,990.097900390625,206.7581787109375,1098.8502197265625,641.2325439453125
333,0,0.8563803434371948,850.576171875,194.54319763183594,1009.7959594726562,747.3170776367188
333,0,0.9193655848503113,1271.6453857421875,0.0,1700.5595703125,1070.1329345703125
333,0,0.8243325352668762,706.2340087890625,260.2306823730469,823.8865356445312,591.3215942382812
333,0,0.862218976020813,990.9541625976562,215.8717803955078,1101.99169921875,647.1945190429688
334,0,0.8639748096466064,848.3092041015625,202.05690002441406,1010.3045654296875,749.7080688476562
334,0,0.9018614888191223,1275.295654296875,0.0,1734.4805908203125,1072.7335205078125
334,0,0.8430001735687256,702.1480712890625,258.2150573730469,824.48193359375,598.89306640625
334,0,0.8384513258934021,991.34423828125,223.6431884765625,1107.1964111328125,651.6874389648438
335,0,0.8844731450080872,845.2719116210938,198.6387176513672,1008.8282470703125,751.0825805664062
335,0,0.9155598282814026,1292.939208984375,0.0,1787.6263427734375,1070.933349609375
335,0,0.8770946860313416,696.8591918945312,260.5399169921875,818.0520629882812,604.1119384765625
335,0,0.8257009387016296,991.8028564453125,227.3504180908203,1108.7474365234375,655.7062377929688
336,0,0.89821857213974,842.4656982421875,198.48118591308594,1007.2279663085938,746.4921875
336,0,0.8956595659255981,1293.567626953125,1.587374210357666,1837.8909912109375,1067.3382568359375
336,0,0.880413293838501,693.685302734375,261.2520751953125,814.9340209960938,611.608154296875
336,0,0.8302707076072693,990.3666381835938,231.31103515625,1108.1556396484375,658.2721557617188
337,0,0.8951964974403381,834.1795654296875,200.48968505859375,1003.56982421875,745.105712890625
337,0,0.8746381998062134,1297.4111328125,0.8695695400238037,1879.7484130859375,1065.49072265625
337,0,0.8671801090240479,688.7763061523438,262.05889892578125,813.1080322265625,617.176513671875
337,0,0.8264230489730835,990.634033203125,232.98751831054688,1108.6507568359375,662.0972900390625
338,0,0.8780595064163208,823.095458984375,199.43812561035156,1003.1953735351562,742.0291748046875
338,0,0.9004881381988525,1293.3895263671875,2.579300880432129,1893.262451171875,1064.7083740234375
338,0,0.8594374656677246,684.2289428710938,264.94219970703125,811.880859375,624.1615600585938
338,0,0.8362941145896912,988.8951416015625,233.8528289794922,1103.0662841796875,658.9075317382812
338,0,0.7696393132209778,1236.488037109375,168.92910766601562,1439.8055419921875,840.077880859375
339,0,0.8765732645988464,820.0994873046875,197.5059356689453,1001.300048828125,736.76220703125
339,0,0.9328321814537048,1306.4244384765625,0.9012097120285034,1919.6513671875,1073.20361328125
339,0,0.8637902140617371,681.4224243164062,266.03460693359375,807.3727416992188,624.1691284179688
339,0,0.8164955973625183,989.5185546875,233.39280700683594,1102.491943359375,656.25537109375
339,0,0.7087358236312866,1238.753173828125,169.50804138183594,1439.825927734375,851.43017578125
340,0,0.8702362179756165,818.9697875976562,194.0178985595703,1000.231689453125,734.6583251953125
340,0,0.9269540905952454,1312.362060546875,1.1996996402740479,1920.0,1068.325439453125
340,0,0.8605400323867798,679.7327880859375,266.1623840332031,801.9970092773438,624.4610595703125
340,0,0.8086747527122498,989.5036010742188,231.60205078125,1106.7630615234375,656.5504150390625
340,0,0.7934300303459167,1236.763671875,166.54556274414062,1444.0301513671875,861.755126953125
341,0,0.8762174844741821,817.4722900390625,193.81826782226562,1000.3125,733.6569213867188
341,0,0.9209389090538025,1325.9893798828125,4.141643524169922,1920.0,1070.069091796875
341,0,0.8471735119819641,675.56884765625,264.5274353027344,796.6368408203125,626.9642333984375
341,0,0.7979710102081299,988.3350219726562,230.55059814453125,1107.7701416015625,657.317626953125
341,0,0.8167961835861206,1232.6414794921875,164.92263793945312,1444.73681640625,865.1918334960938
342,0,0.8822208046913147,812.893310546875,192.12477111816406,1000.0324096679688,732.1199340820312
342,0,0.7931842803955078,1343.7445068359375,1.0679150819778442,1920.0,1061.3369140625
342,0,0.8386771082878113,668.0681762695312,261.9205322265625,793.4550170898438,625.8841552734375
342,0,0.8172268271446228,984.1923217773438,228.0813446044922,1106.461181640625,656.6896362304688
342,0,0.8547542691230774,1230.2113037109375,161.59423828125,1443.5465087890625,859.1858520507812
343,0,0.8533326983451843,807.9822998046875,188.8907012939453,999.407958984375,735.3563842773438
343,0,0.9163414239883423,1374.5614013671875,4.872467041015625,1919.4796142578125,1065.7386474609375
343,0,0.8346378803253174,666.1322631835938,257.687255859375,788.8079833984375,620.6713256835938
343,0,0.8128769397735596,983.859375,227.01055908203125,1106.2353515625,656.246337890625
343,0,0.867309033870697,1226.520263671875,157.24130249023438,1440.375,857.482666015625
344,0,0.8649567365646362,806.08740234375,186.97900390625,996.646240234375,736.6072387695312
344,0,0.791390597820282,1410.4427490234375,3.748149871826172,1920.0,1061.748046875
344,0,0.830879807472229,658.355224609375,252.78321838378906,786.007568359375,626.7584838867188
344,0,0.8062072396278381,983.6548461914062,225.2022247314453,1107.6661376953125,653.9234008789062
344,0,0.887880802154541,1220.909912109375,153.16131591796875,1446.4613037109375,856.0709228515625
345,0,0.8662805557250977,801.4568481445312,189.17144775390625,992.3732299804688,736.5875854492188
345,0,0.7457472681999207,1453.331298828125,2.9345390796661377,1920.0,1055.306396484375
345,0,0.8596779704093933,654.028564453125,251.03370666503906,779.0994873046875,628.0116577148438
345,0,0.8424312472343445,979.9225463867188,224.03878784179688,1102.99951171875,650.8040771484375
345,0,0.9048218727111816,1209.48095703125,146.92323303222656,1452.924560546875,857.548095703125
346,0,0.8739623427391052,795.9783935546875,194.66351318359375,986.8411865234375,735.2244262695312
346,0,0.7766416072845459,1499.4825439453125,3.84574031829834,1920.0,1046.7198486328125
346,0,0.875474750995636,641.62841796875,252.5992431640625,773.4818115234375,631.2626342773438
346,0,0.8446357250213623,972.7227783203125,223.86387634277344,1098.5394287109375,647.3750610351562
346,0,0.9066165089607239,1198.2418212890625,146.47801208496094,1452.7774658203125,857.0386962890625
347,0,0.8728182315826416,791.9176025390625,195.3776092529297,984.05908203125,738.4081420898438
347,0,0.6145535111427307,1559.6585693359375,10.48742961883545,1920.0,992.2474365234375
347,0,0.883987545967102,638.7214965820312,249.01126098632812,767.7420043945312,632.6383666992188
347,0,0.8398457765579224,973.0040893554688,221.58885192871094,1094.948486328125,645.73876953125
347,0,0.9006957411766052,1192.7071533203125,142.8327178955078,1447.701904296875,857.6104736328125
348,0,0.8816223740577698,790.4447631835938,196.09963989257812,982.42626953125,738.1971435546875
348,0,0.8586019277572632,633.9918823242188,247.9136505126953,760.05908203125,633.5189819335938
348,0,0.8295505046844482,970.5802612304688,219.16293334960938,1089.365966796875,643.1875
348,0,0.9001642465591431,1185.8365478515625,140.5404815673828,1443.1536865234375,844.28857421875
349,0,0.8814458250999451,791.0971069335938,195.6981964111328,980.7224731445312,739.3516845703125
349,0,0.8645216226577759,625.3137817382812,242.6790771484375,755.6585693359375,634.5958251953125
349,0,0.8322112560272217,971.5315551757812,218.4017791748047,1089.0283203125,643.6405029296875
349,0,0.9034944176673889,1179.042724609375,139.814453125,1437.4580078125,837.0278930664062
350,0,0.9024123549461365,797.11376953125,197.3125,982.7556762695312,741.0950317382812
350,0,0.871421754360199,618.2431640625,241.2332763671875,751.2830200195312,635.0558471679688
350,0,0.822721004486084,972.2860107421875,221.7637939453125,1086.7410888671875,644.5817260742188
350,0,0.9011622071266174,1174.72705078125,141.29786682128906,1434.42431640625,840.5109252929688
351,0,0.8944427967071533,798.0076904296875,197.47682189941406,982.7345581054688,739.65966796875
351,0,0.8702348470687866,613.541259765625,238.5494842529297,747.9210205078125,633.5499267578125
351,0,0.7895787954330444,968.6126708984375,223.7553253173828,1083.059814453125,646.7131958007812
351,0,0.8965044021606445,1168.4124755859375,148.07424926757812,1434.10986328125,845.9063720703125
352,0,0.8922584652900696,796.1978759765625,199.5980682373047,979.6968994140625,729.8379516601562
352,0,0.852536678314209,607.6046752929688,230.53729248046875,739.1423950195312,633.9365844726562
352,0,0.8037673234939575,966.0687255859375,223.31809997558594,1079.9527587890625,645.2954711914062
352,0,0.882814347743988,1161.8802490234375,143.78842163085938,1427.8172607421875,851.6340942382812
352,0,0.805217981338501,737.3746948242188,217.4500732421875,835.986083984375,643.7606201171875
353,0,0.9053036570549011,795.9796752929688,199.94284057617188,977.96142578125,726.3687744140625
353,0,0.8525245785713196,597.9025268554688,232.61753845214844,731.7976684570312,635.6132202148438
353,0,0.8250495791435242,961.0361328125,221.54501342773438,1075.0625,645.6708984375
353,0,0.8835710883140564,1154.7513427734375,143.2688446044922,1421.659912109375,856.9075317382812
353,0,0.8676761388778687,727.8771362304688,214.76565551757812,837.38916015625,648.4110107421875
354,0,0.8980478048324585,796.3203125,194.5119171142578,975.0931396484375,728.9119262695312
354,0,0.8621300458908081,590.0143432617188,229.73475646972656,722.9459838867188,639.4169311523438
354,0,0.8135639429092407,957.3001708984375,222.16412353515625,1067.396728515625,646.5202026367188
354,0,0.8921751379966736,1146.8345947265625,144.47691345214844,1418.34814453125,855.671875
354,0,0.8485634326934814,715.5062255859375,209.97451782226562,834.585693359375,653.3892211914062
355,0,0.8901923894882202,793.9886474609375,189.15489196777344,969.302001953125,723.6878662109375
355,0,0.8668023347854614,582.310791015625,226.13282775878906,712.227294921875,637.5382080078125
355,0,0.8007398247718811,951.256103515625,220.5844268798828,1059.96142578125,648.86376953125
355,0,0.9061428308486938,1140.2896728515625,143.8227996826172,1414.0462646484375,858.7963256835938
355,0,0.8489285707473755,706.653564453125,207.48898315429688,827.6901245117188,655.247314453125
356,0,0.8788043260574341,793.5062255859375,183.6149139404297,963.902587890625,723.5457763671875
356,0,0.8746856451034546,569.2051391601562,226.0545196533203,701.87060546875,636.1599731445312
356,0,0.824715256690979,944.8062133789062,220.5842742919922,1053.4501953125,651.09033203125
356,0,0.9152425527572632,1136.9281005859375,142.8623504638672,1408.5889892578125,863.4024658203125
356,0,0.8662950396537781,695.4801025390625,204.48214721679688,825.3136596679688,658.2282104492188
357,0,0.8817394375801086,791.3338012695312,182.88255310058594,958.2319946289062,723.4064331054688
357,0,0.8640219569206238,554.0118408203125,224.36976623535156,694.80322265625,639.5425415039062
357,0,0.8045105934143066,937.972412109375,220.6623992919922,1044.204833984375,649.9208984375
357,0,0.9201194047927856,1131.5341796875,140.53863525390625,1404.228515625,865.192138671875
357,0,0.873566746711731,681.802490234375,199.7459259033203,820.8125,655.0157470703125
358,0,0.8910356760025024,788.9047241210938,179.94190979003906,950.0362548828125,727.3777465820312
358,0,0.8543555736541748,542.0596313476562,225.25369262695312,684.0577392578125,640.6360473632812
358,0,0.8188014626502991,927.9376220703125,222.13613891601562,1035.7755126953125,648.8009033203125
358,0,0.9323552250862122,1127.1654052734375,142.47708129882812,1396.399658203125,865.6137084960938
358,0,0.8611747622489929,672.0166625976562,197.46847534179688,810.5469360351562,646.39208984375
359,0,0.8900265693664551,782.4036865234375,179.27171325683594,944.7747802734375,730.3027954101562
359,0,0.8651062250137329,525.6213989257812,224.19728088378906,670.4252319335938,643.9442749023438
359,0,0.834559977054596,920.2131958007812,221.85452270507812,1030.5777587890625,647.3545532226562
359,0,0.9386042952537537,1123.4918212890625,140.4874267578125,1392.656494140625,866.8390502929688
359,0,0.8996132016181946,656.9802856445312,194.47787475585938,802.4456176757812,650.8544311523438
360,0,0.8934850692749023,773.9172973632812,182.27291870117188,940.369873046875,734.1748657226562
360,0,0.8545834422111511,510.4830322265625,226.85275268554688,657.8388671875,651.3759765625
360,0,0.814705491065979,915.2334594726562,220.27508544921875,1025.5384521484375,647.8369140625
360,0,0.9356696009635925,1117.595703125,139.3587646484375,1384.603515625,868.0499267578125
360,0,0.8921124339103699,652.7540893554688,192.00552368164062,797.3952026367188,662.5236206054688
361,0,0.8887327313423157,767.9196166992188,186.1983642578125,932.1778564453125,730.20654296875
361,0,0.832817554473877,492.8665771484375,225.89913940429688,647.4237060546875,657.2559204101562
361,0,0.7429388761520386,910.17724609375,218.96710205078125,1010.1288452148438,650.0750122070312
361,0,0.9224560856819153,1112.9656982421875,139.37945556640625,1376.7818603515625,868.1387939453125
361,0,0.898472011089325,634.8164672851562,194.84034729003906,788.48193359375,662.9996948242188
362,0,0.8674479126930237,760.3285522460938,185.68975830078125,926.6007080078125,728.765869140625
362,0,0.820381760597229,475.6755065917969,224.4633331298828,634.8375854492188,662.1168212890625
362,0,0.7970812916755676,900.0095825195312,216.90048217773438,1002.405029296875,642.6802978515625
362,0,0.9214329719543457,1106.6925048828125,138.40235900878906,1372.53076171875,872.6661987304688
362,0,0.8528873920440674,622.6898803710938,194.2469024658203,780.97998046875,666.6280517578125
363,0,0.8477134108543396,758.8995361328125,185.9708251953125,922.6980590820312,739.1390991210938
363,0,0.8662079572677612,461.48590087890625,220.3010711669922,624.0662841796875,673.67431640625
363,0,0.7973417639732361,895.4441528320312,212.45924377441406,995.3403930664062,643.707763671875
363,0,0.9278392791748047,1104.5841064453125,135.501708984375,1371.1148681640625,871.3008422851562
363,0,0.875055730342865,607.7501831054688,191.27862548828125,775.62646484375,673.9789428710938
364,0,0.8780068159103394,759.4850463867188,194.43466186523438,921.301025390625,746.6560668945312
364,0,0.8785726428031921,451.9517822265625,223.71409606933594,617.9957275390625,678.3751220703125
364,0,0.7301258444786072,895.2474365234375,216.13218688964844,990.6578979492188,646.927490234375
364,0,0.917531430721283,1103.20166015625,136.87135314941406,1370.700927734375,873.267822265625
364,0,0.8828936815261841,594.4486694335938,195.3244171142578,771.5608520507812,676.9170532226562
365,0,0.8725369572639465,761.9325561523438,195.35850524902344,915.5352783203125,751.035888671875
365,0,0.8594836592674255,449.23736572265625,225.53314208984375,611.02392578125,684.0311279296875
365,0,0.7604600787162781,894.7940673828125,216.5522003173828,987.0027465820312,649.0245971679688
365,0,0.9202291369438171,1100.8271484375,137.8966064453125,1367.77783203125,870.1937255859375
365,0,0.8831754326820374,593.9378051757812,199.58799743652344,769.2958984375,678.7925415039062
366,0,0.8835974931716919,762.2216186523438,194.62310791015625,914.2780151367188,749.498046875
366,0,0.8686632513999939,445.1119079589844,223.6672821044922,606.1715698242188,684.532470703125
366,0,0.737120509147644,894.2177124023438,214.57452392578125,985.856689453125,645.4574584960938
366,0,0.924746036529541,1102.2479248046875,132.73695373535156,1366.3797607421875,861.1021728515625
366,0,0.8863348364830017,591.9290771484375,194.0568389892578,766.9505615234375,680.8969116210938
367,0,0.8876835703849792,760.8720703125,194.82565307617188,914.2146606445312,751.2080078125
367,0,0.8575236797332764,436.9346618652344,223.60520935058594,602.5987548828125,686.76220703125
367,0,0.7074620127677917,893.586669921875,214.7949676513672,986.0718383789062,641.318115234375
367,0,0.9247581362724304,1101.4921875,132.238525390625,1365.5322265625,855.4279174804688
367,0,0.8804837465286255,594.4207153320312,194.112548828125,762.7415771484375,686.8283081054688
368,0,0.8701950311660767,758.6192626953125,193.81539916992188,915.6729736328125,754.1380004882812
368,0,0.859102189540863,427.376953125,222.58815002441406,599.4163818359375,690.0366821289062
368,0,0.7110774517059326,893.0469360351562,214.4922332763672,985.6727294921875,636.91845703125
368,0,0.9269022345542908,1103.27392578125,132.6869354248047,1364.966064453125,853.9148559570312
368,0,0.8540038466453552,590.4270629882812,193.19046020507812,759.6493530273438,698.4774780273438
369,0,0.867592453956604,758.9147338867188,193.83724975585938,920.4290161132812,740.577392578125
369,0,0.8558189272880554,422.0367736816406,222.6660919189453,597.57177734375,696.0360107421875
369,0,0.6928907632827759,895.0272216796875,214.6272430419922,988.0852661132812,637.0075073242188
369,0,0.9240269064903259,1105.8890380859375,131.60011291503906,1364.7601318359375,855.4100341796875
369,0,0.8402647972106934,587.6244506835938,194.27798461914062,749.289306640625,710.5592041015625
370,0,0.8884105682373047,758.6951293945312,193.56971740722656,920.9264526367188,740.7710571289062
370,0,0.8668683767318726,417.54742431640625,224.70980834960938,593.3959350585938,700.9339599609375
370,0,0.7375209927558899,895.7468872070312,215.55023193359375,988.9819946289062,639.3330688476562
370,0,0.9191093444824219,1107.571533203125,132.60972595214844,1363.0130615234375,858.6283569335938
370,0,0.8654695749282837,586.128173828125,192.2801055908203,749.578125,716.07177734375
371,0,0.8887700438499451,759.5543823242188,193.07533264160156,923.3087158203125,739.43505859375
371,0,0.8705446124076843,415.8353271484375,226.27978515625,591.5634765625,705.265869140625
371,0,0.7659666538238525,898.7255859375,216.32215881347656,987.3797607421875,642.0255126953125
371,0,0.9228726625442505,1111.421142578125,133.08399963378906,1364.0352783203125,864.6500854492188
371,0,0.8932517170906067,578.8988647460938,192.19898986816406,751.4990844726562,720.8734130859375
372,0,0.8891843557357788,762.9967041015625,195.77801513671875,927.2109985351562,741.6611328125
372,0,0.8801069855690002,413.4196472167969,226.5229034423828,586.0191650390625,708.9129638671875
372,0,0.7452414631843567,899.9896240234375,221.08262634277344,988.0855712890625,646.120361328125
372,0,0.9227665662765503,1114.954833984375,134.3142547607422,1363.240478515625,868.9275512695312
372,0,0.9050236344337463,571.1310424804688,190.82247924804688,750.6666259765625,718.537841796875
373,0,0.8792649507522583,764.8540649414062,200.48753356933594,929.9684448242188,742.7820434570312
373,0,0.8811951875686646,409.1556091308594,223.63958740234375,583.73388671875,714.7613525390625
373,0,0.6974743008613586,900.3890991210938,225.2313232421875,992.9661865234375,657.2012939453125
373,0,0.9161967635154724,1117.2720947265625,137.0681915283203,1363.728759765625,877.410400390625
373,0,0.9124882221221924,567.1923828125,189.777587890625,747.1445922851562,725.828857421875
374,0,0.8761992454528809,767.3909301757812,202.25482177734375,930.9502563476562,748.7168579101562
374,0,0.8446482419967651,405.86578369140625,229.40737915039062,577.3659057617188,719.9586181640625
374,0,0.7231093049049377,902.1875,227.47682189941406,992.0859375,660.75537109375
374,0,0.924199104309082,1119.517578125,138.95516967773438,1361.746826171875,884.9038696289062
374,0,0.9114534854888916,564.3627319335938,190.68692016601562,746.1776123046875,733.8978271484375
375,0,0.864403486251831,771.8548583984375,209.48941040039062,933.4710083007812,753.6676635742188
375,0,0.852923572063446,391.211181640625,222.5034942626953,569.19140625,730.57666015625
375,0,0.703477680683136,905.4531860351562,231.31967163085938,991.2733764648438,663.2423095703125
375,0,0.9200399518013,1121.343017578125,141.62770080566406,1361.0303955078125,893.4069213867188
375,0,0.9021177291870117,557.6581420898438,191.6672821044922,744.8095703125,744.3035888671875
376,0,0.869647741317749,774.6072998046875,208.62562561035156,936.1100463867188,755.5775756835938
376,0,0.8512256145477295,387.2281188964844,221.87509155273438,562.4237670898438,738.4622802734375
376,0,0.7398473024368286,909.4968872070312,235.87515258789062,992.5185546875,658.2617797851562
376,0,0.9179883599281311,1120.823974609375,144.9216766357422,1360.431884765625,902.5679321289062
376,0,0.902952253818512,552.0563354492188,190.73300170898438,745.1275024414062,744.7308349609375
377,0,0.8590589761734009,784.2372436523438,213.41090393066406,940.1378173828125,764.1337280273438
377,0,0.8720621466636658,384.2515869140625,221.60487365722656,559.436279296875,751.32275390625
377,0,0.7421244382858276,912.6858520507812,238.25291442871094,994.9812622070312,656.37353515625
377,0,0.9148353338241577,1122.087158203125,151.62667846679688,1359.8763427734375,908.8233032226562
377,0,0.9031731486320496,548.5737915039062,189.9609375,745.70849609375,748.8469848632812
378,0,0.8637311458587646,787.0308837890625,216.42520141601562,941.8732299804688,769.485595703125
378,0,0.8791871070861816,385.8059997558594,227.80821228027344,558.1885986328125,752.7696533203125
378,0,0.6766975522041321,916.4175415039062,240.89035034179688,996.4177856445312,666.419921875
378,0,0.9127641320228577,1124.4329833984375,155.73394775390625,1359.4287109375,915.2462158203125
378,0,0.8949494361877441,540.3984375,188.67262268066406,741.9970703125,753.6885375976562
379,0,0.8710090517997742,786.7557983398438,218.96893310546875,944.85986328125,768.5810546875
379,0,0.8874527215957642,379.4092712402344,216.40093994140625,556.0534057617188,756.0787963867188
379,0,0.6884954571723938,918.7451782226562,243.07369995117188,997.8108520507812,665.6019897460938
379,0,0.9117211103439331,1123.7725830078125,155.33665466308594,1355.7081298828125,918.78173828125
379,0,0.9122474789619446,530.7799072265625,186.51332092285156,740.4627075195312,754.5252685546875
380,0,0.8665482401847839,785.0440063476562,220.56007385253906,946.150634765625,761.8452758789062
380,0,0.889936089515686,376.3691101074219,212.3790740966797,550.520263671875,760.9923095703125
380,0,0.722256600856781,918.2197265625,244.94253540039062,997.7968139648438,669.5782470703125
380,0,0.9122939705848694,1121.5001220703125,154.15423583984375,1354.6517333984375,921.6258544921875
380,0,0.9187502861022949,526.881103515625,184.7821044921875,737.9317626953125,760.541748046875
381,0,0.8704915642738342,785.8017578125,221.26730346679688,946.5816650390625,760.729736328125
381,0,0.8880239129066467,374.862548828125,217.07675170898438,547.4671630859375,770.5775756835938
381,0,0.7571256160736084,917.1715698242188,246.05722045898438,1003.00537109375,674.0645141601562
381,0,0.9137278199195862,1119.5291748046875,154.38526916503906,1353.5235595703125,925.7591552734375
381,0,0.9112117290496826,527.53369140625,183.45797729492188,735.6084594726562,772.9525756835938
382,0,0.8761650323867798,785.6666259765625,220.15798950195312,946.5109252929688,754.5433349609375
382,0,0.8629891276359558,369.25701904296875,209.8733367919922,543.2511596679688,770.3987426757812
382,0,0.7564817070960999,917.35205078125,245.9823760986328,1004.880126953125,673.9948120117188
382,0,0.9136236310005188,1116.6134033203125,153.28500366210938,1351.75537109375,921.01904296875
382,0,0.9226924777030945,514.6605224609375,180.36111450195312,733.3381958007812,780.13134765625
383,0,0.8762944340705872,783.8348388671875,219.09043884277344,945.9561767578125,753.0525512695312
383,0,0.8717820048332214,362.3173828125,217.78561401367188,536.0761108398438,777.083984375
383,0,0.7315575480461121,917.6959228515625,245.86410522460938,1006.37255859375,672.8173217773438
383,0,0.9163720607757568,1109.4278564453125,150.30209350585938,1347.6920166015625,917.34033203125
383,0,0.9178382158279419,508.9158935546875,175.957763671875,730.3848876953125,789.2373046875
384,0,0.8863065838813782,784.418701171875,219.93528747558594,947.4602661132812,753.246337890625
384,0,0.8550904393196106,352.1882019042969,204.27670288085938,527.615966796875,782.2919311523438
384,0,0.7260913252830505,917.395751953125,247.48236083984375,1008.6320190429688,672.1873779296875
384,0,0.920058012008667,1103.7113037109375,154.99630737304688,1347.846923828125,912.4734497070312
384,0,0.9153760075569153,500.8294677734375,177.21669006347656,728.0220947265625,800.4529418945312
384,0,0.7845497131347656,728.1860961914062,321.6651611328125,788.2366943359375,532.2474975585938
385,0,0.8776686787605286,783.2421264648438,219.64541625976562,948.0938110351562,752.7820434570312
385,0,0.8636862635612488,339.8394470214844,207.2327117919922,526.5142822265625,774.2318115234375
385,0,0.7273483872413635,917.4137573242188,246.9991912841797,1006.2152099609375,674.2334594726562
385,0,0.9276408553123474,1095.2725830078125,155.6094512939453,1350.7886962890625,909.0177612304688
385,0,0.9007790684700012,498.6576843261719,171.58583068847656,726.3087768554688,801.4937133789062
385,0,0.8214251399040222,724.3627319335938,320.5887756347656,787.8726196289062,529.6047973632812
386,0,0.8687011003494263,778.8521118164062,215.46249389648438,948.2565307617188,752.5516357421875
386,0,0.8951554298400879,332.7675476074219,197.60861206054688,517.490478515625,771.4556274414062
386,0,0.7060945630073547,917.2885131835938,245.63833618164062,1005.25048828125,673.7042236328125
386,0,0.9211946725845337,1089.93359375,154.98281860351562,1348.861572265625,905.5407104492188
386,0,0.8932719826698303,491.0871276855469,168.6973419189453,722.3187866210938,809.1090087890625
386,0,0.7884787321090698,721.5042724609375,319.8376770019531,787.1593627929688,525.5045166015625
387,0,0.8608368635177612,774.8790893554688,213.4302215576172,948.4231567382812,753.2731323242188
387,0,0.8817887306213379,325.12811279296875,190.729736328125,511.646240234375,783.8749389648438
387,0,0.6552414298057556,916.2628784179688,245.1334686279297,1000.1090087890625,677.0565185546875
387,0,0.9206846952438354,1084.90966796875,154.6218719482422,1349.9166259765625,903.717529296875
387,0,0.899591863155365,481.88568115234375,166.097412109375,716.8058471679688,817.494873046875
387,0,0.758648157119751,718.64599609375,317.47113037109375,786.9159545898438,525.2844848632812
388,0,0.8560946583747864,772.1268920898438,213.61859130859375,946.4008178710938,755.8746337890625
388,0,0.8487961292266846,315.5683898925781,186.798583984375,506.90911865234375,786.6060791015625
388,0,0.6520447731018066,916.1549682617188,244.89794921875,998.8895263671875,676.951416015625
388,0,0.9065264463424683,1075.7325439453125,156.60609436035156,1347.8555908203125,906.2749633789062
388,0,0.9016477465629578,481.4380798339844,162.43479919433594,714.53369140625,825.4708862304688
388,0,0.7607545852661133,715.3165893554688,316.4259948730469,785.972412109375,524.7662353515625
389,0,0.8573926687240601,768.7528076171875,215.68382263183594,944.0818481445312,756.8601684570312
389,0,0.8496291637420654,306.6435241699219,183.0729522705078,500.0408020019531,795.4854125976562
389,0,0.660582423210144,914.4801025390625,246.3251190185547,996.2093505859375,666.9564819335938
389,0,0.909558117389679,1070.1837158203125,157.3623504638672,1348.717041015625,910.0636596679688
389,0,0.9134111404418945,478.6109619140625,158.6846923828125,711.059326171875,829.6121826171875
389,0,0.7727557420730591,711.8287963867188,314.83917236328125,786.4472045898438,527.8309936523438
390,0,0.8528693318367004,766.7963256835938,215.60633850097656,939.3696899414062,754.7091064453125
390,0,0.821519672870636,297.69195556640625,175.82078552246094,494.50970458984375,798.8728637695312
390,0,0.7077398300170898,911.544921875,246.50363159179688,994.2965698242188,670.7089233398438
390,0,0.9071468114852905,1064.8023681640625,156.97018432617188,1351.204833984375,914.6009521484375
390,0,0.9186946153640747,477.5116271972656,159.8661651611328,711.5342407226562,824.9918212890625
390,0,0.7654836177825928,709.7378540039062,315.2368469238281,784.3751831054688,528.034423828125
391,0,0.8475052118301392,762.8604125976562,217.57086181640625,934.29833984375,754.9576416015625
391,0,0.8415178060531616,282.99188232421875,171.5968017578125,488.3392639160156,800.2265014648438
391,0,0.7218239307403564,908.4154663085938,244.557373046875,993.5181274414062,669.8305053710938
391,0,0.9095606803894043,1059.1453857421875,155.65341186523438,1349.53369140625,920.7754516601562
391,0,0.920432448387146,480.3138732910156,151.3656005859375,708.7864990234375,829.2073974609375
391,0,0.7875185012817383,708.4120483398438,314.0675964355469,785.3961791992188,527.2516479492188
392,0,0.854653537273407,766.1727905273438,221.65188598632812,931.7189331054688,755.6488647460938
392,0,0.8511868119239807,269.0626220703125,168.7622833251953,485.7698974609375,805.4564819335938
392,0,0.708311140537262,905.3788452148438,243.28501892089844,993.3816528320312,666.2212524414062
392,0,0.9022809267044067,1058.8253173828125,156.4444122314453,1349.2745361328125,924.8042602539062
392,0,0.9149539470672607,476.56298828125,141.82395935058594,700.6109619140625,834.1151123046875
392,0,0.7590531706809998,703.8895263671875,313.4964294433594,783.1283569335938,530.1160278320312
393,0,0.8502404093742371,761.0955200195312,223.65330505371094,930.1184692382812,757.0048217773438
393,0,0.8697972893714905,257.2071838378906,164.489013671875,480.5284729003906,803.9569091796875
393,0,0.743965208530426,901.9679565429688,241.4873809814453,991.5504150390625,661.63916015625
393,0,0.8935734033584595,1055.8883056640625,155.3592071533203,1346.450439453125,928.2996215820312
393,0,0.9101678133010864,470.6888427734375,134.3585205078125,693.9609985351562,834.8928833007812
393,0,0.7718719840049744,700.1572875976562,309.85736083984375,779.3728637695312,531.9684448242188
394,0,0.8477083444595337,760.18408203125,221.77488708496094,927.831787109375,753.8857421875
394,0,0.8647027611732483,233.64505004882812,164.16297912597656,473.3234558105469,807.0965576171875
394,0,0.7825421094894409,898.5345458984375,239.5100555419922,990.2073974609375,659.0419921875
394,0,0.9017856121063232,1052.6878662109375,155.87472534179688,1347.4752197265625,934.6630249023438
394,0,0.9141154289245605,461.8433837890625,127.25595092773438,690.49658203125,837.8131103515625
394,0,0.8181055188179016,700.3078002929688,312.4854736328125,775.7880249023438,529.4190673828125
395,0,0.8686752319335938,759.477294921875,221.65774536132812,920.7041015625,754.6034545898438
395,0,0.8874513506889343,225.67051696777344,162.71017456054688,459.2938232421875,815.875244140625
395,0,0.8019000887870789,897.3723754882812,238.1238555908203,988.7294921875,663.312255859375
395,0,0.9071411490440369,1049.8248291015625,156.13189697265625,1346.8201904296875,937.6437377929688
395,0,0.9162889719009399,454.1780090332031,120.83600616455078,689.804931640625,840.3660888671875
395,0,0.8089685440063477,698.1376953125,309.51617431640625,774.5015258789062,529.0639038085938
396,0,0.8693737387657166,759.7117309570312,223.35264587402344,914.43212890625,753.6045532226562
396,0,0.8826914429664612,198.0526123046875,162.53646850585938,447.9599609375,821.422607421875
396,0,0.7913975119590759,895.8391723632812,239.0473175048828,989.2474365234375,663.6785888671875
396,0,0.9098051190376282,1049.5172119140625,156.5779266357422,1344.934326171875,942.0120239257812
396,0,0.9184369444847107,445.6915588378906,106.57148742675781,688.3577880859375,842.3616943359375
396,0,0.8203656673431396,695.8004150390625,308.6236877441406,772.7938232421875,527.7703247070312
397,0,0.8796262145042419,753.5720825195312,221.7928009033203,911.1729736328125,755.5784912109375
397,0,0.8827276229858398,166.49905395507812,153.8852996826172,439.7732849121094,829.5449829101562
397,0,0.8279237747192383,890.7357788085938,238.2579345703125,986.8158569335938,665.5239868164062
397,0,0.9023052453994751,1050.3695068359375,153.96139526367188,1344.1494140625,943.3067626953125
397,0,0.9130896925926208,434.5335388183594,98.35881805419922,686.3020629882812,847.6058349609375
397,0,0.7525608539581299,693.0462646484375,306.3171081542969,769.9187622070312,526.2235717773438
398,0,0.8688300251960754,744.9655151367188,220.02774047851562,907.4826049804688,754.3802490234375
398,0,0.893872857093811,137.8050994873047,144.7237091064453,429.76885986328125,836.4852294921875
398,0,0.8226544260978699,884.5748901367188,238.61117553710938,984.2219848632812,664.0413208007812
398,0,0.8978056907653809,1050.4093017578125,155.01934814453125,1343.1473388671875,945.7086791992188
398,0,0.9128364324569702,424.493896484375,89.55033874511719,682.1678466796875,851.6419677734375
398,0,0.698879063129425,690.6538696289062,305.15411376953125,762.0300903320312,526.815185546875
399,0,0.8690279126167297,736.1542358398438,217.6148223876953,901.9005126953125,750.4869384765625
399,0,0.9005383849143982,129.80369567871094,141.06817626953125,417.46063232421875,844.5137329101562
399,0,0.8213571310043335,880.95361328125,242.80406188964844,976.5172729492188,672.8038940429688
399,0,0.9019061923027039,1049.6517333984375,155.1559295654297,1340.4864501953125,946.7546997070312
399,0,0.8864790201187134,415.7691345214844,90.08712768554688,680.3540649414062,856.0045776367188
399,0,0.6856643557548523,688.1470947265625,305.0330810546875,757.05615234375,526.1874389648438
400,0,0.8798967003822327,736.1412353515625,213.5103759765625,901.2640991210938,739.7976684570312
400,0,0.896871030330658,122.01820373535156,139.5176239013672,406.20635986328125,854.4844360351562
400,0,0.8537291884422302,876.3704223632812,243.67855834960938,972.3733520507812,678.407958984375
400,0,0.8906008005142212,1049.302490234375,155.44155883789062,1338.508056640625,946.2896118164062
400,0,0.8956938982009888,409.0044860839844,84.06278228759766,681.4117431640625,863.6416625976562
400,0,0.6949148178100586,684.6543579101562,304.5516052246094,753.1080932617188,525.9998779296875
401,0,0.907629132270813,730.4509887695312,209.1651153564453,897.3101806640625,734.7786254882812
401,0,0.8872867822647095,116.53730773925781,141.0052490234375,396.21539306640625,869.637451171875
401,0,0.857831597328186,875.216064453125,243.73626708984375,972.6249389648438,677.77978515625
401,0,0.8847901821136475,1052.0130615234375,148.97181701660156,1338.3267822265625,946.4689331054688
401,0,0.8850645422935486,401.4372253417969,79.15153503417969,680.6135864257812,878.1488647460938
401,0,0.614059567451477,684.6004028320312,303.8396911621094,749.17041015625,529.3243408203125
402,0,0.9054040312767029,725.1173706054688,208.1626739501953,895.0014038085938,738.41064453125
402,0,0.8737155795097351,110.43051147460938,136.47299194335938,386.52325439453125,885.2735595703125
402,0,0.859415590763092,872.5853271484375,243.38360595703125,973.28955078125,679.2787475585938
402,0,0.8918296694755554,1056.9149169921875,145.62393188476562,1339.8946533203125,945.7459106445312
402,0,0.8864719867706299,392.62957763671875,76.08348083496094,678.2329711914062,891.0846557617188
402,0,0.55772864818573,685.6431884765625,304.5394287109375,747.2479248046875,533.228271484375
403,0,0.9143478274345398,725.1631469726562,209.3587188720703,893.2991333007812,741.2662353515625
403,0,0.8755041360855103,94.09931945800781,141.21034240722656,377.0128173828125,902.7850952148438
403,0,0.8447438478469849,873.185302734375,244.2743377685547,975.0549926757812,685.8232421875
403,0,0.8913452625274658,1065.3563232421875,146.4911346435547,1342.9735107421875,947.2492065429688
403,0,0.8836290836334229,386.5760803222656,73.8466796875,678.0569458007812,903.4730224609375
403,0,0.4944950342178345,685.4292602539062,305.7738952636719,745.9769287109375,532.01318359375
404,0,0.9097872972488403,726.5186767578125,211.15858459472656,892.72265625,742.0875854492188
404,0,0.8695630431175232,77.72681427001953,138.93795776367188,366.68206787109375,914.6640014648438
404,0,0.8494405746459961,871.8922119140625,244.74331665039062,975.86767578125,678.6118774414062
404,0,0.8886647820472717,1063.9578857421875,146.88841247558594,1345.1566162109375,947.3838500976562
404,0,0.8827336430549622,373.5213623046875,75.10131072998047,675.8793334960938,916.9255981445312
404,0,0.5053430199623108,686.6309204101562,307.6656494140625,743.6036987304688,535.7597045898438
405,0,0.9062504768371582,729.0202026367188,211.13967895507812,893.452880859375,744.060546875
405,0,0.8860188722610474,56.3062744140625,131.14361572265625,359.6505126953125,922.9498901367188
405,0,0.85719895362854,873.6884155273438,242.69534301757812,975.2666625976562,680.2979125976562
405,0,0.8897741436958313,1069.7652587890625,144.8176727294922,1348.873046875,934.1799926757812
405,0,0.8978192210197449,365.1298828125,77.84765625,678.0584716796875,927.2506103515625
405,0,0.5989598631858826,689.4060668945312,305.33197021484375,747.3617553710938,533.23681640625
406,0,0.9016507863998413,726.1978149414062,212.0817108154297,894.9617919921875,747.10498046875
406,0,0.901382327079773,58.09077453613281,125.0840835571289,357.5194396972656,928.1630859375
406,0,0.8549894094467163,872.0629272460938,241.81459045410156,975.849609375,681.868408203125
406,0,0.9046163558959961,1070.8616943359375,144.69699096679688,1352.2335205078125,929.840087890625
406,0,0.8973768353462219,353.1355285644531,75.197265625,678.6334838867188,936.7022705078125
406,0,0.6027272939682007,690.5792846679688,305.8097229003906,747.336181640625,543.6758422851562
407,0,0.8924857974052429,730.9619750976562,216.53646850585938,898.4841918945312,750.2425537109375
407,0,0.9041333794593811,46.6368522644043,119.04864501953125,355.98175048828125,933.2034912109375
407,0,0.8674811124801636,871.2948608398438,240.74578857421875,981.0187377929688,679.7957153320312
407,0,0.9185550212860107,1077.2928466796875,145.48106384277344,1354.7938232421875,932.2039184570312
407,0,0.8947304487228394,343.3202209472656,71.04707336425781,675.2562866210938,950.6307373046875
407,0,0.6212052702903748,693.0745849609375,305.8143310546875,748.5625610351562,550.7351684570312
408,0,0.8910825848579407,734.9071655273438,220.33494567871094,899.80810546875,755.0755004882812
408,0,0.9162558317184448,44.95967483520508,114.47623443603516,357.8494873046875,937.8938598632812
408,0,0.8483925461769104,874.2731323242188,240.6177978515625,990.3306274414062,679.9119873046875
408,0,0.9145731925964355,1086.05810546875,148.05548095703125,1356.1954345703125,936.95703125
408,0,0.9034237861633301,349.9521789550781,66.09220886230469,673.4345703125,968.77978515625
408,0,0.5920788049697876,697.9466552734375,308.9587097167969,751.3002319335938,554.6135864257812
409,0,0.881886899471283,739.9442138671875,220.5331268310547,903.641357421875,758.5196533203125
409,0,0.9126269817352295,43.88521957397461,109.59823608398438,360.2850036621094,945.2186279296875
409,0,0.8396653532981873,879.4745483398438,243.7772979736328,996.6300659179688,676.1287231445312
409,0,0.9175130724906921,1091.2769775390625,150.68756103515625,1359.278076171875,943.064453125
409,0,0.9107006192207336,356.6143493652344,64.65637969970703,672.216064453125,986.4860229492188
409,0,0.6088666319847107,699.7556762695312,304.25213623046875,764.5547485351562,556.22705078125
410,0,0.8647276759147644,741.6115112304688,223.90574645996094,906.79052734375,758.5265502929688
410,0,0.9158837795257568,30.11777687072754,102.03599548339844,341.99029541015625,948.5006103515625
410,0,0.8566032648086548,885.2085571289062,242.76608276367188,1003.8306884765625,674.0
410,0,0.9193020462989807,1098.7103271484375,152.16744995117188,1362.5809326171875,948.7964477539062
410,0,0.9114465117454529,357.8595275878906,61.61161804199219,672.1149291992188,1000.0601806640625
410,0,0.6460196375846863,707.30224609375,308.2308349609375,771.2105102539062,551.6776123046875
411,0,0.871262788772583,744.4620361328125,228.78781127929688,910.3587646484375,757.6994018554688
411,0,0.9187460541725159,17.621610641479492,95.51777648925781,332.35113525390625,951.8280029296875
411,0,0.8404032588005066,889.462890625,242.9455108642578,1009.05078125,676.0606689453125
411,0,0.9104270339012146,1107.60498046875,151.60205078125,1369.273681640625,950.5946655273438
411,0,0.8915948867797852,349.8932189941406,54.790626525878906,674.6503295898438,1020.9966430664062
411,0,0.6267516016960144,710.114501953125,307.9635314941406,775.158935546875,549.6572265625
412,0,0.8866921663284302,748.2726440429688,229.63002014160156,914.6661987304688,754.7578735351562
412,0,0.9285887479782104,1.0966674089431763,90.14505004882812,326.06390380859375,956.2803344726562
412,0,0.846802294254303,892.6962890625,239.056884765625,1013.8370361328125,676.446044921875
412,0,0.9097296595573425,1108.037353515625,156.83624267578125,1378.5166015625,954.052978515625
412,0,0.9044641852378845,345.28515625,47.54966354370117,672.0348510742188,1038.696044921875
412,0,0.5468577146530151,721.5173950195312,308.68316650390625,778.3384399414062,556.5343627929688
413,0,0.8693755269050598,751.1846923828125,225.73744201660156,918.57763671875,752.7161254882812
413,0,0.9362814426422119,0.0,80.52969360351562,320.6458435058594,960.3109741210938
413,0,0.840218186378479,897.7958374023438,238.19204711914062,1023.4860229492188,677.144287109375
413,0,0.9018087387084961,1112.7203369140625,155.14305114746094,1382.9791259765625,960.4837036132812
413,0,0.9113242030143738,336.2187805175781,33.643917083740234,664.7013549804688,1048.9405517578125
413,0,0.5359728336334229,725.7559204101562,307.02447509765625,782.1173095703125,552.9962158203125
414,0,0.8576520681381226,752.87158203125,223.3478240966797,921.1619873046875,754.3697509765625
414,0,0.9200818538665771,0.0,73.99061584472656,311.0019226074219,963.2920532226562
414,0,0.8311904072761536,902.2518310546875,238.18161010742188,1027.538330078125,680.1860961914062
414,0,0.8950632810592651,1115.6375732421875,155.12139892578125,1386.8297119140625,964.2090454101562
414,0,0.9283307194709778,323.2727355957031,24.902084350585938,664.6471557617188,1053.4884033203125
414,0,0.46926242113113403,728.99072265625,303.1766052246094,784.8394775390625,543.709228515625
415,0,0.8510445952415466,752.3887939453125,222.40794372558594,923.6892700195312,749.2013549804688
415,0,0.9105502367019653,0.0,64.61773681640625,301.52667236328125,979.0834350585938
415,0,0.8269640803337097,906.4595947265625,239.13241577148438,1027.60302734375,681.411865234375
415,0,0.8962647914886475,1120.837646484375,153.26553344726562,1389.26416015625,969.6200561523438
415,0,0.9205978512763977,314.9538269042969,13.494830131530762,659.17431640625,1055.4134521484375
415,0,0.5314790606498718,730.5881958007812,299.9818115234375,789.5252075195312,537.7672119140625
416,0,0.8014516234397888,751.0435791015625,222.08084106445312,926.7994384765625,741.0977172851562
416,0,0.9081055521965027,0.0,56.05453109741211,300.8802795410156,1003.4155883789062
416,0,0.8266581892967224,911.078857421875,240.64767456054688,1026.4083251953125,676.9071655273438
416,0,0.9035585522651672,1125.4420166015625,152.7418975830078,1391.7117919921875,974.7128295898438
416,0,0.8892130255699158,302.09576416015625,0.6156953573226929,656.0231323242188,1058.4903564453125
416,0,0.6292621493339539,732.0391235351562,300.00518798828125,792.4069213867188,536.8527221679688
416,0,0.7409753203392029,658.1945190429688,341.54180908203125,728.1607666015625,536.0936279296875
417,0,0.8647347092628479,750.474853515625,219.64369201660156,927.978515625,747.4428100585938
417,0,0.9076592922210693,0.0,51.170406341552734,273.82818603515625,1029.7779541015625
417,0,0.8464317321777344,912.3046264648438,240.3216552734375,1030.778076171875,677.029541015625
417,0,0.8991724252700806,1127.423583984375,149.55593872070312,1394.4808349609375,974.4896240234375
417,0,0.9148925542831421,277.8130187988281,0.638495683670044,649.6942749023438,1058.034912109375
417,0,0.6389449834823608,732.4140625,299.4660949707031,790.9619140625,537.1026000976562
417,0,0.7315836548805237,657.2789916992188,339.3189697265625,725.6194458007812,533.7430419921875
418,0,0.8794293999671936,749.4382934570312,217.33631896972656,927.9667358398438,747.1588134765625
418,0,0.9160709381103516,0.0,41.05961227416992,260.83160400390625,1034.6065673828125
418,0,0.8570868372917175,913.43359375,240.225341796875,1030.6669921875,669.5870361328125
418,0,0.900619626045227,1127.3046875,146.76002502441406,1395.3543701171875,970.7567138671875
418,0,0.9187615513801575,259.1705627441406,1.0501633882522583,649.9857177734375,1057.7177734375
418,0,0.4875405430793762,733.930908203125,300.0394592285156,789.6569213867188,541.4324951171875
418,0,0.70278000831604,655.3203125,337.60650634765625,722.2471313476562,534.1205444335938
418,0,0.6881316304206848,1029.260986328125,333.07196044921875,1115.4468994140625,557.7476196289062
419,0,0.8712472319602966,746.4816284179688,217.3352813720703,927.4465942382812,749.877685546875
419,0,0.9281671643257141,0.0,33.62630844116211,245.55612182617188,1036.0704345703125
419,0,0.8625310659408569,912.0015869140625,241.32476806640625,1035.134765625,674.4161987304688
419,0,0.8963519930839539,1125.912841796875,144.3517303466797,1396.71435546875,972.2720336914062
419,0,0.9213478565216064,245.41806030273438,1.587883472442627,645.3897705078125,1057.4136962890625
419,0,0.5530147552490234,733.891357421875,299.15673828125,789.8314819335938,545.847900390625
419,0,0.7652786374092102,653.150634765625,336.19866943359375,721.0470581054688,537.8275756835938
419,0,0.6635045409202576,1030.5433349609375,333.1014709472656,1113.609130859375,557.25927734375
420,0,0.8774627447128296,748.1260375976562,215.89141845703125,925.3629150390625,749.7600708007812
420,0,0.9080820083618164,0.0,24.307830810546875,227.0562286376953,1025.8880615234375
420,0,0.8484098315238953,908.5736083984375,242.79183959960938,1038.947509765625,673.177978515625
420,0,0.8963156342506409,1123.1492919921875,138.40802001953125,1396.7718505859375,973.3150634765625
420,0,0.9330994486808777,221.89295959472656,2.7800521850585938,637.7193603515625,1054.598388671875
420,0,0.45327460765838623,733.2761840820312,300.3384094238281,787.79736328125,548.0084228515625
420,0,0.7433677315711975,647.59912109375,334.8769226074219,721.2089233398438,540.2946166992188
420,0,0.6405946016311646,1029.9844970703125,330.9494323730469,1116.5107421875,555.5491943359375
421,0,0.867887020111084,742.6722412109375,211.45123291015625,923.9271850585938,748.5723266601562
421,0,0.9054595232009888,0.0,15.831500053405762,210.63343811035156,1003.4596557617188
421,0,0.8361131548881531,902.1774291992188,237.67889404296875,1040.36962890625,674.9161376953125
421,0,0.8938583135604858,1117.62353515625,133.84092712402344,1396.679443359375,970.5399169921875
421,0,0.9356316924095154,204.7594451904297,2.378546714782715,627.6841430664062,1051.9730224609375
421,0,0.42401552200317383,730.16455078125,297.099853515625,782.5533447265625,547.7887573242188
421,0,0.7744893431663513,644.841064453125,329.412353515625,720.7821044921875,542.9852905273438
421,0,0.6510283350944519,1029.20947265625,323.86212158203125,1119.20849609375,554.72509765625
422,0,0.8850389719009399,742.1670532226562,210.83035278320312,913.6397705078125,752.5192260742188
422,0,0.8920815587043762,0.0,7.047786235809326,195.05735778808594,1006.392578125
422,0,0.8465392589569092,898.6892700195312,240.72781372070312,1039.8489990234375,674.639404296875
422,0,0.8887743949890137,1113.0911865234375,128.82382202148438,1396.7587890625,959.5476684570312
422,0,0.9293982982635498,187.19027709960938,2.252088785171509,618.241455078125,1062.83935546875
422,0,0.3625541925430298,726.17431640625,297.8394775390625,778.94970703125,549.5643920898438
422,0,0.7754794955253601,641.261474609375,329.2795715332031,718.6295776367188,542.5428466796875
422,0,0.6976627111434937,1026.31396484375,324.2239074707031,1119.1944580078125,556.513671875
423,0,0.8882174491882324,740.1004638671875,214.52548217773438,909.2769165039062,752.8079833984375
423,0,0.8555799722671509,0.0,3.2971508502960205,173.362548828125,1009.8076171875
423,0,0.8377361297607422,895.6310424804688,245.25376892089844,1041.9710693359375,677.4132690429688
423,0,0.9029061794281006,1107.25244140625,132.68731689453125,1399.750244140625,961.5774536132812
423,0,0.9286585450172424,163.67745971679688,1.809159517288208,601.7379760742188,1074.4512939453125
423,0,0.43022915720939636,722.9855346679688,296.1265869140625,776.23876953125,548.3048706054688
423,0,0.7949455380439758,638.7991333007812,329.801025390625,715.1264038085938,541.4529418945312
423,0,0.5988745093345642,1027.4720458984375,324.6386413574219,1115.780029296875,558.7044067382812
424,0,0.8811635375022888,730.6537475585938,215.39608764648438,905.5217895507812,752.0422973632812
424,0,0.868091344833374,0.0,4.644000053405762,148.8121337890625,1017.8801879882812
424,0,0.8542546629905701,891.031494140625,246.27822875976562,1048.7001953125,675.360107421875
424,0,0.9234327673912048,1099.02490234375,128.65760803222656,1398.1285400390625,949.58642578125
424,0,0.9429184794425964,136.09510803222656,3.885242223739624,587.9313354492188,1070.02294921875
424,0,0.4421785771846771,717.6077880859375,292.4029235839844,771.5004272460938,542.7335205078125
424,0,0.7993682026863098,630.5328369140625,326.634033203125,710.9666748046875,543.8880615234375
424,0,0.5726087689399719,1026.32666015625,326.44744873046875,1112.928955078125,555.9949951171875
425,0,0.859921932220459,727.4557495117188,213.49462890625,900.86865234375,751.1513061523438
425,0,0.49920928478240967,0.0,35.21177291870117,125.47923278808594,1007.9378662109375
425,0,0.8452507257461548,893.3450317382812,241.28965759277344,1037.146728515625,674.3939208984375
425,0,0.925929069519043,1092.43310546875,124.00434875488281,1400.210693359375,941.96044921875
425,0,0.9304670691490173,111.80843353271484,3.148127317428589,579.205078125,1073.927490234375
425,0,0.39256751537323,712.780029296875,289.1416931152344,768.8273315429688,540.7529907226562
425,0,0.8203524947166443,626.4828491210938,326.8173828125,701.0504150390625,546.606201171875
425,0,0.5924521088600159,1024.5416259765625,321.0242614746094,1115.27001953125,556.1396484375
426,0,0.8700507879257202,723.5226440429688,215.02261352539062,902.0669555664062,751.768310546875
426,0,0.4476214647293091,0.0,103.92695617675781,98.65686798095703,1003.1146850585938
426,0,0.861303985118866,892.9158935546875,238.85609436035156,1034.3717041015625,667.821533203125
426,0,0.9288047552108765,1086.41943359375,125.4575424194336,1399.9644775390625,939.8435668945312
426,0,0.9209149479866028,80.60331726074219,3.9189794063568115,565.1029663085938,1070.598876953125
426,0,0.26638561487197876,711.1371459960938,287.9961853027344,769.8272094726562,538.3310546875
426,0,0.8371981978416443,624.144287109375,327.6312561035156,701.6272583007812,553.4166259765625
426,0,0.5994051098823547,1024.248046875,317.4924011230469,1117.451416015625,558.68701171875
427,0,0.8792862296104431,719.1130981445312,216.95542907714844,898.068359375,753.460693359375
427,0,0.8579974174499512,892.8873291015625,237.33349609375,1034.7806396484375,670.3230590820312
427,0,0.925919771194458,1080.546875,127.5112533569336,1398.44677734375,945.6875
427,0,0.9302277565002441,46.747230529785156,2.42691707611084,553.9381713867188,1066.4971923828125
427,0,0.30527108907699585,709.3432006835938,286.8311767578125,769.03466796875,533.1344604492188
427,0,0.800543487071991,619.9642944335938,327.1903076171875,697.3003540039062,557.421142578125
427,0,0.5808209180831909,1024.36279296875,316.33941650390625,1115.75146484375,560.859130859375
428,0,0.8828794956207275,713.7620239257812,218.0449676513672,894.6427612304688,757.220458984375
428,0,0.8227912187576294,892.4619750976562,237.46023559570312,1030.314208984375,671.7214965820312
428,0,0.9243053197860718,1078.9134521484375,127.19889068603516,1394.7509765625,950.8463745117188
428,0,0.9515272378921509,2.0457229614257812,1.6645265817642212,543.8890991210938,1069.233642578125
428,0,0.8028305172920227,618.2340698242188,327.8070983886719,692.130859375,551.12158203125
428,0,0.5281737446784973,1024.8187255859375,318.4142761230469,1109.1944580078125,561.2861938476562
429,0,0.8904985785484314,706.9038696289062,215.62171936035156,891.1787109375,761.8655395507812
429,0,0.8263649940490723,891.4130249023438,236.75091552734375,1024.051513671875,667.0722045898438
429,0,0.9228297472000122,1080.2977294921875,127.53441619873047,1395.210205078125,958.3656005859375
429,0,0.9549630880355835,0.0,2.689850330352783,536.427490234375,1069.8607177734375
429,0,0.8338521718978882,612.5072021484375,327.05023193359375,689.9349365234375,555.0750122070312
429,0,0.49950850009918213,1025.5386962890625,318.8675842285156,1107.6832275390625,561.7896728515625
430,0,0.8967642188072205,696.296875,214.6464080810547,886.4635620117188,769.8636474609375
430,0,0.8381109237670898,889.1801147460938,234.60935974121094,1021.6793212890625,666.63818359375
430,0,0.9189227819442749,1074.7476806640625,131.88037109375,1393.441650390625,959.6846313476562
430,0,0.9552595615386963,0.0,2.844125509262085,525.4652709960938,1065.5286865234375
430,0,0.8007574081420898,606.8654174804688,328.8574523925781,684.1737060546875,553.447509765625
430,0,0.4225732982158661,1027.7203369140625,318.30426025390625,1106.1229248046875,563.3999633789062
431,0,0.8855506777763367,688.3887329101562,213.64491271972656,871.4957275390625,771.4855346679688
431,0,0.8197177648544312,887.2507934570312,235.86032104492188,1022.55078125,666.09375
431,0,0.9152163863182068,1070.7239990234375,130.8572998046875,1392.9056396484375,962.614990234375
431,0,0.9514562487602234,0.0,3.5037546157836914,517.659423828125,1068.4095458984375
431,0,0.8032107949256897,603.197509765625,329.4463195800781,678.7593994140625,556.3223266601562
431,0,0.3808005452156067,1030.89697265625,317.9488525390625,1107.6878662109375,568.170166015625
431,0,0.7137880325317383,522.8496704101562,317.3985290527344,579.5311279296875,515.792724609375
432,0,0.8698211312294006,682.3023071289062,210.9768524169922,866.8577270507812,737.5494995117188
432,0,0.8461259603500366,888.2506713867188,233.13824462890625,1017.8720703125,662.4751586914062
432,0,0.9177065491676331,1071.2423095703125,129.3838653564453,1393.4674072265625,966.1390380859375
432,0,0.954854428768158,0.0,0.6794306635856628,506.48052978515625,1070.935791015625
432,0,0.7923350930213928,600.5670166015625,328.1081237792969,674.7514038085938,559.545654296875
432,0,0.3535076677799225,1033.3321533203125,318.34295654296875,1104.7142333984375,567.2234497070312
432,0,0.619272768497467,520.0469360351562,320.1610107421875,573.8911743164062,515.5015258789062
433,0,0.8513337969779968,677.0199584960938,206.10073852539062,864.402587890625,729.3231811523438
433,0,0.8406911492347717,887.4500122070312,230.74603271484375,1016.9205322265625,661.2200317382812
433,0,0.9227678775787354,1073.4918212890625,128.159912109375,1394.631103515625,970.4276123046875
433,0,0.9507386088371277,0.0,0.41184473037719727,495.2728271484375,1069.7447509765625
433,0,0.7880465984344482,596.384765625,325.6225280761719,670.9313354492188,560.92822265625
433,0,0.3085024654865265,1032.6976318359375,317.9217224121094,1107.884521484375,568.878662109375
433,0,0.355887234210968,519.8037719726562,331.0882873535156,570.7551879882812,516.7713012695312
434,0,0.8645371198654175,674.1635131835938,202.95071411132812,852.2123413085938,732.1790161132812
434,0,0.8327067494392395,887.7379150390625,228.79881286621094,1020.9295654296875,660.8845825195312
434,0,0.9244221448898315,1072.394775390625,128.03607177734375,1395.605224609375,969.2978515625
434,0,0.9551616907119751,0.02038823440670967,0.017688998952507973,485.2466735839844,1066.3966064453125
434,0,0.781088650226593,592.5958251953125,323.8016052246094,668.7882690429688,560.1611328125
434,0,0.25837442278862,1036.943115234375,313.7450866699219,1106.7913818359375,555.4469604492188
434,0,0.3586966395378113,517.5757446289062,354.8293762207031,566.868896484375,514.6224365234375
435,0,0.8651942610740662,669.6376953125,195.5718231201172,844.8059692382812,736.76953125
435,0,0.8115965723991394,888.6626586914062,225.1475830078125,1020.5867919921875,659.2111206054688
435,0,0.9237257242202759,1078.8204345703125,125.291748046875,1398.0518798828125,971.0625
435,0,0.9470274448394775,0.0,1.9845221042633057,473.820556640625,1069.5804443359375
435,0,0.8189080357551575,593.2523193359375,320.0353088378906,668.022705078125,553.2943115234375
435,0,0.3378731310367584,1040.32861328125,310.12689208984375,1106.4228515625,554.2103271484375
435,0,0.47778865694999695,517.4072875976562,354.969482421875,564.6670532226562,508.8370361328125
436,0,0.9003168940544128,665.2467041015625,190.65530395507812,840.5282592773438,729.3430786132812
436,0,0.8213254809379578,895.5490112304688,220.0618133544922,1018.0991821289062,657.617919921875
436,0,0.9147236943244934,1079.9368896484375,119.71128845214844,1400.94189453125,962.9329833984375
436,0,0.949280858039856,0.0,2.4602010250091553,457.0403747558594,1064.5472412109375
436,0,0.8079714775085449,591.0223999023438,315.6806945800781,667.2846069335938,546.3615112304688
436,0,0.3144835829734802,1029.90771484375,309.1034851074219,1106.126953125,548.8162841796875
436,0,0.5162395238876343,514.8543090820312,350.1797790527344,564.4309692382812,508.814697265625
437,0,0.907427966594696,659.8958740234375,190.26918029785156,839.8814086914062,732.5379638671875
437,0,0.828722357749939,897.0635375976562,219.72036743164062,1017.9403686523438,658.1152954101562
437,0,0.9093407988548279,1081.8759765625,117.98828125,1403.4443359375,952.0624389648438
437,0,0.9471416473388672,0.0,4.02883243560791,435.2947082519531,1067.6702880859375
437,0,0.811872124671936,586.8057250976562,313.2513122558594,665.7786254882812,549.3348999023438
437,0,0.41263771057128906,1009.9697265625,308.6591491699219,1098.2174072265625,545.6211547851562
437,0,0.5518468618392944,512.5761108398438,342.96295166015625,563.048828125,508.26629638671875
438,0,0.9061457514762878,658.1642456054688,191.43191528320312,837.4039916992188,730.2778930664062
438,0,0.8331640958786011,900.4197387695312,219.68316650390625,1015.785888671875,657.8366088867188
438,0,0.9248011112213135,1085.6156005859375,115.10602569580078,1405.6009521484375,950.8221435546875
438,0,0.9350968599319458,0.0,4.086745262145996,411.498046875,1068.75048828125
438,0,0.8043139576911926,580.9657592773438,308.8442077636719,664.4759521484375,553.2543334960938
438,0,0.677760660648346,995.3572387695312,303.06475830078125,1075.92822265625,546.8373413085938
438,0,0.468384325504303,509.47784423828125,338.5240478515625,563.2189331054688,510.0948486328125
439,0,0.92228102684021,656.6554565429688,190.006103515625,833.4318237304688,726.1505126953125
439,0,0.8184530138969421,900.2866821289062,217.82806396484375,1014.4876708984375,655.9015502929688
439,0,0.9209316372871399,1088.6651611328125,109.84025573730469,1408.9664306640625,926.8922729492188
439,0,0.9364640712738037,0.12726306915283203,4.300589561462402,382.6383972167969,1067.939697265625
439,0,0.8069361448287964,577.7667846679688,306.5179138183594,660.720458984375,552.1957397460938
439,0,0.671261727809906,991.8040771484375,299.1704406738281,1071.052001953125,548.9812622070312
439,0,0.4084058105945587,509.42755126953125,345.6371765136719,560.4451293945312,508.8607177734375
439,0,0.7964719533920288,806.9212036132812,303.0464172363281,894.9511108398438,530.4799194335938
440,0,0.9160819053649902,657.1280517578125,191.45384216308594,834.30029296875,727.480712890625
440,0,0.8207100033760071,899.6082153320312,218.67239379882812,1016.8887329101562,655.0371704101562
440,0,0.9124593138694763,1094.9801025390625,107.4154052734375,1413.1246337890625,932.6990966796875
440,0,0.9179947972297668,0.5661230087280273,4.120983600616455,362.944091796875,1071.9781494140625
440,0,0.7948386669158936,577.572265625,305.7377014160156,660.3695068359375,553.2466430664062
440,0,0.7062288522720337,993.3917236328125,297.0262756347656,1071.56884765625,548.47265625
440,0,0.4709402322769165,509.2625427246094,321.78216552734375,561.794921875,508.6697692871094
440,0,0.8040657639503479,805.5872192382812,300.9400634765625,893.7501220703125,532.1538696289062
441,0,0.9137123227119446,659.5016479492188,196.47537231445312,835.5335693359375,722.840576171875
441,0,0.8237056136131287,900.5712890625,218.5160675048828,1018.8394165039062,657.9827270507812
441,0,0.908636748790741,1101.0128173828125,107.62059020996094,1418.5845947265625,935.6220092773438
441,0,0.8448139429092407,0.0,2.6736438274383545,330.9130554199219,1065.379638671875
441,0,0.7677436470985413,579.958251953125,305.2204895019531,661.1631469726562,555.6408081054688
441,0,0.729444146156311,996.5126342773438,301.6568908691406,1076.197998046875,544.1238403320312
441,0,0.5696842074394226,511.9200439453125,334.4347229003906,563.1240844726562,506.3134460449219
441,0,0.8098112344741821,808.81298828125,300.3104553222656,896.0128173828125,531.6751098632812
442,0,0.9040207862854004,662.5206298828125,199.36343383789062,837.3180541992188,727.94775390625
442,0,0.8203746676445007,904.8403930664062,222.00595092773438,1019.7545776367188,659.1642456054688
442,0,0.9019937515258789,1107.3646240234375,113.4765853881836,1426.6209716796875,929.9194946289062
442,0,0.8914968371391296,0.0690363422036171,2.9116337299346924,292.73919677734375,1062.1136474609375
442,0,0.7558768391609192,582.5892944335938,306.1803283691406,664.4419555664062,557.4845581054688
442,0,0.7636426091194153,1000.3845825195312,301.3401184082031,1079.1182861328125,542.3322143554688
442,0,0.5981807708740234,514.50146484375,330.6586608886719,566.0429077148438,507.4090576171875
442,0,0.8021814823150635,812.8726806640625,299.247802734375,898.6240844726562,531.65576171875
443,0,0.8958041071891785,666.6404418945312,199.32846069335938,840.5819091796875,726.4891357421875
443,0,0.818780779838562,908.5823974609375,221.86996459960938,1022.4859619140625,657.7932739257812
443,0,0.8990395665168762,1115.0845947265625,117.07380676269531,1432.39111328125,931.279541015625
443,0,0.8638046383857727,0.23503509163856506,3.0113577842712402,266.2979736328125,1068.22216796875
443,0,0.7687919735908508,585.115478515625,304.59912109375,666.2230834960938,556.4078979492188
443,0,0.7468172311782837,1002.1882934570312,297.0042419433594,1082.214599609375,539.6870727539062
443,0,0.4988912045955658,516.6834716796875,340.0796813964844,570.1310424804688,507.1817626953125
443,0,0.801543116569519,817.271484375,297.1339111328125,901.22412109375,530.0870971679688
444,0,0.90069979429245,670.9207153320312,200.2659454345703,844.6657104492188,715.6883544921875
444,0,0.8395370244979858,911.0307006835938,222.8505096435547,1023.8924560546875,659.6552734375
444,0,0.906594455242157,1123.04736328125,122.87825775146484,1436.9884033203125,939.7557373046875
444,0,0.8007292151451111,0.16791196167469025,2.402576446533203,233.03074645996094,1066.68017578125
444,0,0.7949190139770508,587.7846069335938,306.19110107421875,666.7098999023438,557.3206176757812
444,0,0.7457998991012573,1007.3177490234375,294.8370361328125,1086.71240234375,541.5443725585938
444,0,0.4701194763183594,522.2937622070312,348.1802673339844,573.0125122070312,509.27398681640625
444,0,0.7706751823425293,820.5398559570312,297.1109619140625,908.6651611328125,530.9960327148438
445,0,0.8976039290428162,677.9075317382812,200.19845581054688,850.8721923828125,707.3284301757812
445,0,0.8520853519439697,911.0364990234375,220.33740234375,1027.7529296875,663.1325073242188
445,0,0.9192696809768677,1130.890869140625,125.95153045654297,1443.506103515625,946.4867553710938
445,0,0.3311052918434143,0.5713325142860413,2.7912464141845703,202.08868408203125,1062.8709716796875
445,0,0.8222728371620178,589.3475341796875,307.5345764160156,670.5982055664062,557.3804321289062
445,0,0.78924560546875,1013.6279296875,295.3111267089844,1092.9346923828125,541.9418334960938
445,0,0.49679651856422424,524.1715087890625,329.2065734863281,578.2978515625,513.6775512695312
445,0,0.77158123254776,826.7277221679688,292.79376220703125,913.7201538085938,529.980224609375
446,0,0.892959475517273,681.8287963867188,203.18295288085938,855.8634033203125,718.1360473632812
446,0,0.8650187253952026,913.8424682617188,217.9095001220703,1038.4390869140625,661.71142578125
446,0,0.9213202595710754,1138.3743896484375,129.48785400390625,1449.906005859375,954.412841796875
446,0,0.7791869044303894,0.1776433140039444,3.0335750579833984,162.79200744628906,947.2821655273438
446,0,0.7961832284927368,588.0099487304688,310.62353515625,675.303466796875,558.2206420898438
446,0,0.8099094033241272,1018.7653198242188,296.54486083984375,1099.1566162109375,542.0106811523438
446,0,0.36326274275779724,528.8793334960938,327.88580322265625,585.4645385742188,537.7985229492188
446,0,0.7555617690086365,835.129150390625,296.4084167480469,919.2902221679688,530.8303833007812
447,0,0.8930219411849976,691.9536743164062,205.2894744873047,863.7852172851562,723.10205078125
447,0,0.8460003733634949,924.2002563476562,218.5645294189453,1041.335205078125,662.9086303710938
447,0,0.91475909948349,1146.1104736328125,136.9346466064453,1458.33984375,966.1600952148438
447,0,0.7619959115982056,0.19145514070987701,0.7884805798530579,129.39630126953125,966.1299438476562
447,0,0.7987120747566223,593.1762084960938,314.49884033203125,680.5814208984375,553.7949829101562
447,0,0.7983411550521851,1026.1329345703125,295.182861328125,1107.939453125,541.8065185546875
447,0,0.6681855320930481,536.8283081054688,323.5819396972656,591.0799560546875,516.9781494140625
447,0,0.7828031778335571,840.573974609375,297.3163146972656,925.9044799804688,537.0371704101562
448,0,0.8813610076904297,699.8358154296875,206.07899475097656,869.1654663085938,708.6489868164062
448,0,0.8508539199829102,924.7364501953125,219.72007751464844,1045.682861328125,667.0888061523438
448,0,0.8934335112571716,1154.0152587890625,142.67355346679688,1465.4754638671875,968.81494140625
448,0,0.3971611261367798,0.3394952118396759,21.556793212890625,81.34622192382812,1025.0506591796875
448,0,0.8135154843330383,598.4293212890625,314.1495056152344,687.2006225585938,558.0458984375
448,0,0.7995028495788574,1031.391357421875,295.6846923828125,1115.255126953125,545.0850830078125
448,0,0.5565692782402039,541.265380859375,317.3714294433594,596.0070190429688,513.2749633789062
448,0,0.7721907496452332,846.776611328125,299.318115234375,931.6661987304688,537.427734375
449,0,0.8996829390525818,703.6647338867188,200.14736938476562,873.3677978515625,711.1112670898438
449,0,0.8388404846191406,931.5684204101562,218.53904724121094,1050.4598388671875,665.9209594726562
449,0,0.897723913192749,1163.1356201171875,146.54214477539062,1467.912109375,977.9324951171875
449,0,0.7744662761688232,601.4219970703125,314.990966796875,687.727783203125,565.6328735351562
449,0,0.7686293125152588,1037.8133544921875,297.137451171875,1119.4710693359375,546.319091796875
449,0,0.5805705785751343,547.4616088867188,313.2333679199219,602.5952758789062,512.6507568359375
449,0,0.7778603434562683,851.7483520507812,300.009765625,936.7295532226562,538.8366088867188
450,0,0.8632677793502808,710.2174072265625,201.2236328125,879.4720458984375,713.3798217773438
450,0,0.8401230573654175,936.5726318359375,218.3141632080078,1059.333251953125,661.9677734375
450,0,0.9044630527496338,1168.9351806640625,151.8394317626953,1474.660888671875,981.4041137695312
450,0,0.7533069849014282,606.02197265625,312.6127624511719,692.1409301757812,569.2807006835938
450,0,0.770691454410553,1047.9478759765625,301.236328125,1127.1046142578125,547.066650390625
450,0,0.44933950901031494,553.4843139648438,331.2640686035156,607.093994140625,517.9881591796875
450,0,0.729398787021637,856.7362060546875,298.5586242675781,942.7066650390625,536.5156860351562
451,0,0.845382571220398,714.303955078125,202.35365295410156,883.8746337890625,712.4689331054688
451,0,0.8130097985267639,940.5475463867188,219.98793029785156,1065.9036865234375,657.2527465820312
451,0,0.9079387784004211,1177.06396484375,156.95071411132812,1480.91259765625,990.6475219726562
451,0,0.7560599446296692,609.6837158203125,308.94830322265625,695.0918579101562,572.3595581054688
451,0,0.7777907252311707,1054.4434814453125,299.3366394042969,1134.3980712890625,548.79296875
451,0,0.5002288818359375,559.2545166015625,319.27911376953125,614.8592529296875,514.15869140625
451,0,0.7175548672676086,864.2998046875,301.4093322753906,949.5881958007812,539.2401733398438
452,0,0.8386931419372559,721.8092651367188,201.51060485839844,893.9993896484375,720.8419189453125
452,0,0.8199465870857239,947.051513671875,217.6647186279297,1073.0499267578125,655.5623168945312
452,0,0.916225016117096,1182.147216796875,161.4960174560547,1487.453857421875,998.9974365234375
452,0,0.7743821144104004,614.2562866210938,309.2366027832031,700.8648681640625,573.90625
452,0,0.7926663160324097,1065.654541015625,299.09783935546875,1141.845947265625,549.12646484375
452,0,0.6368427276611328,563.2492065429688,311.9559631347656,622.149169921875,513.0206298828125
452,0,0.6786003112792969,872.397705078125,301.5766296386719,955.6636962890625,533.6817626953125
453,0,0.845478355884552,730.3909912109375,201.54087829589844,901.0784912109375,722.2741088867188
453,0,0.8523191809654236,953.3134765625,214.18795776367188,1083.8223876953125,656.772705078125
453,0,0.9260560274124146,1189.2271728515625,161.6061248779297,1496.72900390625,1005.4751586914062
453,0,0.7691177129745483,619.8685302734375,307.5517272949219,706.4255981445312,572.6409301757812
453,0,0.7722374200820923,1071.168212890625,299.2468566894531,1149.1495361328125,551.0285034179688
453,0,0.5844758152961731,570.8471069335938,308.72564697265625,628.09326171875,512.444580078125
453,0,0.7498714923858643,877.564208984375,300.84912109375,962.14208984375,536.517333984375
454,0,0.8783006072044373,739.7517700195312,201.24359130859375,905.8634643554688,722.1224365234375
454,0,0.8481136560440063,960.8457641601562,220.4833526611328,1091.6258544921875,654.8677368164062
454,0,0.9121250510215759,1195.719482421875,161.47698974609375,1499.4002685546875,1008.0257568359375
454,0,0.8003650307655334,620.7882080078125,303.0954284667969,711.5097045898438,570.3572387695312
454,0,0.7522849440574646,1077.9847412109375,298.1841125488281,1155.8836669921875,552.9302368164062
454,0,0.5343206524848938,575.6640625,306.68267822265625,636.78271484375,513.6409912109375
454,0,0.748318612575531,883.0513305664062,301.1402893066406,969.5556030273438,537.7127075195312
455,0,0.846441388130188,752.9161987304688,199.7263641357422,916.2528686523438,715.6412353515625
455,0,0.8685110807418823,968.6248779296875,214.9393310546875,1092.3665771484375,654.487060546875
455,0,0.9001765847206116,1202.4781494140625,157.7881317138672,1509.587158203125,998.1976318359375
455,0,0.7992193698883057,627.7476806640625,305.1710205078125,714.3516235351562,570.1085205078125
455,0,0.7716876268386841,1085.554443359375,294.52801513671875,1163.18701171875,552.7901611328125
455,0,0.5454163551330566,582.2581787109375,305.44488525390625,643.040771484375,518.1672973632812
455,0,0.6865435242652893,889.4354248046875,302.7105712890625,975.6404418945312,534.596923828125
456,0,0.8915481567382812,764.3327026367188,198.52346801757812,922.6123046875,723.98828125
456,0,0.8835744261741638,975.252685546875,206.7609100341797,1100.892822265625,655.7991943359375
456,0,0.8923411965370178,1206.0169677734375,159.01502990722656,1521.378173828125,995.3446655273438
456,0,0.7408469319343567,633.7427368164062,304.0741271972656,722.148681640625,559.664306640625
456,0,0.7692892551422119,1089.6810302734375,291.4432373046875,1170.9552001953125,549.6737060546875
456,0,0.5839712619781494,589.7598266601562,300.0524597167969,647.7760620117188,514.26513671875
456,0,0.7322630882263184,897.83203125,304.1587219238281,983.1892700195312,534.9210205078125
457,0,0.8775482177734375,768.9352416992188,202.8617401123047,929.9884643554688,719.1380004882812
457,0,0.870334804058075,984.9183349609375,209.8610076904297,1110.70068359375,657.121826171875
457,0,0.8850770592689514,1209.26123046875,154.28834533691406,1527.0494384765625,991.90380859375
457,0,0.7597764730453491,639.9393310546875,298.6958923339844,726.678466796875,564.0504760742188
457,0,0.7883992791175842,1101.885986328125,293.2723388671875,1177.430908203125,548.1747436523438
457,0,0.47759291529655457,594.8903198242188,301.6287536621094,653.205322265625,509.0155334472656
457,0,0.7360361218452454,903.6672973632812,300.3588562011719,989.4893188476562,528.586669921875
458,0,0.8756347298622131,774.9922485351562,202.12564086914062,934.2217407226562,720.5244750976562
458,0,0.7949512004852295,997.1813354492188,207.11338806152344,1116.5111083984375,654.880859375
458,0,0.8911827802658081,1208.824951171875,151.8874969482422,1535.580810546875,992.833740234375
458,0,0.773158073425293,642.2235107421875,301.6282653808594,730.8941650390625,566.9065551757812
458,0,0.7631740570068359,1105.6824951171875,291.894287109375,1182.05859375,544.7193603515625
458,0,0.4885214567184448,599.432373046875,291.87567138671875,659.0400390625,509.8211669921875
458,0,0.6988620758056641,912.0223388671875,300.2182312011719,995.8401489257812,528.199951171875
458,0,0.7573551535606384,732.2919311523438,247.91485595703125,813.8193359375,570.27197265625
459,0,0.8331048488616943,781.3015747070312,201.3721923828125,937.0315551757812,723.3681030273438
459,0,0.8310097455978394,997.2412719726562,210.08168029785156,1128.8544921875,653.5008544921875
459,0,0.898876428604126,1208.8919677734375,143.23739624023438,1544.7918701171875,979.2755126953125
459,0,0.7559934258460999,644.5999145507812,298.8808898925781,733.1461791992188,557.682861328125
459,0,0.7498565912246704,1110.405029296875,295.05841064453125,1189.6474609375,546.8660278320312
459,0,0.4457348585128784,603.42431640625,289.3128356933594,662.5906372070312,506.14520263671875
459,0,0.7112471461296082,922.1509399414062,301.7535705566406,1001.6571044921875,529.9879760742188
459,0,0.7406554818153381,730.5946655273438,247.3999481201172,815.78076171875,572.5603637695312
460,0,0.8111897110939026,788.6810913085938,199.832275390625,945.8606567382812,728.7538452148438
460,0,0.8506101965904236,1002.283203125,207.50161743164062,1139.3076171875,652.4940185546875
460,0,0.9140002131462097,1210.333251953125,138.62579345703125,1547.2689208984375,962.6586303710938
460,0,0.7699403166770935,644.0831909179688,293.32916259765625,735.6144409179688,566.3120727539062
460,0,0.7001909613609314,1117.178955078125,293.3459777832031,1195.5499267578125,543.7608032226562
460,0,0.2816755771636963,607.87548828125,288.9466552734375,664.9248046875,503.8121032714844
460,0,0.7248504161834717,925.423583984375,297.64276123046875,1007.4628295898438,533.4302978515625
460,0,0.7333219647407532,732.4091186523438,246.52891540527344,818.4190063476562,573.9930419921875
461,0,0.8452334403991699,790.0478515625,199.54376220703125,946.35888671875,712.4268188476562
461,0,0.8678202033042908,1004.7977905273438,204.20867919921875,1144.561767578125,654.0113525390625
461,0,0.914419949054718,1211.2449951171875,136.18479919433594,1547.3896484375,958.728515625
461,0,0.8028184175491333,642.7969360351562,292.3998718261719,735.334716796875,569.0118408203125
461,0,0.6714106798171997,1121.2010498046875,294.09442138671875,1197.3209228515625,546.0053100585938
461,0,0.3569283187389374,614.5982055664062,292.4522705078125,667.5828247070312,503.46966552734375
461,0,0.7689452767372131,932.3709716796875,297.67822265625,1010.9324340820312,528.5695190429688
461,0,0.7455328106880188,733.3875732421875,245.86923217773438,819.6422729492188,574.82470703125
462,0,0.8513293862342834,788.6578369140625,196.61582946777344,949.6993408203125,707.7645263671875
462,0,0.8598468899726868,1007.0050659179688,204.38026428222656,1146.613525390625,653.771240234375
462,0,0.9116089940071106,1211.920654296875,134.9891357421875,1550.680908203125,956.279052734375
462,0,0.7809810638427734,640.8881225585938,292.1271667480469,733.90478515625,569.9942016601562
462,0,0.6991389989852905,1123.819091796875,291.4812927246094,1199.203369140625,544.934814453125
462,0,0.3504761755466461,617.15966796875,292.2387390136719,668.111328125,509.2533264160156
462,0,0.7624362707138062,935.410888671875,294.1072082519531,1014.254638671875,522.4564208984375
462,0,0.7259504199028015,732.7221069335938,243.70310974121094,818.8731689453125,576.4620361328125
463,0,0.8328777551651001,787.8233032226562,190.94512939453125,950.6788330078125,704.6611938476562
463,0,0.852020263671875,1006.4554443359375,203.6005096435547,1144.2828369140625,652.3092041015625
463,0,0.9088311791419983,1213.9444580078125,129.6136932373047,1554.3731689453125,957.2725219726562
463,0,0.7412079572677612,637.5961303710938,288.3834228515625,731.7660522460938,568.3294677734375
463,0,0.7204241156578064,1121.3150634765625,286.5918273925781,1197.165771484375,542.3355102539062
463,0,0.26317957043647766,617.81298828125,285.6905517578125,667.0972900390625,501.9349365234375
463,0,0.722146213054657,935.437744140625,286.38287353515625,1014.5584716796875,518.1200561523438
463,0,0.7118939161300659,731.1362915039062,239.2472381591797,816.5099487304688,571.6693725585938
464,0,0.8387782573699951,775.1696166992188,183.8028106689453,949.2293701171875,697.4022827148438
464,0,0.8568930625915527,1006.967529296875,201.84579467773438,1144.7381591796875,651.5703735351562
464,0,0.907384991645813,1212.8548583984375,124.90409088134766,1555.18359375,960.2318115234375
464,0,0.7442291378974915,628.736328125,283.9241638183594,729.1188354492188,568.26904296875
464,0,0.6644036769866943,1121.871337890625,286.05047607421875,1199.72802734375,539.1981201171875
464,0,0.7424049973487854,935.1303100585938,280.6960144042969,1013.9854125976562,517.4857177734375
464,0,0.7083920836448669,727.1359252929688,231.86410522460938,814.7645874023438,570.8233642578125
465,0,0.826214611530304,769.0175170898438,179.71926879882812,949.35009765625,691.2725219726562
465,0,0.8563826680183411,1007.6585693359375,199.24331665039062,1147.73779296875,650.7945556640625
465,0,0.9100962281227112,1204.7529296875,122.583740234375,1555.5400390625,964.7078247070312
465,0,0.7481922507286072,627.8925170898438,281.18890380859375,722.8491821289062,567.2433471679688
465,0,0.6168989539146423,1120.7244873046875,282.9776916503906,1197.989990234375,537.3110961914062
465,0,0.7267463803291321,931.8812255859375,280.1929931640625,1013.1076049804688,515.8876953125
465,0,0.744056761264801,722.7081909179688,227.96942138671875,811.4217529296875,569.9095458984375
466,0,0.8539271354675293,767.11279296875,178.5233612060547,948.9901123046875,687.5889892578125
466,0,0.8681290149688721,1008.2052001953125,199.9617156982422,1145.8048095703125,653.342529296875
466,0,0.921943187713623,1198.0001220703125,122.66153717041016,1555.2135009765625,971.6652221679688
466,0,0.7277888059616089,624.158447265625,277.8668212890625,717.9424438476562,568.6708374023438
466,0,0.6713054180145264,1115.96533203125,281.8939208984375,1197.84521484375,537.7138061523438
466,0,0.7568085789680481,929.341796875,279.9339599609375,1013.0413208007812,515.6716918945312
466,0,0.7539649605751038,719.8689575195312,225.09994506835938,805.8004760742188,570.8123168945312
467,0,0.8773324489593506,760.9462890625,177.00457763671875,946.5064697265625,689.0931396484375
467,0,0.8580606579780579,1004.5428466796875,204.0039520263672,1130.01318359375,651.2012329101562
467,0,0.9235752820968628,1193.584716796875,121.65087890625,1554.5723876953125,978.1103515625
467,0,0.7328597903251648,619.5659790039062,275.47235107421875,711.11083984375,569.4384765625
467,0,0.7017461061477661,1112.4967041015625,279.9936828613281,1197.62841796875,539.04296875
467,0,0.781136691570282,926.734619140625,279.2452087402344,1012.0399780273438,517.0416259765625
467,0,0.7471042275428772,713.6898803710938,223.23304748535156,800.936279296875,569.0145263671875
468,0,0.882610559463501,758.9520263671875,176.85215759277344,942.388671875,691.0257568359375
468,0,0.8536921739578247,996.8073120117188,204.10916137695312,1129.6986083984375,650.4528198242188
468,0,0.9221194982528687,1191.19384765625,121.1811294555664,1549.7918701171875,986.9404296875
468,0,0.8456159234046936,608.8740844726562,272.49578857421875,706.3536376953125,570.29638671875
468,0,0.6803237199783325,1112.203857421875,277.92938232421875,1194.046630859375,538.1563110351562
468,0,0.7941818833351135,923.7305297851562,277.8069152832031,1008.1878662109375,515.3583984375
468,0,0.7494708895683289,707.4169921875,219.87432861328125,795.2211303710938,569.373779296875
469,0,0.8657993078231812,758.5226440429688,177.50428771972656,939.7498779296875,691.7733154296875
469,0,0.8373488187789917,993.13671875,200.98709106445312,1137.68994140625,651.9121704101562
469,0,0.9210039377212524,1189.866455078125,122.42086029052734,1546.6048583984375,990.8214111328125
469,0,0.8421873450279236,601.0723266601562,271.11614990234375,701.7442626953125,570.458984375
469,0,0.7109289169311523,1109.373779296875,276.2182312011719,1193.263427734375,538.4328002929688
469,0,0.8156020045280457,921.7713012695312,278.24725341796875,1004.2711791992188,513.8860473632812
469,0,0.798348605632782,698.56689453125,216.06101989746094,793.162841796875,569.2474975585938
470,0,0.879753053188324,757.3480224609375,178.01312255859375,937.4287109375,689.2596435546875
470,0,0.8111531138420105,992.2168579101562,198.71603393554688,1123.8349609375,647.896728515625
470,0,0.9185632467269897,1186.644775390625,121.89887237548828,1544.0384521484375,994.4441528320312
470,0,0.8877246975898743,597.0552978515625,271.89556884765625,694.31005859375,568.4380493164062
470,0,0.6763253211975098,1103.522705078125,273.1015625,1186.6651611328125,538.4558715820312
470,0,0.806810736656189,919.5559692382812,278.90960693359375,1003.7374267578125,514.0309448242188
470,0,0.8640509843826294,693.5247802734375,212.35531616210938,790.5035400390625,570.224853515625
471,0,0.8972678184509277,754.0171508789062,177.08714294433594,934.3928833007812,687.8796997070312
471,0,0.7874191999435425,990.117919921875,197.97805786132812,1122.677001953125,644.1207885742188
471,0,0.914730966091156,1185.130615234375,120.52024841308594,1541.303955078125,996.799072265625
471,0,0.8480684757232666,594.6826782226562,269.62530517578125,690.39599609375,567.8467407226562
471,0,0.6892753839492798,1100.2691650390625,270.4327697753906,1181.538330078125,529.9442138671875
471,0,0.7751925587654114,918.646240234375,276.321044921875,1000.8681640625,513.0007934570312
471,0,0.8506482243537903,687.3812866210938,208.4806671142578,786.46923828125,570.8472290039062
472,0,0.8861634135246277,755.023193359375,178.92283630371094,932.626220703125,687.246826171875
472,0,0.7982504367828369,987.5159301757812,197.25135803222656,1121.8377685546875,648.1806640625
472,0,0.9154151082038879,1185.721923828125,120.66343688964844,1537.941162109375,992.1798095703125
472,0,0.8218732476234436,586.7345581054688,259.8648681640625,686.8379516601562,569.7478637695312
472,0,0.6914452910423279,1102.496826171875,266.7430725097656,1179.72216796875,528.569580078125
472,0,0.7649550437927246,916.3132934570312,277.6365661621094,995.5361938476562,513.5089111328125
472,0,0.8739588856697083,678.53173828125,205.61769104003906,784.6412963867188,570.243408203125
473,0,0.8502001762390137,756.28564453125,181.45675659179688,932.376220703125,687.1618041992188
473,0,0.8164839744567871,986.2665405273438,195.5245819091797,1116.1015625,644.9612426757812
473,0,0.923983633518219,1186.379150390625,119.93827819824219,1536.1453857421875,982.4547729492188
473,0,0.8298523426055908,578.1483154296875,263.9934387207031,680.1986694335938,571.2127685546875
473,0,0.7382832169532776,1098.4970703125,262.443359375,1178.5841064453125,528.6202392578125
473,0,0.7309697866439819,915.2452392578125,278.9251708984375,993.3515014648438,512.6112060546875
473,0,0.8737868666648865,672.615234375,203.19522094726562,783.3779296875,570.9132080078125
474,0,0.8469226360321045,758.455322265625,181.47451782226562,933.158447265625,687.4022216796875
474,0,0.8517306447029114,983.1072998046875,193.79176330566406,1107.8458251953125,635.5693359375
474,0,0.9258175492286682,1187.7147216796875,112.19715881347656,1536.7001953125,978.6113891601562
474,0,0.8300069570541382,569.6446533203125,259.6682434082031,672.727783203125,573.142333984375
474,0,0.7712603807449341,1093.7552490234375,260.1382751464844,1176.54150390625,530.1189575195312
474,0,0.717785656452179,915.9552001953125,275.8907165527344,992.6820678710938,510.7220764160156
474,0,0.854994535446167,668.5401611328125,202.79783630371094,779.4583129882812,572.0648803710938
475,0,0.837702751159668,759.60595703125,181.64376831054688,934.2411499023438,690.6521606445312
475,0,0.8784743547439575,979.49853515625,192.1563262939453,1104.906982421875,631.205322265625
475,0,0.9150028824806213,1189.1484375,109.1475601196289,1536.5465087890625,969.977783203125
475,0,0.8267029523849487,565.6014404296875,257.8634948730469,669.4713745117188,576.4553833007812
475,0,0.7716834545135498,1091.8604736328125,259.2098388671875,1174.7640380859375,530.8770141601562
475,0,0.5651146173477173,919.2189331054688,275.9136657714844,992.1426391601562,509.34527587890625
475,0,0.8466567993164062,663.3450317382812,201.09539794921875,778.3247680664062,580.0703125
476,0,0.8566159009933472,764.1339721679688,181.66136169433594,937.990234375,690.8278198242188
476,0,0.8710726499557495,978.2694702148438,192.4463348388672,1102.9796142578125,630.9093017578125
476,0,0.9115942716598511,1190.5145263671875,104.81036376953125,1536.583251953125,965.5414428710938
476,0,0.8133834600448608,560.4847412109375,259.2032470703125,664.6448974609375,579.2681274414062
476,0,0.7868830561637878,1089.919189453125,260.2139587402344,1173.9915771484375,533.9734497070312
476,0,0.512925386428833,919.58984375,275.3096008300781,994.6093139648438,510.95941162109375
476,0,0.8325600028038025,658.6611328125,202.0054168701172,777.4775390625,583.1961059570312
477,0,0.8670126795768738,768.2967529296875,181.9136199951172,941.6886596679688,693.6473999023438
477,0,0.8548133373260498,977.7536010742188,193.92410278320312,1103.3304443359375,634.9593505859375
477,0,0.9180601239204407,1191.5950927734375,106.52984619140625,1537.1375732421875,950.7046508789062
477,0,0.8201995491981506,554.5628662109375,264.21356201171875,662.2151489257812,586.847412109375
477,0,0.771185040473938,1089.8839111328125,270.7501525878906,1172.6898193359375,539.2345581054688
477,0,0.8282656073570251,654.8798217773438,205.10772705078125,775.139892578125,590.476806640625
478,0,0.8673025369644165,774.203857421875,181.8466339111328,945.8538208007812,695.6942138671875
478,0,0.8482199907302856,978.9270629882812,195.0866241455078,1102.841064453125,636.9171752929688
478,0,0.9170042276382446,1192.5242919921875,104.17495727539062,1538.15283203125,945.9957275390625
478,0,0.817276656627655,547.8451538085938,262.34698486328125,658.6307983398438,588.5352172851562
478,0,0.7679992914199829,1089.5518798828125,271.888427734375,1172.06884765625,540.4453125
478,0,0.8514937162399292,651.636962890625,205.2550506591797,775.2241821289062,590.9635009765625
479,0,0.8731150031089783,777.3160400390625,181.62362670898438,949.1364135742188,693.5753784179688
479,0,0.8565813302993774,979.1173095703125,195.4383087158203,1102.718994140625,640.2927856445312
479,0,0.9149847030639648,1194.48046875,102.91564178466797,1540.70654296875,951.7197875976562
479,0,0.8397651314735413,544.2196655273438,265.7247314453125,655.4071044921875,593.5575561523438
479,0,0.776604175567627,1090.80712890625,272.8004455566406,1176.75146484375,540.030517578125
479,0,0.8642484545707703,648.6812744140625,205.6781463623047,778.2090454101562,594.993896484375
480,0,0.8809553980827332,780.2218627929688,182.9917755126953,952.221435546875,689.676025390625
480,0,0.8505967259407043,981.4473266601562,198.0354461669922,1101.3206787109375,642.7283325195312
480,0,0.9212126731872559,1199.5423583984375,105.70089721679688,1547.0421142578125,959.4104614257812
480,0,0.8467501401901245,541.5715942382812,268.3188781738281,654.7981567382812,598.3362426757812
480,0,0.7767519354820251,1093.4739990234375,274.8846740722656,1178.3753662109375,543.2438354492188
480,0,0.8688743114471436,648.4579467773438,207.4547119140625,780.2996215820312,596.5321655273438
481,0,0.8865976929664612,785.260498046875,187.65469360351562,960.2425537109375,688.7440185546875
481,0,0.8436185717582703,983.0853881835938,199.6522216796875,1103.262939453125,645.5554809570312
481,0,0.9127236008644104,1202.0992431640625,110.5636978149414,1556.6124267578125,970.377197265625
481,0,0.826799213886261,540.374267578125,269.9784851074219,654.7970581054688,605.053955078125
481,0,0.7616288661956787,1095.265869140625,276.48828125,1181.199462890625,547.31494140625
481,0,0.8580873608589172,649.0375366210938,207.15248107910156,783.225830078125,609.20751953125
481,0,0.26830214262008667,929.0819091796875,273.43060302734375,1000.5552368164062,518.732421875
482,0,0.8709522485733032,789.0128173828125,186.30288696289062,964.890625,690.1618041992188
482,0,0.8395088315010071,987.1055297851562,200.763671875,1104.216552734375,646.4588623046875
482,0,0.905372142791748,1205.4222412109375,110.0027084350586,1559.5169677734375,977.8832397460938
482,0,0.8176403641700745,540.4417724609375,270.88507080078125,654.9932250976562,608.2933959960938
482,0,0.7620983719825745,1098.0823974609375,273.6016845703125,1185.837646484375,546.6415405273438
482,0,0.8704190850257874,648.9341430664062,205.39698791503906,785.95068359375,612.2905883789062
482,0,0.33587566018104553,931.3671875,273.8901672363281,1001.9645385742188,518.637451171875
483,0,0.8760980367660522,793.00634765625,185.9986114501953,970.425048828125,702.6626586914062
483,0,0.8354972004890442,990.2672119140625,203.5070037841797,1106.425537109375,648.8798828125
483,0,0.9043276309967041,1210.308837890625,111.20594787597656,1559.371337890625,987.2159423828125
483,0,0.810238778591156,541.2535400390625,270.3415222167969,653.8809204101562,612.005126953125
483,0,0.7925143837928772,1098.9405517578125,273.53863525390625,1190.22314453125,547.3292236328125
483,0,0.8758184909820557,649.4263305664062,204.73764038085938,782.8256225585938,614.1344604492188
483,0,0.3142484426498413,935.8005981445312,283.14447021484375,1002.635986328125,520.3540649414062
484,0,0.8882793188095093,802.7992553710938,189.05357360839844,975.2341918945312,706.324462890625
484,0,0.8309603333473206,994.3385620117188,206.7703399658203,1112.20166015625,655.2578735351562
484,0,0.9023894667625427,1213.492919921875,114.83076477050781,1562.4993896484375,999.2745361328125
484,0,0.8225106000900269,536.9559326171875,270.7666320800781,653.796142578125,613.8799438476562
484,0,0.7869327068328857,1102.549560546875,275.6619873046875,1193.1925048828125,550.1353149414062
484,0,0.8709869980812073,652.4231567382812,204.7411651611328,792.8380126953125,615.9815673828125
485,0,0.898009181022644,812.8458251953125,191.92901611328125,986.5509643554688,701.815673828125
485,0,0.8318414092063904,997.190185546875,210.94773864746094,1121.23193359375,658.1168823242188
485,0,0.8950824737548828,1219.6357421875,118.1657943725586,1565.8306884765625,1012.0074462890625
485,0,0.8151118755340576,540.2499389648438,271.7313232421875,655.86181640625,614.1608276367188
485,0,0.7912976145744324,1108.8839111328125,277.5142822265625,1199.69775390625,555.9030151367188
485,0,0.8591548800468445,653.65087890625,204.4257354736328,797.648193359375,620.6675415039062
486,0,0.9046453237533569,820.09033203125,196.72256469726562,995.8995361328125,705.4199829101562
486,0,0.8293299674987793,1002.7098388671875,219.3076934814453,1126.156982421875,661.479736328125
486,0,0.897388756275177,1223.0042724609375,128.86219787597656,1569.5029296875,1023.4818725585938
486,0,0.8279522061347961,540.438720703125,272.216064453125,657.0496215820312,621.9012451171875
486,0,0.8004595041275024,1112.7701416015625,283.82171630859375,1206.461181640625,559.7042846679688
486,0,0.8510212302207947,655.7406616210938,206.72665405273438,801.8250732421875,630.0952758789062
487,0,0.8742790818214417,828.5951538085938,202.0675048828125,1001.9776000976562,711.7474365234375
487,0,0.8532508611679077,1006.9820556640625,224.32119750976562,1140.387939453125,669.291748046875
487,0,0.9080705642700195,1227.10205078125,137.62542724609375,1575.189208984375,1035.9874267578125
487,0,0.8279455900192261,539.256103515625,271.29144287109375,658.4552612304688,626.8310546875
487,0,0.8292819261550903,1119.822265625,288.33087158203125,1211.1239013671875,563.6032104492188
487,0,0.8452429175376892,659.696044921875,210.67050170898438,810.597412109375,635.0349731445312
488,0,0.8836826682090759,835.5704956054688,205.9121856689453,1012.085205078125,717.7047729492188
488,0,0.8621136546134949,1012.2111206054688,227.9345703125,1139.2445068359375,671.364013671875
488,0,0.9172524809837341,1228.1297607421875,141.7754669189453,1578.3638916015625,1041.0491943359375
488,0,0.8567546606063843,537.9881591796875,270.8849792480469,661.3251953125,633.4229736328125
488,0,0.8263806104660034,1122.66357421875,290.86114501953125,1217.5269775390625,569.4159545898438
488,0,0.848555862903595,660.4357299804688,211.20501708984375,811.4025268554688,635.4418334960938
489,0,0.8762753009796143,839.9466552734375,214.87025451660156,1015.6763305664062,724.983642578125
489,0,0.8569991588592529,1013.4104614257812,231.29583740234375,1143.0325927734375,676.0036010742188
489,0,0.9202033877372742,1228.034912109375,144.87982177734375,1584.31591796875,1042.4307861328125
489,0,0.8730651140213013,534.9107055664062,270.9579162597656,666.4459228515625,637.2040405273438
489,0,0.821850061416626,1131.5142822265625,294.1224365234375,1225.2779541015625,574.2970581054688
489,0,0.850492537021637,663.7769165039062,211.80093383789062,818.5902709960938,638.2119140625
490,0,0.8788774013519287,844.9160766601562,220.3822021484375,1021.0218505859375,728.37646484375
490,0,0.8608067035675049,1015.562744140625,230.49644470214844,1139.8863525390625,681.2089233398438
490,0,0.9184289574623108,1228.98193359375,147.4665069580078,1584.4112548828125,1045.179931640625
490,0,0.8770686388015747,533.4246826171875,272.5011291503906,668.3094482421875,638.9801635742188
490,0,0.7885799407958984,1136.9593505859375,300.61614990234375,1230.23779296875,577.2666625976562
490,0,0.8695948719978333,665.0823364257812,213.3620147705078,820.6522827148438,641.2946166992188
491,0,0.8887500762939453,849.0888061523438,224.23291015625,1024.5103759765625,736.3300170898438
491,0,0.8612385392189026,1014.2600708007812,231.9363555908203,1142.1651611328125,687.3798828125
491,0,0.9233853816986084,1225.4453125,145.01339721679688,1589.4234619140625,1043.7362060546875
491,0,0.8715417981147766,530.26806640625,271.5396728515625,670.221435546875,640.8408203125
491,0,0.8093069195747375,1140.0162353515625,305.46429443359375,1233.0069580078125,584.4519653320312
491,0,0.8815678954124451,665.2545166015625,215.06231689453125,825.2715454101562,646.6290283203125
492,0,0.8833292722702026,856.296142578125,228.13084411621094,1026.46826171875,735.6939086914062
492,0,0.8493949770927429,1013.9605712890625,234.09878540039062,1143.7840576171875,689.340576171875
492,0,0.9179267883300781,1222.2567138671875,142.3768310546875,1574.9130859375,1046.0146484375
492,0,0.8671267032623291,525.466796875,273.38140869140625,670.8838500976562,647.5175170898438
492,0,0.8228865265846252,1140.1170654296875,310.8439636230469,1236.9515380859375,585.5496215820312
492,0,0.8768430352210999,663.6210327148438,217.7640838623047,825.6588745117188,652.1536254882812
493,0,0.8745688199996948,857.9563598632812,229.20309448242188,1029.69873046875,736.2327270507812
493,0,0.8557982444763184,1011.591552734375,234.32196044921875,1143.333984375,686.1135864257812
493,0,0.9168829321861267,1219.21923828125,139.0803680419922,1568.5621337890625,1035.171630859375
493,0,0.8625672459602356,520.4972534179688,277.2347106933594,667.2530517578125,655.9462890625
493,0,0.805510401725769,1137.8358154296875,313.77069091796875,1238.00390625,588.209716796875
493,0,0.8843124508857727,658.2970581054688,217.92520141601562,826.0537109375,658.8353881835938
494,0,0.8632468581199646,858.0894775390625,229.36277770996094,1030.45556640625,737.001220703125
494,0,0.8541508913040161,1011.9661865234375,235.05064392089844,1141.2154541015625,684.7865600585938
494,0,0.9131298661231995,1217.0272216796875,130.20018005371094,1566.641845703125,1014.680908203125
494,0,0.8690354228019714,515.4940185546875,282.420654296875,666.3082275390625,662.2151489257812
494,0,0.7920188903808594,1138.1593017578125,314.37847900390625,1240.0069580078125,589.1653442382812
494,0,0.8852734565734863,652.5843505859375,217.9873504638672,824.342529296875,665.0444946289062
495,0,0.8558135032653809,859.6998291015625,228.63980102539062,1032.93798828125,738.4400024414062
495,0,0.868028461933136,1013.1953125,233.13658142089844,1142.321044921875,683.556640625
495,0,0.9110191464424133,1213.7274169921875,125.77323913574219,1564.0206298828125,1008.2715454101562
495,0,0.8592209815979004,512.4243774414062,282.5046081542969,665.7230834960938,665.5853881835938
495,0,0.8066874146461487,1140.864990234375,313.58087158203125,1239.3941650390625,590.8916015625
495,0,0.8948677778244019,643.1066284179688,217.47756958007812,818.4418334960938,666.9578857421875
496,0,0.8577072620391846,859.8771362304688,228.21347045898438,1037.8746337890625,736.6241455078125
496,0,0.8601484298706055,1016.9951171875,232.52757263183594,1141.250244140625,684.3701782226562
496,0,0.9090019464492798,1214.9638671875,116.90670013427734,1561.9229736328125,1008.5277709960938
496,0,0.8668489456176758,508.6829833984375,282.50921630859375,660.9505004882812,670.6705932617188
496,0,0.7867503762245178,1142.0701904296875,312.8610534667969,1239.845947265625,594.9385375976562
496,0,0.8995221257209778,637.8347778320312,218.983154296875,810.857421875,670.956787109375
497,0,0.8388339281082153,860.0794067382812,228.2136688232422,1037.27490234375,730.1928100585938
497,0,0.8485759496688843,1016.023193359375,232.50546264648438,1141.3839111328125,684.6766357421875
497,0,0.9122827649116516,1216.89404296875,112.77655792236328,1561.503173828125,1014.022216796875
497,0,0.8859886527061462,504.9333190917969,284.6469421386719,649.0155639648438,670.8849487304688
497,0,0.7995099425315857,1142.9981689453125,313.31890869140625,1240.0662841796875,598.2147216796875
497,0,0.8896079659461975,631.9576416015625,216.7349853515625,807.86962890625,675.5440063476562
498,0,0.8528006672859192,858.9027709960938,225.34207153320312,1037.3531494140625,721.6669311523438
498,0,0.8371706604957581,1014.20361328125,232.52281188964844,1140.4530029296875,685.1168823242188
498,0,0.9065894484519958,1216.2261962890625,110.5036849975586,1560.63037109375,1022.2274169921875
498,0,0.889747142791748,498.981201171875,286.0069274902344,645.2383422851562,675.1918334960938
498,0,0.794440746307373,1144.2501220703125,311.16632080078125,1239.1331787109375,598.2080688476562
498,0,0.8708795309066772,624.9657592773438,216.10498046875,802.9088745117188,680.5657348632812
499,0,0.8621947169303894,859.9588012695312,227.4136199951172,1036.7017822265625,720.1369018554688
499,0,0.8339490294456482,1010.831787109375,234.33743286132812,1143.913818359375,684.4322509765625
499,0,0.9088532328605652,1217.752685546875,110.9581069946289,1559.833251953125,1032.035888671875
499,0,0.868244469165802,492.19793701171875,284.96832275390625,637.2650146484375,682.2320556640625
499,0,0.7950770854949951,1144.7703857421875,309.7818908691406,1238.1514892578125,599.4341430664062
499,0,0.8492129445075989,621.005615234375,215.60104370117188,798.6832275390625,685.8915405273438
500,0,0.8677854537963867,862.6782836914062,227.8759307861328,1036.2877197265625,724.3942260742188
500,0,0.8421497941017151,1008.6588134765625,237.1117401123047,1145.051025390625,686.24560546875
500,0,0.9091750383377075,1216.4630126953125,110.2674331665039,1559.07080078125,1039.0343017578125
500,0,0.8736296892166138,486.8725280761719,284.8581237792969,628.8856811523438,684.2373657226562
500,0,0.8122738599777222,1143.58447265625,310.7258605957031,1237.050048828125,599.2183227539062
500,0,0.8749939203262329,617.0504760742188,215.12078857421875,792.7355346679688,692.78857421875
501,0,0.8634951114654541,863.4369506835938,229.06912231445312,1035.967529296875,728.5236206054688
501,0,0.8451812267303467,1008.8958740234375,237.85592651367188,1141.2869873046875,685.1473388671875
501,0,0.9058139324188232,1219.0577392578125,110.31065368652344,1561.164306640625,1047.1026611328125
501,0,0.8623418807983398,480.85302734375,285.3191223144531,621.3399047851562,692.21240234375
501,0,0.8489283919334412,1141.584716796875,311.6028747558594,1236.1661376953125,598.0188598632812
501,0,0.8969340324401855,610.8981323242188,211.79051208496094,787.1859130859375,692.7835693359375
502,0,0.8683146238327026,856.7625122070312,227.16387939453125,1036.9234619140625,727.5836181640625
502,0,0.862038254737854,1007.7655029296875,237.23663330078125,1138.5391845703125,682.3779907226562
502,0,0.9089835286140442,1215.0048828125,112.03886413574219,1560.65869140625,1051.378173828125
502,0,0.8559953570365906,470.13067626953125,280.0207824707031,613.6609497070312,694.7877807617188
502,0,0.8409004211425781,1137.5780029296875,309.9919738769531,1235.723388671875,596.2548217773438
502,0,0.8857225179672241,605.5059814453125,204.30349731445312,778.3572387695312,699.7835693359375
503,0,0.8724042177200317,858.072021484375,227.27078247070312,1038.6783447265625,721.41943359375
503,0,0.8348905444145203,1003.4642944335938,235.24867248535156,1129.7093505859375,682.3052368164062
503,0,0.9074772596359253,1212.5482177734375,111.05913543701172,1560.046875,1056.3201904296875
503,0,0.8531685471534729,460.6995544433594,275.19573974609375,606.119384765625,697.2351684570312
503,0,0.8320793509483337,1132.9136962890625,306.347412109375,1235.0950927734375,594.6236572265625
503,0,0.9026302695274353,600.2321166992188,202.62864685058594,772.8462524414062,700.1726684570312
504,0,0.8675842881202698,858.7954711914062,226.97857666015625,1039.94140625,725.3397216796875
504,0,0.8285548090934753,1003.125732421875,233.21653747558594,1125.75146484375,683.8858032226562
504,0,0.9024375081062317,1213.0765380859375,110.80506134033203,1561.2384033203125,1058.81396484375
504,0,0.8754076957702637,450.87469482421875,269.0411376953125,602.6993408203125,694.253662109375
504,0,0.8257014155387878,1132.6356201171875,303.80389404296875,1234.0040283203125,590.5262451171875
504,0,0.8849641680717468,592.2943115234375,191.25054931640625,765.0794677734375,698.015380859375
505,0,0.8760666251182556,858.4678955078125,224.465087890625,1043.2567138671875,727.9724731445312
505,0,0.8360516428947449,1004.1717529296875,231.48016357421875,1125.7177734375,682.4013671875
505,0,0.9051513671875,1214.61279296875,108.65583801269531,1562.6871337890625,1058.2808837890625
505,0,0.8676577806472778,441.5474853515625,266.4867858886719,593.4786376953125,694.824462890625
505,0,0.8076732754707336,1131.2552490234375,302.1275634765625,1232.3531494140625,589.1760864257812
505,0,0.8981608748435974,584.3175048828125,187.31309509277344,754.9563598632812,695.8226928710938
506,0,0.8685709834098816,858.9116821289062,225.29815673828125,1042.06494140625,729.1453247070312
506,0,0.8159434795379639,1004.3260498046875,232.2633514404297,1120.1138916015625,680.8550415039062
506,0,0.9130913615226746,1215.5399169921875,107.06403350830078,1562.7337646484375,1050.0150146484375
506,0,0.8819235563278198,431.5417785644531,265.4799499511719,579.7344970703125,698.3289184570312
506,0,0.8057610988616943,1128.4083251953125,299.32470703125,1230.5035400390625,587.9683227539062
506,0,0.8929402232170105,572.0798950195312,187.57281494140625,745.5775756835938,698.202880859375
507,0,0.8448381423950195,853.7353515625,225.3191375732422,1036.599609375,717.6248168945312
507,0,0.7652780413627625,999.9010009765625,232.4906768798828,1110.7972412109375,678.7794799804688
507,0,0.9131640195846558,1214.533203125,105.48988342285156,1564.486328125,1045.776123046875
507,0,0.8737333416938782,418.936279296875,260.2458801269531,569.1172485351562,700.00439453125
507,0,0.8254812359809875,1129.4534912109375,297.7859802246094,1228.736572265625,585.7023315429688
507,0,0.8852801322937012,562.3735961914062,184.1543731689453,734.8386840820312,701.3046875
508,0,0.7895377278327942,851.0648193359375,223.9622344970703,1033.742431640625,710.0232543945312
508,0,0.7327677607536316,995.900390625,231.1930694580078,1099.5025634765625,681.23779296875
508,0,0.8997117280960083,1209.69580078125,103.61993408203125,1560.4722900390625,1041.8314208984375
508,0,0.8802148699760437,407.76141357421875,254.48703002929688,561.10107421875,699.7265014648438
508,0,0.8303654193878174,1126.16064453125,295.30535888671875,1223.7381591796875,584.3201293945312
508,0,0.8878213167190552,553.1615600585938,181.460205078125,723.5191650390625,703.1174926757812
509,0,0.7954129576683044,847.497314453125,223.20994567871094,1028.0263671875,718.6903686523438
509,0,0.7531840801239014,992.9144287109375,230.71348571777344,1092.82080078125,685.371826171875
509,0,0.8985262513160706,1207.68896484375,99.29248809814453,1561.1363525390625,1034.901123046875
509,0,0.8921905755996704,393.86370849609375,255.24368286132812,543.9346313476562,706.8984985351562
509,0,0.821134626865387,1115.376708984375,292.6879577636719,1220.5537109375,584.6229858398438
509,0,0.879533588886261,536.4130859375,171.8984375,715.31884765625,701.209716796875
510,0,0.7857357859611511,849.0738525390625,221.84799194335938,1026.189697265625,718.6161499023438
510,0,0.7441737055778503,991.8027954101562,227.5078887939453,1092.3055419921875,683.5125122070312
510,0,0.8987013697624207,1207.277587890625,96.66238403320312,1562.1727294921875,1012.9994506835938
510,0,0.884489119052887,378.0442810058594,252.1627960205078,533.7151489257812,713.3955078125
510,0,0.8339494466781616,1118.3123779296875,289.58087158203125,1215.336181640625,585.2550048828125
510,0,0.8984730243682861,525.0933837890625,172.52818298339844,706.4988403320312,707.301025390625
511,0,0.8045943975448608,848.3280029296875,218.198486328125,1023.8187255859375,710.695556640625
511,0,0.7280735969543457,990.0053100585938,224.7123260498047,1092.9053955078125,685.3479614257812
511,0,0.9057753086090088,1205.7532958984375,94.3532943725586,1563.9703369140625,994.4735717773438
511,0,0.8563076257705688,361.9788818359375,249.52362060546875,523.312744140625,721.0390625
511,0,0.8163334131240845,1114.9598388671875,285.1395263671875,1212.18359375,585.781494140625
511,0,0.8879427909851074,513.8572387695312,169.56016540527344,699.1835327148438,713.4866943359375
512,0,0.8323477506637573,845.3270874023438,211.88629150390625,1022.7493896484375,699.15283203125
512,0,0.697180449962616,989.8368530273438,220.89447021484375,1084.65966796875,667.1297607421875
512,0,0.9109270572662354,1208.4373779296875,88.11004638671875,1561.580322265625,979.3926391601562
512,0,0.8726709485054016,350.94708251953125,249.2747039794922,522.25439453125,728.5504150390625
512,0,0.8315154314041138,1111.67529296875,281.5148010253906,1210.720703125,583.7227172851562
512,0,0.8904609680175781,505.46728515625,166.3498992919922,691.3099365234375,722.448486328125
513,0,0.815190851688385,854.5816650390625,207.7498779296875,1021.6046142578125,695.7142333984375
513,0,0.76571124792099,985.08642578125,214.93295288085938,1078.154541015625,653.0675048828125
513,0,0.9174892902374268,1208.8909912109375,80.16646575927734,1557.91552734375,978.8357543945312
513,0,0.8983222842216492,338.4664001464844,245.29266357421875,520.5681762695312,725.7000732421875
513,0,0.8502717018127441,1108.1749267578125,278.5656433105469,1208.3682861328125,580.9879760742188
513,0,0.889499306678772,495.48358154296875,161.09735107421875,685.2490844726562,728.5125732421875
514,0,0.800743579864502,853.759765625,205.09628295898438,1017.9876098632812,692.5402221679688
514,0,0.7768328189849854,982.3992309570312,211.642822265625,1076.4254150390625,650.9920043945312
514,0,0.9175156354904175,1211.9298095703125,66.28810119628906,1556.8887939453125,979.3096923828125
514,0,0.877021849155426,329.6438903808594,243.9038848876953,512.4326171875,725.8981323242188
514,0,0.8401048183441162,1108.7069091796875,277.1357421875,1207.61865234375,577.0919189453125
514,0,0.9029172658920288,481.6831970214844,156.84022521972656,681.9320678710938,733.018798828125
515,0,0.8162760734558105,853.5223999023438,200.2811737060547,1013.3617553710938,697.5340576171875
515,0,0.7597060203552246,981.527099609375,206.94610595703125,1077.7996826171875,652.5812377929688
515,0,0.9201818704605103,1218.27392578125,61.26478958129883,1556.90625,979.9347534179688
515,0,0.8897576928138733,317.9937438964844,239.9497833251953,499.0815734863281,730.8710327148438
515,0,0.8347163796424866,1104.755615234375,273.0952453613281,1206.132568359375,573.497802734375
515,0,0.9053603410720825,477.66522216796875,154.8876495361328,674.8377685546875,737.9342041015625
516,0,0.8179965019226074,853.6326293945312,199.75267028808594,1011.2318115234375,697.71630859375
516,0,0.7623284459114075,981.040283203125,205.49342346191406,1076.7039794921875,651.0156860351562
516,0,0.9137533903121948,1223.1585693359375,59.04245376586914,1559.070556640625,987.5806884765625
516,0,0.8770377039909363,311.251953125,241.21336364746094,491.84149169921875,740.9397583007812
516,0,0.834854245185852,1103.6060791015625,268.4734802246094,1207.29052734375,571.5869140625
516,0,0.8908608555793762,472.0155029296875,144.88232421875,669.0901489257812,742.2481079101562
517,0,0.8243824243545532,851.7584228515625,199.49990844726562,1010.4097290039062,696.1866455078125
517,0,0.7487756013870239,979.5947265625,203.55438232421875,1073.532958984375,647.9210815429688
517,0,0.9153427481651306,1224.318603515625,59.690982818603516,1557.8316650390625,991.8925170898438
517,0,0.8680365681648254,302.2322998046875,237.51089477539062,478.6148681640625,755.0523681640625
517,0,0.8402839303016663,1101.919189453125,265.7705383300781,1207.95751953125,571.0382080078125
517,0,0.8797020316123962,464.1240539550781,142.52272033691406,667.08251953125,754.3851318359375
518,0,0.8021411895751953,850.4777221679688,198.94261169433594,1009.4368896484375,695.0823364257812
518,0,0.7355309724807739,980.1085815429688,201.29458618164062,1069.8802490234375,648.2816162109375
518,0,0.9097861051559448,1226.0537109375,56.937095642089844,1558.8953857421875,993.7781372070312
518,0,0.8796918988227844,291.3575744628906,230.9932861328125,474.81195068359375,762.31396484375
518,0,0.8415207862854004,1098.12451171875,260.6463623046875,1208.0146484375,570.4048461914062
518,0,0.8861197829246521,457.8153076171875,136.92723083496094,667.8798217773438,762.3023071289062
519,0,0.8142988085746765,852.165283203125,198.5360565185547,1008.8889770507812,690.7523193359375
519,0,0.7239389419555664,979.9849243164062,199.26744079589844,1068.9288330078125,645.201904296875
519,0,0.9199520945549011,1229.470947265625,56.22222137451172,1560.756591796875,999.1576538085938
519,0,0.8542366027832031,283.3450622558594,226.96778869628906,469.31732177734375,766.3525390625
519,0,0.85249924659729,1102.38427734375,261.71221923828125,1209.24658203125,569.496826171875
519,0,0.8843612670898438,453.3179016113281,133.17652893066406,667.4824829101562,765.5805053710938
520,0,0.8220850229263306,861.454833984375,202.9814453125,1011.3804931640625,689.3353881835938
520,0,0.7311965823173523,981.1521606445312,199.63575744628906,1071.569091796875,645.629150390625
520,0,0.9168992042541504,1231.2802734375,61.536705017089844,1565.527587890625,1004.7275390625
520,0,0.8731957077980042,274.3414306640625,227.5672149658203,465.126953125,769.9718017578125
520,0,0.8567644953727722,1105.0185546875,262.2069396972656,1213.9149169921875,569.7252197265625
520,0,0.8827491402626038,448.66766357421875,132.3231658935547,668.2278442382812,768.847900390625
521,0,0.8265355825424194,868.0281372070312,199.80690002441406,1013.8019409179688,690.3110961914062
521,0,0.7568557262420654,980.4395141601562,196.8143310546875,1072.8941650390625,644.2066650390625
521,0,0.916985809803009,1233.1976318359375,63.69251251220703,1563.662353515625,1012.1751098632812
521,0,0.8748669028282166,263.89166259765625,225.71417236328125,460.3925476074219,772.0025024414062
521,0,0.8597814440727234,1105.2431640625,259.2656555175781,1215.5738525390625,565.3953857421875
521,0,0.8734725117683411,443.6221923828125,130.07843017578125,668.6787719726562,770.6170654296875
522,0,0.853944718837738,868.5233764648438,197.884033203125,1011.6910400390625,684.5657348632812
522,0,0.7537353038787842,985.0374755859375,194.08541870117188,1075.5067138671875,647.3680419921875
522,0,0.9134865403175354,1234.937744140625,61.26417922973633,1561.978515625,1015.2119140625
522,0,0.8592504858970642,254.8388214111328,219.36151123046875,454.7790222167969,772.9263916015625
522,0,0.8535579442977905,1106.139404296875,255.82083129882812,1217.9281005859375,563.6370239257812
522,0,0.8778298497200012,441.6880798339844,116.53401184082031,670.2520751953125,772.865478515625
523,0,0.8525200486183167,870.4287109375,197.7554931640625,1014.1593017578125,685.3092651367188
523,0,0.7297350764274597,985.6652221679688,195.22976684570312,1076.9437255859375,649.6178588867188
523,0,0.9100445508956909,1236.5987548828125,57.8698616027832,1565.5556640625,1014.6936645507812
523,0,0.8833230137825012,246.0394744873047,217.47698974609375,449.8009948730469,775.8478393554688
523,0,0.8360941410064697,1107.6328125,254.97665405273438,1221.6031494140625,563.7926025390625
523,0,0.8874593377113342,435.9200439453125,117.75413513183594,672.3375854492188,776.221923828125
523,0,0.7093890905380249,1061.9259033203125,279.18475341796875,1121.821533203125,503.3742370605469
524,0,0.8483661413192749,873.771240234375,196.7956085205078,1022.8077392578125,686.57080078125
524,0,0.7123675346374512,991.6653442382812,198.28704833984375,1081.458740234375,644.4445190429688
524,0,0.9125595688819885,1236.96826171875,54.66703796386719,1564.3028564453125,1014.9068603515625
524,0,0.9027270078659058,238.7657012939453,213.2565155029297,440.35479736328125,777.1340942382812
524,0,0.8308236002922058,1109.5225830078125,252.47674560546875,1224.79052734375,564.1329345703125
524,0,0.9057918190956116,432.1547546386719,114.73095703125,673.439697265625,780.74072265625
524,0,0.7166954278945923,1062.76171875,276.1597595214844,1127.0806884765625,506.3890075683594
525,0,0.8450060486793518,878.359375,197.63075256347656,1027.612060546875,686.9000244140625
525,0,0.6816762685775757,994.8008422851562,198.62789916992188,1086.5330810546875,643.3525390625
525,0,0.9050247073173523,1236.7794189453125,54.28676986694336,1567.96533203125,1013.4523315429688
525,0,0.9076986908912659,234.06539916992188,211.34945678710938,438.03515625,779.8348388671875
525,0,0.8315701484680176,1117.0860595703125,254.1390380859375,1228.3603515625,567.5966186523438
525,0,0.9119983315467834,430.9813232421875,112.9732894897461,677.1576538085938,784.9950561523438
525,0,0.7714179158210754,1069.7109375,278.9886474609375,1132.0577392578125,503.0062561035156
526,0,0.8386673927307129,881.0184936523438,198.51698303222656,1030.13427734375,687.5863647460938
526,0,0.7426896095275879,995.706787109375,201.20986938476562,1088.42041015625,657.11474609375
526,0,0.9104465842247009,1238.272705078125,53.597930908203125,1568.9744873046875,1013.9571533203125
526,0,0.9230185151100159,226.76095581054688,208.78387451171875,435.6142272949219,787.4043579101562
526,0,0.8108576536178589,1123.8021240234375,258.056640625,1234.087890625,568.7463989257812
526,0,0.9068158864974976,426.9710998535156,109.67838287353516,679.3516845703125,787.9097290039062
526,0,0.7625089287757874,1073.602294921875,277.6737060546875,1136.6109619140625,502.5878601074219
527,0,0.8353033065795898,879.9249267578125,200.252197265625,1032.4171142578125,687.9168701171875
527,0,0.6880735754966736,999.32177734375,203.3802947998047,1090.23876953125,659.7550048828125
527,0,0.9082255959510803,1237.2431640625,52.275299072265625,1574.6585693359375,1011.5185546875
527,0,0.913408637046814,225.7940216064453,208.15843200683594,430.451904296875,792.7698364257812
527,0,0.8497545719146729,1128.3077392578125,261.1671142578125,1237.2049560546875,570.80078125
527,0,0.9077466130256653,422.82952880859375,107.81805419921875,684.0237426757812,791.3846435546875
527,0,0.7369632124900818,1077.6722412109375,282.4646301269531,1139.173828125,503.6630859375
528,0,0.8423956632614136,879.375244140625,198.2360076904297,1033.3330078125,688.47021484375
528,0,0.6866945028305054,1005.560546875,203.28819274902344,1093.924072265625,661.9324951171875
528,0,0.8920602202415466,1238.09130859375,52.533546447753906,1586.7562255859375,1002.507568359375
528,0,0.8976629376411438,220.59136962890625,207.20217895507812,427.98297119140625,813.0667114257812
528,0,0.854173481464386,1130.9398193359375,262.95001220703125,1239.7442626953125,572.7528686523438
528,0,0.9093257188796997,418.61151123046875,106.3387451171875,688.1697387695312,798.4573364257812
528,0,0.7210294008255005,1082.5191650390625,281.55853271484375,1148.4908447265625,506.5725402832031
529,0,0.8323962688446045,883.844482421875,199.2868194580078,1035.6839599609375,690.125732421875
529,0,0.7308319807052612,1006.9942626953125,202.9774932861328,1097.332763671875,662.4327392578125
529,0,0.9162906408309937,1238.0078125,49.09461212158203,1586.2896728515625,996.5484008789062
529,0,0.8910641670227051,214.50265502929688,208.08297729492188,424.25933837890625,830.387451171875
529,0,0.8280254006385803,1135.435791015625,265.0329284667969,1246.667724609375,578.4671630859375
529,0,0.9092801809310913,413.1468200683594,102.46409606933594,689.283447265625,810.5512084960938
529,0,0.7052121162414551,1087.2257080078125,283.4298400878906,1155.0775146484375,507.88922119140625
530,0,0.8484225273132324,887.4986572265625,197.4134979248047,1035.6854248046875,687.968017578125
530,0,0.7572389245033264,1009.08984375,203.98951721191406,1102.9566650390625,661.6735229492188
530,0,0.9131023287773132,1240.533203125,52.27412414550781,1593.5877685546875,995.2050170898438
530,0,0.8720664978027344,208.1437225341797,212.12173461914062,424.17413330078125,839.7660522460938
530,0,0.831531286239624,1141.200927734375,268.0589599609375,1251.0994873046875,581.988037109375
530,0,0.8970209360122681,409.8268127441406,98.10041046142578,686.9840087890625,834.2595825195312
530,0,0.683242678642273,1091.9339599609375,283.9565124511719,1160.59619140625,510.7515869140625
531,0,0.8603793382644653,888.3944702148438,197.3784637451172,1041.387939453125,689.0872802734375
531,0,0.755669116973877,1010.6419677734375,201.77499389648438,1110.7115478515625,663.9008178710938
531,0,0.9149249196052551,1243.3280029296875,52.0192985534668,1600.18408203125,1000.2039794921875
531,0,0.8730354905128479,204.01416015625,210.70599365234375,422.23358154296875,841.9940795898438
531,0,0.8077588677406311,1146.43310546875,268.248779296875,1251.8800048828125,583.0170288085938
531,0,0.8715333938598633,402.17340087890625,96.11034393310547,683.6066284179688,853.1226196289062
531,0,0.7467787265777588,1095.4796142578125,286.4936828613281,1163.4102783203125,513.1913452148438
532,0,0.8591201305389404,892.3592529296875,203.11380004882812,1043.984619140625,693.3898315429688
532,0,0.7364755272865295,1012.9420166015625,200.33709716796875,1112.924560546875,665.8927612304688
532,0,0.9079554080963135,1244.95849609375,51.96174621582031,1607.96484375,1005.6724853515625
532,0,0.8821669220924377,198.13319396972656,212.243896484375,419.1441955566406,849.4305419921875
532,0,0.8273519277572632,1152.829345703125,268.39752197265625,1256.271484375,586.3790283203125
532,0,0.8438486456871033,390.0698547363281,94.44666290283203,684.34814453125,858.5123291015625
532,0,0.7242202758789062,1100.5404052734375,290.85504150390625,1166.1278076171875,515.9577026367188
533,0,0.8566395044326782,896.3833618164062,204.2511749267578,1048.111572265625,697.4943237304688
533,0,0.7186172604560852,1012.6078491210938,199.13136291503906,1116.48974609375,669.1246948242188
533,0,0.9081627130508423,1255.915283203125,52.231117248535156,1614.18896484375,1014.5574340820312
533,0,0.8938987851142883,189.02664184570312,217.5749053955078,410.3701477050781,858.5992431640625
533,0,0.8242753148078918,1155.255859375,267.2110290527344,1260.655029296875,590.468017578125
533,0,0.8515311479568481,386.42926025390625,93.26085662841797,685.4646606445312,860.9329833984375
533,0,0.742273211479187,1103.25927734375,290.964111328125,1168.84716796875,517.1763916015625
534,0,0.8547548651695251,897.8388671875,205.44857788085938,1050.677490234375,699.7850952148438
534,0,0.7141067385673523,1014.6625366210938,199.87393188476562,1115.62451171875,668.1859741210938
534,0,0.9102332592010498,1261.7327880859375,49.23025894165039,1620.6337890625,1024.8370361328125
534,0,0.9039173722267151,178.17550659179688,212.65084838867188,405.4070129394531,874.4637451171875
534,0,0.8402876853942871,1157.2855224609375,267.19403076171875,1263.59326171875,588.6229248046875
534,0,0.8507537245750427,382.0566711425781,90.00176239013672,678.5615234375,874.2012329101562
534,0,0.6596531271934509,1108.2255859375,288.0318298339844,1174.9434814453125,521.3528442382812
535,0,0.8521068096160889,897.69970703125,206.84793090820312,1052.712890625,701.7583618164062
535,0,0.7482070326805115,1015.4466552734375,201.60606384277344,1119.0313720703125,656.6542358398438
535,0,0.9121659994125366,1262.2142333984375,44.39288330078125,1628.273193359375,1029.40869140625
535,0,0.9076198935508728,165.7719268798828,211.0431671142578,398.9839172363281,886.0248413085938
535,0,0.8195448517799377,1157.119140625,266.94598388671875,1273.4385986328125,588.5919799804688
535,0,0.8561105728149414,374.0698547363281,85.97622680664062,672.2606811523438,887.9677734375
535,0,0.6038352251052856,1111.4324951171875,288.34503173828125,1175.9034423828125,521.7232055664062
536,0,0.8551536798477173,898.5916137695312,208.4361572265625,1054.4036865234375,705.1851196289062
536,0,0.7581486701965332,1015.0757446289062,201.9010009765625,1121.3458251953125,654.8157348632812
536,0,0.9166721701622009,1268.8243408203125,43.54486083984375,1634.8189697265625,1039.9755859375
536,0,0.8929948806762695,157.8392333984375,205.77940368652344,390.9162902832031,899.3304443359375
536,0,0.7772839069366455,1153.18505859375,265.854248046875,1271.3104248046875,590.49609375
536,0,0.8434213399887085,367.07135009765625,84.16426849365234,669.936767578125,907.5468139648438
536,0,0.5784408450126648,1114.1292724609375,284.5331726074219,1182.220458984375,526.1813354492188
537,0,0.8647921085357666,901.7806396484375,210.0585479736328,1057.3533935546875,706.1615600585938
537,0,0.7448976039886475,1016.1328125,201.5294952392578,1123.0455322265625,655.590576171875
537,0,0.9259288311004639,1270.078857421875,43.415809631347656,1640.2528076171875,1047.25830078125
537,0,0.8704890012741089,138.5166778564453,201.64454650878906,380.2737731933594,902.76904296875
537,0,0.7785095572471619,1152.84716796875,264.5461730957031,1269.8587646484375,591.53564453125
537,0,0.838350236415863,360.1650390625,75.19161987304688,653.687255859375,915.4168701171875
537,0,0.6223427653312683,1116.7237548828125,283.46435546875,1184.7156982421875,527.38671875
538,0,0.8659932613372803,901.2291870117188,210.2360382080078,1057.34765625,705.8997192382812
538,0,0.8008889555931091,1016.6302490234375,197.55589294433594,1122.1187744140625,653.5554809570312
538,0,0.9218903183937073,1269.5333251953125,42.47844314575195,1643.4696044921875,1050.441162109375
538,0,0.864256739616394,116.21710205078125,189.76138305664062,363.26422119140625,910.102294921875
538,0,0.8097778558731079,1153.3206787109375,263.45013427734375,1267.05712890625,588.3994750976562
538,0,0.8341229557991028,350.2463073730469,60.8885383605957,651.2903442382812,920.2928466796875
538,0,0.5605430603027344,1113.05810546875,288.2145080566406,1179.73291015625,525.9509887695312
539,0,0.8597716689109802,899.6776123046875,211.9407196044922,1056.6534423828125,705.3450927734375
539,0,0.7136055827140808,1015.3455200195312,199.8829345703125,1118.1390380859375,657.3939819335938
539,0,0.9238849878311157,1271.0498046875,44.55793380737305,1645.586181640625,1055.080078125
539,0,0.8952549695968628,98.60620880126953,178.5638427734375,344.3907165527344,914.9351806640625
539,0,0.8155370354652405,1151.38916015625,263.77496337890625,1261.3443603515625,590.100830078125
539,0,0.8466656804084778,325.0018615722656,53.17874526977539,620.392333984375,924.3849487304688
539,0,0.5012378692626953,1111.9146728515625,292.0030212402344,1176.1055908203125,528.3630981445312
540,0,0.8505123257637024,899.7557983398438,213.35540771484375,1054.890869140625,703.6675415039062
540,0,0.727531909942627,1013.4473266601562,199.80612182617188,1117.52197265625,657.0806884765625
540,0,0.9237951636314392,1272.009033203125,51.83622741699219,1647.1180419921875,1061.865966796875
540,0,0.9097393155097961,77.09004211425781,177.77740478515625,327.4284362792969,921.5982666015625
540,0,0.8463323712348938,1142.087646484375,266.1228942871094,1253.2054443359375,589.268798828125
540,0,0.8760537505149841,312.9579162597656,46.824119567871094,602.2461547851562,928.2162475585938
540,0,0.4490291476249695,1112.4483642578125,292.52734375,1172.44091796875,532.6491088867188
541,0,0.8552781343460083,897.5834350585938,210.98155212402344,1053.6357421875,698.1023559570312
541,0,0.7262758016586304,1010.6113891601562,198.26817321777344,1116.26953125,655.7545166015625
541,0,0.9304540157318115,1274.5985107421875,54.525447845458984,1648.039306640625,1061.926513671875
541,0,0.9108208417892456,55.084617614746094,166.07302856445312,308.8399353027344,923.5863037109375
541,0,0.8144829869270325,1141.6229248046875,265.38525390625,1250.7164306640625,591.5525512695312
541,0,0.8823304772377014,293.39593505859375,35.04623794555664,589.8099975585938,931.3185424804688
541,0,0.39321082830429077,1109.6009521484375,289.31298828125,1169.29150390625,529.9129028320312
542,0,0.84770667552948,896.1720581054688,206.2606964111328,1054.465087890625,695.51025390625
542,0,0.6124947667121887,1008.3140869140625,197.60804748535156,1103.0865478515625,652.6824951171875
542,0,0.929800271987915,1276.2664794921875,53.59439468383789,1648.224365234375,1056.827880859375
542,0,0.8946917057037354,30.75615692138672,161.1287078857422,294.2970886230469,924.46875
542,0,0.7850519418716431,1133.0927734375,263.6429748535156,1258.350341796875,591.0550537109375
542,0,0.853998601436615,279.89752197265625,27.238582611083984,579.0742797851562,937.4675903320312
542,0,0.29084375500679016,1109.121826171875,287.71246337890625,1167.519775390625,527.0438842773438
543,0,0.8560605049133301,891.5636596679688,205.89366149902344,1051.1363525390625,689.4721069335938
543,0,0.2842704951763153,1006.9940795898438,197.5806121826172,1103.4560546875,639.748046875
543,0,0.9234904050827026,1279.7662353515625,53.299320220947266,1648.7506103515625,1062.0032958984375
543,0,0.8857566714286804,8.472402572631836,155.7855987548828,289.17041015625,937.1367797851562
543,0,0.8362700939178467,1115.25830078125,264.5171813964844,1240.2418212890625,592.1854858398438
543,0,0.8603308796882629,258.08282470703125,16.767383575439453,560.88916015625,946.182373046875
544,0,0.856282651424408,888.3816528320312,206.32815551757812,1046.5439453125,686.32080078125
544,0,0.6945116519927979,1006.50244140625,202.1855926513672,1107.822998046875,653.2933349609375
544,0,0.928901731967926,1281.1788330078125,55.1314811706543,1649.165771484375,1055.5537109375
544,0,0.8902968764305115,0.0,149.2723846435547,258.2802734375,945.3621826171875
544,0,0.8329614996910095,1108.002197265625,263.74591064453125,1233.749755859375,591.0979614257812
544,0,0.8541838526725769,230.71395874023438,8.141094207763672,548.0437622070312,958.0780029296875
545,0,0.8503460884094238,885.73876953125,204.5353240966797,1042.742431640625,687.0556640625
545,0,0.6944355964660645,1003.5653076171875,204.53054809570312,1106.2803955078125,636.9949951171875
545,0,0.929667055606842,1281.1536865234375,56.6943244934082,1647.674560546875,1056.7232666015625
545,0,0.8993821144104004,0.0,140.9138641357422,251.99085998535156,963.8226318359375
545,0,0.8373869061470032,1106.69189453125,264.94818115234375,1230.3905029296875,591.6842651367188
545,0,0.8954501152038574,211.78765869140625,3.636462926864624,541.0249633789062,961.101806640625
546,0,0.8400680422782898,880.079833984375,200.6417999267578,1038.878662109375,690.9373779296875
546,0,0.6776360273361206,998.885986328125,208.0760955810547,1109.255859375,634.04736328125
546,0,0.9326204061508179,1280.5765380859375,55.88156509399414,1646.5504150390625,1049.45556640625
546,0,0.8966768383979797,0.0,130.9615936279297,210.9719696044922,971.5449829101562
546,0,0.8251075148582458,1110.562744140625,263.01495361328125,1221.7655029296875,593.531494140625
546,0,0.8686273694038391,177.99578857421875,5.127876281738281,517.0656127929688,972.5267944335938
547,0,0.8642109632492065,875.0859985351562,204.695556640625,1028.5528564453125,692.3499145507812
547,0,0.6355034112930298,991.2008666992188,206.46502685546875,1116.263916015625,641.2442626953125
547,0,0.9285995364189148,1279.85546875,56.43838119506836,1644.786376953125,1030.1011962890625
547,0,0.8370516896247864,0.0,125.24732208251953,196.39114379882812,970.7523803710938
547,0,0.8239410519599915,1101.1328125,263.82257080078125,1212.78173828125,596.6751098632812
547,0,0.8752127885818481,151.2870635986328,3.458439826965332,502.92694091796875,991.64013671875
548,0,0.8729340434074402,869.8743896484375,202.75733947753906,1024.04736328125,694.3289794921875
548,0,0.562943696975708,988.7808837890625,209.50997924804688,1128.3792724609375,639.3660278320312
548,0,0.9275113344192505,1277.89501953125,54.4870719909668,1643.716064453125,1020.5670166015625
548,0,0.8318629860877991,0.0,124.8248291015625,190.4831085205078,978.9837646484375
548,0,0.8215286731719971,1096.17333984375,271.3066101074219,1207.23486328125,598.2643432617188
548,0,0.8726430535316467,119.6303939819336,2.8447840213775635,506.24224853515625,1032.577880859375
548,0,0.7117857933044434,553.6727294921875,288.68695068359375,618.7447509765625,546.6949462890625
549,0,0.8650451898574829,863.4380493164062,205.03976440429688,1017.10546875,692.4623413085938
549,0,0.2915639877319336,991.69091796875,231.1475067138672,1132.5703125,642.5060424804688
549,0,0.9260593056678772,1277.9462890625,53.82868576049805,1639.92529296875,1029.4013671875
549,0,0.8513980507850647,0.0,148.62191772460938,159.4548797607422,982.7359619140625
549,0,0.8122803568840027,1094.1998291015625,269.3537292480469,1201.007080078125,600.2642822265625
549,0,0.8916295766830444,90.66191864013672,2.6950998306274414,485.3493347167969,1057.882080078125
549,0,0.6838700771331787,543.3935546875,286.6305236816406,611.689453125,549.2176513671875
550,0,0.8625848293304443,860.5465698242188,211.5301513671875,1008.7062377929688,693.1198120117188
550,0,0.657517671585083,1015.292724609375,274.024658203125,1137.6953125,631.5271606445312
550,0,0.9273229837417603,1278.336181640625,52.53280258178711,1636.0640869140625,1039.311767578125
550,0,0.8076280951499939,0.0,243.27593994140625,153.43556213378906,989.06982421875
550,0,0.7769850492477417,1093.753173828125,270.31500244140625,1195.2161865234375,604.381103515625
550,0,0.8829485177993774,64.48216247558594,3.9134817123413086,473.9701232910156,1067.66748046875
550,0,0.7471230626106262,536.1072387695312,285.70611572265625,610.3209838867188,550.2015991210938
551,0,0.8582020998001099,856.5872192382812,213.24256896972656,1004.8336791992188,693.670654296875
551,0,0.6821293234825134,1015.3092041015625,278.9613342285156,1138.5721435546875,633.7909545898438
551,0,0.9267649054527283,1278.375732421875,52.03276443481445,1632.4017333984375,1045.7303466796875
551,0,0.7482181787490845,0.0,270.5886535644531,125.59635925292969,996.0164794921875
551,0,0.689696729183197,1093.0223388671875,274.7726745605469,1187.7681884765625,607.74951171875
551,0,0.8740950226783752,25.524322509765625,4.503253936767578,451.0812683105469,1077.3880615234375
551,0,0.698743999004364,531.6504516601562,287.48089599609375,607.9276123046875,552.72607421875
552,0,0.8502722382545471,850.7816162109375,216.5892333984375,997.292724609375,697.6875
552,0,0.7063175439834595,1014.1866455078125,275.1777648925781,1138.2025146484375,637.6519775390625
552,0,0.9228916764259338,1281.225341796875,52.10593032836914,1630.1705322265625,1048.6134033203125
552,0,0.45815467834472656,0.0,244.33734130859375,111.08257293701172,1005.9484252929688
552,0,0.6886720061302185,1096.9722900390625,276.6300354003906,1183.9224853515625,612.6231079101562
552,0,0.9015303254127502,0.5541209578514099,2.5621302127838135,441.72735595703125,1051.1741943359375
552,0,0.6923261880874634,527.6447143554688,289.4910888671875,603.8204956054688,555.9335327148438
553,0,0.8438206911087036,848.6508178710938,219.64810180664062,992.2133178710938,700.3172607421875
553,0,0.6433101296424866,1013.3474731445312,276.68994140625,1139.0743408203125,637.727783203125
553,0,0.9052528738975525,1278.5361328125,52.08810806274414,1625.328369140625,1053.5958251953125
553,0,0.3201510012149811,0.0,161.80996704101562,97.08727264404297,1024.0726318359375
553,0,0.4903784394264221,1097.3768310546875,274.8527526855469,1177.316162109375,623.2989501953125
553,0,0.9166839718818665,0.0,1.2499637603759766,429.5336608886719,1058.519287109375
553,0,0.7188677787780762,524.6608276367188,290.42694091796875,596.9364624023438,559.2264404296875
554,0,0.8379639387130737,846.5364990234375,222.45570373535156,986.5897216796875,703.6185913085938
554,0,0.6703763008117676,1011.7739868164062,276.28973388671875,1168.501708984375,637.1552734375
554,0,0.9023188948631287,1275.126220703125,53.78593826293945,1622.9669189453125,1058.177978515625
554,0,0.8957637548446655,0.0,4.082898139953613,416.09930419921875,1073.6219482421875
554,0,0.740964949131012,520.8948364257812,293.8660583496094,593.9845581054688,560.4940795898438
555,0,0.8330077528953552,845.7939453125,223.89443969726562,985.2053833007812,706.7095947265625
555,0,0.725183367729187,1015.7119140625,269.611328125,1169.1417236328125,641.8131713867188
555,0,0.8937749862670898,1271.4903564453125,56.12295150756836,1621.1630859375,1066.22119140625
555,0,0.8974218964576721,0.0,0.3805813789367676,392.4820861816406,1067.8123779296875
555,0,0.7171855568885803,518.796875,297.16961669921875,588.4189453125,560.9312744140625
555,0,0.7205853462219238,962.8871459960938,219.07061767578125,1054.062255859375,667.61279296875
556,0,0.8435600996017456,841.3330078125,222.87582397460938,983.049072265625,706.2742919921875
556,0,0.7849265933036804,1034.8455810546875,266.5339050292969,1169.6702880859375,642.3434448242188
556,0,0.8988355994224548,1278.2657470703125,56.77104187011719,1612.9832763671875,1066.77490234375
556,0,0.8859437704086304,0.0,0.0,368.79180908203125,1067.7904052734375
556,0,0.7439941167831421,515.1436157226562,294.8139343261719,587.5530395507812,562.549560546875
556,0,0.7669284343719482,957.98876953125,217.4499969482422,1053.625244140625,662.7788696289062
557,0,0.8482481837272644,834.986328125,224.07421875,980.056396484375,705.0469360351562
557,0,0.8107948303222656,1048.2216796875,269.4109191894531,1170.51904296875,643.798095703125
557,0,0.9001424312591553,1283.46923828125,56.79106903076172,1609.8399658203125,1067.769775390625
557,0,0.8805491924285889,0.0,2.313662052154541,350.7733459472656,1068.574462890625
557,0,0.7517754435539246,515.2814331054688,295.0300598144531,586.8565063476562,563.56591796875
557,0,0.7481169104576111,956.0302734375,218.1276397705078,1059.254150390625,666.8970947265625
558,0,0.858087956905365,828.9866333007812,223.52252197265625,982.1766967773438,703.3430786132812
558,0,0.8285248875617981,1056.294189453125,272.5641784667969,1170.00830078125,646.3912963867188
558,0,0.8971265554428101,1287.358154296875,58.57318878173828,1610.47216796875,1062.4578857421875
558,0,0.8666518330574036,0.0,3.5786304473876953,360.3782043457031,1066.8619384765625
558,0,0.7296955585479736,516.7748413085938,295.6585693359375,588.9576416015625,565.88427734375
558,0,0.7491810321807861,954.3754272460938,216.4482421875,1062.919677734375,667.97509765625
559,0,0.8527939915657043,825.3432006835938,225.001708984375,981.9859619140625,700.6660766601562
559,0,0.8132604956626892,1064.9482421875,276.4759826660156,1172.1365966796875,653.36376953125
559,0,0.9015663862228394,1288.755126953125,60.603065490722656,1608.5731201171875,1065.2174072265625
559,0,0.8398153185844421,0.0,6.28108549118042,332.6973571777344,1070.510498046875
559,0,0.7153191566467285,517.06787109375,297.85418701171875,590.0925903320312,566.5187377929688
559,0,0.778005063533783,953.298583984375,220.2957305908203,1065.8609619140625,670.7774047851562
560,0,0.8679009675979614,821.652099609375,224.0913543701172,982.8924560546875,697.119873046875
560,0,0.7519052028656006,1070.27783203125,271.3454284667969,1185.533447265625,648.950439453125
560,0,0.9017715454101562,1292.6422119140625,57.391319274902344,1611.153076171875,1064.6011962890625
560,0,0.8920160531997681,0.0,3.6770310401916504,329.64691162109375,1064.5072021484375
560,0,0.6981812119483948,519.0731201171875,296.69696044921875,595.0887451171875,565.7052001953125
560,0,0.7909557819366455,955.2894287109375,216.7632293701172,1067.53955078125,664.8330688476562
561,0,0.8648458123207092,818.6272583007812,221.18109130859375,982.8251342773438,695.9102783203125
561,0,0.7640557885169983,1080.0040283203125,269.8087158203125,1204.712646484375,651.04345703125
561,0,0.9020594358444214,1299.0791015625,56.29977035522461,1614.530517578125,1065.3277587890625
561,0,0.8769112825393677,0.0,5.320215225219727,326.6045837402344,1065.6302490234375
561,0,0.7088263630867004,519.5642700195312,299.4336853027344,602.0484008789062,566.62939453125
561,0,0.8067389726638794,958.8945922851562,221.00466918945312,1070.9493408203125,666.6333618164062
562,0,0.8513369560241699,819.864013671875,219.0335693359375,985.1394653320312,696.990234375
562,0,0.7709314227104187,1095.7493896484375,274.3458557128906,1228.2340087890625,656.9163818359375
562,0,0.8930685520172119,1304.0950927734375,56.31318283081055,1623.36669921875,1049.62890625
562,0,0.8024820685386658,0.10175485908985138,5.084958553314209,321.5366516113281,1066.041259765625
562,0,0.6872249245643616,525.5420532226562,302.766845703125,602.9425659179688,567.221923828125
562,0,0.8258285522460938,961.6701049804688,218.37208557128906,1076.4334716796875,672.3751220703125
563,0,0.8545213341712952,823.5403442382812,223.35377502441406,991.3301391601562,699.5250244140625
563,0,0.799095094203949,1113.6826171875,271.7118835449219,1258.2874755859375,659.0182495117188
563,0,0.9033259153366089,1312.6435546875,55.635005950927734,1640.6234130859375,1046.3797607421875
563,0,0.854901134967804,0.0,2.158846855163574,311.90789794921875,1066.4158935546875
563,0,0.7301301956176758,536.3941650390625,300.34356689453125,609.0347900390625,568.74755859375
563,0,0.8416158556938171,966.468017578125,218.31015014648438,1082.9991455078125,681.1710815429688
564,0,0.8845987915992737,832.0382690429688,223.88638305664062,996.8302001953125,702.7451171875
564,0,0.864602267742157,1128.3790283203125,274.89923095703125,1293.244140625,662.0322875976562
564,0,0.9005072712898254,1319.57080078125,57.40348815917969,1661.59375,1066.9298095703125
564,0,0.7013075947761536,0.008890361525118351,3.6296651363372803,294.7635192871094,1069.743896484375
564,0,0.7531889081001282,542.3010864257812,300.61895751953125,623.9782104492188,572.78125
564,0,0.8606255054473877,971.4379272460938,221.5316925048828,1090.208251953125,682.6378173828125
565,0,0.8900055885314941,839.4999389648438,226.3274688720703,1007.19287109375,706.6113891601562
565,0,0.8630470037460327,1136.3408203125,276.9093017578125,1324.3499755859375,663.7716674804688
565,0,0.9129747152328491,1312.7952880859375,56.76846694946289,1683.293701171875,1067.3326416015625
565,0,0.6975449919700623,0.0,3.324808120727539,272.84796142578125,1060.82275390625
565,0,0.7411910891532898,549.1728515625,302.2677307128906,622.9508056640625,573.8011474609375
565,0,0.8811641931533813,979.2067260742188,222.10147094726562,1098.0845947265625,684.2647094726562
566,0,0.8638599514961243,844.07080078125,230.67977905273438,1011.7197875976562,711.7528076171875
566,0,0.8782253861427307,1141.9710693359375,282.8182678222656,1343.1634521484375,669.7529907226562
566,0,0.9165421724319458,1315.7352294921875,55.45008087158203,1704.9454345703125,1067.4583740234375
566,0,0.869512140750885,0.4786425828933716,3.5725178718566895,247.26510620117188,1064.327880859375
566,0,0.7343152761459351,552.7283325195312,299.1391296386719,623.6324462890625,576.6630859375
566,0,0.8334892392158508,989.8267822265625,229.7307586669922,1103.704345703125,686.100341796875
566,0,0.7139291763305664,1683.5762939453125,283.1762390136719,1789.51708984375,479.5638427734375
567,0,0.8574368953704834,849.1665649414062,230.3907928466797,1013.52001953125,711.525634765625
567,0,0.881719708442688,1151.6700439453125,279.2915954589844,1344.1409912109375,674.0657348632812
567,0,0.9088455438613892,1310.491943359375,55.86727523803711,1713.5421142578125,1071.7008056640625
567,0,0.7346843481063843,0.0,6.7072248458862305,218.8894805908203,1058.09033203125
567,0,0.7180799245834351,558.7918090820312,305.1095275878906,630.3195190429688,578.695556640625
567,0,0.7953150868415833,996.082275390625,228.42066955566406,1112.9625244140625,688.6619262695312
567,0,0.7013585567474365,1704.5611572265625,283.1029357910156,1825.93408203125,482.5102844238281
567,0,0.7603986263275146,1102.582763671875,273.9254150390625,1207.9229736328125,625.1925048828125
568,0,0.8711277842521667,856.2913818359375,235.07489013671875,1016.6520385742188,715.8131103515625
568,0,0.8484004735946655,1156.9190673828125,280.9721984863281,1351.89794921875,680.9963989257812
568,0,0.9064393639564514,1310.7384033203125,56.135047912597656,1725.3250732421875,1065.2991943359375
568,0,0.7593327760696411,562.17578125,302.1539001464844,644.6736450195312,579.3431396484375
568,0,0.8209360837936401,1000.166259765625,230.18800354003906,1118.568603515625,692.7047119140625
568,0,0.6092866063117981,1719.8787841796875,285.0802917480469,1827.6732177734375,486.2421875
568,0,0.8002025485038757,1110.1864013671875,274.91357421875,1214.806396484375,628.0840454101562
569,0,0.8729819059371948,862.0994262695312,235.82699584960938,1024.6632080078125,714.4783935546875
569,0,0.8792102336883545,1166.30126953125,283.2617492675781,1360.0849609375,683.610595703125
569,0,0.9154554009437561,1316.084228515625,57.89206314086914,1742.89208984375,1071.04833984375
569,0,0.7366928458213806,565.36376953125,301.1163330078125,648.7694091796875,581.1337280273438
569,0,0.8446095585823059,1006.0386962890625,232.0574951171875,1121.1295166015625,696.0838012695312
569,0,0.6707684993743896,1731.6234130859375,287.1923522949219,1832.907470703125,490.4787292480469
569,0,0.855920672416687,1110.0380859375,276.4087219238281,1223.6729736328125,624.9801025390625
570,0,0.8700970411300659,868.22998046875,239.71905517578125,1028.6253662109375,718.2186889648438
570,0,0.8690623641014099,1168.8056640625,280.1768798828125,1373.861328125,690.5831909179688
570,0,0.9192784428596497,1325.8076171875,58.15224838256836,1754.730224609375,1078.3389892578125
570,0,0.7138761878013611,570.1307373046875,304.44244384765625,648.8875122070312,584.1717529296875
570,0,0.8536019325256348,1013.61083984375,233.82809448242188,1124.58837890625,698.0466918945312
570,0,0.46352773904800415,1741.7723388671875,289.2884521484375,1838.9556884765625,490.46630859375
570,0,0.871749758720398,1112.1578369140625,278.785400390625,1239.622314453125,640.8414306640625
571,0,0.8555627465248108,875.4982299804688,239.83465576171875,1031.726318359375,718.6378784179688
571,0,0.8304623365402222,1186.138916015625,278.8894958496094,1380.0758056640625,693.9281616210938
571,0,0.9267169833183289,1321.799072265625,57.20786666870117,1763.428466796875,1073.2401123046875
571,0,0.7356139421463013,575.2592163085938,302.8995056152344,655.0932006835938,586.3837890625
571,0,0.8338127136230469,1020.9650268554688,235.7395477294922,1132.890869140625,698.5361328125
571,0,0.7025638222694397,1750.564208984375,292.9734191894531,1855.7967529296875,488.27447509765625
571,0,0.8627021908760071,1124.07861328125,277.2013244628906,1248.84912109375,636.7173461914062
572,0,0.8652420043945312,881.4532470703125,241.7981719970703,1037.61474609375,715.006591796875
572,0,0.7885513305664062,1212.927490234375,285.1844177246094,1390.7471923828125,694.5009765625
572,0,0.9078564643859863,1326.96728515625,55.90470886230469,1773.531494140625,1073.1173095703125
572,0,0.7180254459381104,583.1412963867188,303.6166076660156,660.7279663085938,588.8406372070312
572,0,0.8334479928016663,1026.6663818359375,241.45111083984375,1137.7833251953125,702.40673828125
572,0,0.31097662448883057,1761.4100341796875,294.52789306640625,1867.6942138671875,489.1532287597656
572,0,0.8703688383102417,1128.04296875,276.603759765625,1254.4793701171875,635.5459594726562
573,0,0.8690283298492432,885.0022583007812,241.8953857421875,1043.8419189453125,710.4710693359375
573,0,0.7880578637123108,1234.239990234375,282.7350769042969,1401.5316162109375,698.4927368164062
573,0,0.8988962769508362,1337.092041015625,58.291046142578125,1782.4176025390625,1070.266357421875
573,0,0.7295532822608948,586.6591796875,303.1090087890625,673.0166625976562,590.08251953125
573,0,0.8582167625427246,1028.6484375,244.04074096679688,1141.2176513671875,701.7510375976562
573,0,0.33497172594070435,1775.472412109375,297.1888732910156,1874.69580078125,488.54217529296875
573,0,0.8767803907394409,1128.3216552734375,278.6307067871094,1259.695556640625,638.000732421875
574,0,0.8799326419830322,883.7886962890625,242.423095703125,1045.2537841796875,718.189453125
574,0,0.7541435360908508,1252.08642578125,280.1330871582031,1409.1650390625,702.5370483398438
574,0,0.9175317287445068,1352.567138671875,60.36680603027344,1787.797607421875,1071.826904296875
574,0,0.7061331868171692,588.0477294921875,305.4339294433594,672.48779296875,589.7788696289062
574,0,0.8658181428909302,1029.4658203125,243.77078247070312,1143.567138671875,702.1204833984375
574,0,0.3208792805671692,1794.892333984375,296.5592956542969,1886.572509765625,466.868896484375
574,0,0.8585900664329529,1132.1419677734375,280.1806640625,1268.537353515625,651.300537109375
575,0,0.8894748687744141,887.926025390625,242.5883331298828,1048.0643310546875,710.94921875
575,0,0.6911042332649231,1292.4034423828125,281.63775634765625,1418.7974853515625,706.8991088867188
575,0,0.9183402061462402,1354.87255859375,63.53043746948242,1791.5245361328125,1070.877685546875
575,0,0.7085402607917786,591.1776733398438,305.0137023925781,667.5347290039062,592.99365234375
575,0,0.8697822690010071,1032.5513916015625,240.7153778076172,1144.4217529296875,701.2267456054688
575,0,0.851263165473938,1137.6826171875,281.1884460449219,1274.6658935546875,655.6139526367188
576,0,0.8765968680381775,891.5379028320312,241.6312713623047,1048.76416015625,707.7098999023438
576,0,0.8009449243545532,1300.6512451171875,276.8978271484375,1429.7457275390625,707.2286987304688
576,0,0.8897801637649536,1361.72021484375,63.671104431152344,1798.7327880859375,1070.3016357421875
576,0,0.6581910252571106,590.5242919921875,309.67120361328125,664.1216430664062,593.0665283203125
576,0,0.8632574677467346,1033.075927734375,238.69036865234375,1146.0364990234375,700.7664794921875
576,0,0.812900185585022,1143.2918701171875,282.05126953125,1278.218505859375,655.4971313476562
577,0,0.8924031853675842,890.0416259765625,240.54249572753906,1049.435302734375,709.7994995117188
577,0,0.8505692481994629,1314.6002197265625,272.4097595214844,1445.4091796875,712.2621459960938
577,0,0.9220863580703735,1376.355224609375,62.45625686645508,1802.83349609375,1069.0914306640625
577,0,0.6982686519622803,591.912109375,308.40264892578125,665.8123779296875,594.2671508789062
577,0,0.8616586327552795,1032.9215087890625,235.5301513671875,1144.7025146484375,702.5744018554688
577,0,0.8183257579803467,1144.7218017578125,279.9032287597656,1275.119384765625,647.9107666015625
578,0,0.8829092383384705,890.62109375,244.3742218017578,1047.100830078125,716.0359497070312
578,0,0.8500309586524963,1331.464111328125,277.2673034667969,1454.352783203125,725.091064453125
578,0,0.9161023497581482,1382.329345703125,68.7598648071289,1808.921875,1068.618408203125
578,0,0.7186428904533386,589.7531127929688,307.4289245605469,663.7296752929688,598.2821655273438
578,0,0.8609113097190857,1029.5660400390625,240.86460876464844,1145.4844970703125,705.1399536132812
578,0,0.8435420393943787,1148.423583984375,280.0235290527344,1275.788818359375,651.889404296875
578,0,0.6201297640800476,1801.76806640625,304.6146545410156,1919.1796875,509.5737609863281
579,0,0.880637526512146,887.6777954101562,243.76722717285156,1045.2474365234375,714.083740234375
579,0,0.816515326499939,1336.0706787109375,278.0275573730469,1460.0540771484375,729.1200561523438
579,0,0.9193329811096191,1396.98095703125,70.99751281738281,1815.9493408203125,1071.801513671875
579,0,0.7003756761550903,585.7489013671875,306.1159973144531,662.528076171875,597.1475219726562
579,0,0.8595576882362366,1024.6328125,243.80282592773438,1142.5484619140625,705.1097412109375
579,0,0.8299248218536377,1146.4312744140625,282.79901123046875,1275.7271728515625,656.4751586914062
579,0,0.6698044538497925,1807.156005859375,305.87030029296875,1919.90380859375,516.9155883789062
580,0,0.8692176938056946,886.2698974609375,243.48866271972656,1042.2294921875,714.1657104492188
580,0,0.8416234254837036,1340.9190673828125,282.17095947265625,1484.8826904296875,737.9678344726562
580,0,0.9259036183357239,1408.058837890625,69.39962768554688,1824.4337158203125,1069.7530517578125
580,0,0.6693041324615479,583.9910888671875,307.32183837890625,657.7390747070312,596.12646484375
580,0,0.8501087427139282,1021.7122802734375,242.77333068847656,1140.919189453125,702.3590087890625
580,0,0.8361725211143494,1147.5390625,282.6893615722656,1275.051513671875,658.3623657226562
580,0,0.4716613292694092,1814.0941162109375,305.67266845703125,1920.0,520.372802734375
581,0,0.8605614304542542,887.4821166992188,246.87928771972656,1036.7598876953125,712.8182373046875
581,0,0.8634147644042969,1345.4044189453125,283.6038818359375,1500.5533447265625,738.4459838867188
581,0,0.9332980513572693,1422.2867431640625,70.62452697753906,1834.298583984375,1072.7257080078125
581,0,0.6786664724349976,581.9191284179688,305.008056640625,654.7297973632812,597.3427124023438
581,0,0.8581666350364685,1019.63037109375,241.0786590576172,1143.4368896484375,701.856689453125
581,0,0.8312910795211792,1147.9703369140625,281.81695556640625,1274.705810546875,658.0778198242188
581,0,0.37225133180618286,1824.711181640625,306.09637451171875,1920.0,521.3538818359375
582,0,0.858519434928894,885.0425415039062,248.95736694335938,1034.1622314453125,714.5939331054688
582,0,0.900556206703186,1341.5928955078125,287.6236267089844,1502.3353271484375,739.1276245117188
582,0,0.929612934589386,1428.158447265625,70.46279907226562,1845.9564208984375,1073.9036865234375
582,0,0.6876528263092041,579.6358642578125,306.46685791015625,653.6124267578125,600.4970092773438
582,0,0.8507310748100281,1019.8057861328125,242.19325256347656,1144.684814453125,701.8964233398438
582,0,0.8198946118354797,1146.9837646484375,283.1475524902344,1270.3695068359375,660.6796264648438
582,0,0.5071972012519836,1836.045654296875,304.12646484375,1920.0,528.995849609375
583,0,0.8278758525848389,875.8936767578125,250.5336151123047,1025.67626953125,721.0619506835938
583,0,0.8775774240493774,1338.44873046875,284.88140869140625,1507.519775390625,738.8656616210938
583,0,0.9254611730575562,1434.7734375,72.35269927978516,1856.3309326171875,1074.1004638671875
583,0,0.6832086443901062,574.0676879882812,308.7071228027344,645.4860229492188,606.7874145507812
583,0,0.8411418795585632,1016.5007934570312,242.8841094970703,1147.5474853515625,702.8777465820312
583,0,0.8081116080284119,1145.005126953125,285.8902587890625,1272.0169677734375,663.927978515625
583,0,0.4959563612937927,1843.2115478515625,306.20953369140625,1919.91796875,531.8264770507812
584,0,0.8469623923301697,867.2034301757812,251.34556579589844,1016.1216430664062,722.910888671875
584,0,0.8669070601463318,1338.056884765625,282.336669921875,1510.0164794921875,736.6292724609375
584,0,0.9247764348983765,1441.758056640625,72.06820678710938,1863.5455322265625,1074.25146484375
584,0,0.6976748108863831,569.6233520507812,310.28399658203125,645.048583984375,606.6026611328125
584,0,0.823894739151001,1012.3175048828125,240.51217651367188,1143.85400390625,702.54443359375
584,0,0.8244398832321167,1143.3585205078125,286.7871398925781,1260.7955322265625,662.6646118164062
584,0,0.37665998935699463,1850.480712890625,303.490234375,1919.6859130859375,533.6115112304688
585,0,0.8614798188209534,864.2716064453125,253.87210083007812,1011.904296875,724.3244018554688
585,0,0.8213539719581604,1338.332763671875,280.52960205078125,1517.41455078125,739.5372924804688
585,0,0.9201384782791138,1454.3558349609375,72.12542724609375,1870.0291748046875,1074.1309814453125
585,0,0.7157716751098633,565.83447265625,306.0248107910156,640.2528076171875,605.7776489257812
585,0,0.807522714138031,1011.8867797851562,239.03065490722656,1144.7230224609375,702.34912109375
585,0,0.8193225264549255,1143.19873046875,286.7252197265625,1260.67333984375,663.5711669921875
585,0,0.318790465593338,1851.6351318359375,303.7003479003906,1919.4300537109375,529.9000244140625
586,0,0.8744563460350037,863.1563110351562,258.1357421875,1003.9334716796875,728.8714599609375
586,0,0.7997390031814575,1336.62744140625,278.8161315917969,1520.1453857421875,739.6730346679688
586,0,0.9082907438278198,1465.1234130859375,71.17366790771484,1872.6513671875,1073.2430419921875
586,0,0.7120736837387085,563.56689453125,311.65423583984375,636.6410522460938,605.715576171875
586,0,0.8353478908538818,997.0321044921875,234.80963134765625,1138.20703125,704.9931640625
586,0,0.8018432259559631,1141.24755859375,284.9635925292969,1265.3687744140625,665.4176635742188
586,0,0.3385988175868988,1852.75830078125,306.56878662109375,1919.2659912109375,526.9109497070312
587,0,0.873029351234436,858.2465209960938,253.68089294433594,998.8186645507812,727.7779541015625
587,0,0.8055305480957031,1330.7728271484375,283.2528076171875,1529.2779541015625,741.0616455078125
587,0,0.9145686030387878,1469.8709716796875,69.78413391113281,1876.10986328125,1073.162109375
587,0,0.7644694447517395,559.9468994140625,309.5013732910156,630.9888305664062,606.7890625
587,0,0.8405608534812927,998.5159912109375,240.1094207763672,1129.941650390625,706.2493286132812
587,0,0.8165357112884521,1140.0257568359375,282.5169372558594,1274.85498046875,665.5324096679688
587,0,0.34353482723236084,1855.5513916015625,308.03131103515625,1919.1634521484375,527.1480102539062
588,0,0.8701611161231995,851.429931640625,254.31478881835938,994.8701782226562,727.7219848632812
588,0,0.7678512930870056,1336.596435546875,279.85943603515625,1533.374755859375,739.3980712890625
588,0,0.913825273513794,1470.4324951171875,69.94989776611328,1875.304443359375,1073.75390625
588,0,0.7321497797966003,553.3854370117188,312.4499816894531,624.7175903320312,607.3483276367188
588,0,0.8527022004127502,998.4013671875,242.71102905273438,1136.5445556640625,707.3180541992188
588,0,0.8250020742416382,1139.3203125,280.6143493652344,1278.685791015625,665.5042724609375
588,0,0.3363824784755707,1860.7857666015625,309.9704895019531,1919.3338623046875,528.0652465820312
589,0,0.8985652327537537,844.6023559570312,253.50003051757812,990.0755615234375,717.994140625
589,0,0.8407076597213745,1350.56982421875,278.15887451171875,1543.7392578125,749.2274780273438
589,0,0.9184264540672302,1469.243896484375,66.92960357666016,1877.3720703125,1074.2467041015625
589,0,0.7217940092086792,546.6382446289062,312.7036437988281,620.6260375976562,608.56591796875
589,0,0.8379643559455872,995.7861328125,243.06488037109375,1130.56103515625,710.3175048828125
589,0,0.8174605965614319,1139.388671875,280.51483154296875,1280.0517578125,666.3505249023438
589,0,0.3019840717315674,1863.8677978515625,310.31317138671875,1919.3968505859375,534.3689575195312
590,0,0.9051364064216614,832.236328125,251.6284942626953,988.68212890625,717.369873046875
590,0,0.7369568943977356,1364.8375244140625,279.04571533203125,1549.4344482421875,748.4278564453125
590,0,0.9146769046783447,1470.6513671875,65.0938491821289,1879.8896484375,1074.42431640625
590,0,0.7662599086761475,544.0176391601562,305.8679504394531,616.1812133789062,610.143310546875
590,0,0.8511533141136169,993.162353515625,242.0580596923828,1126.6693115234375,710.25244140625
590,0,0.7896438241004944,1139.826904296875,282.4123229980469,1280.7493896484375,667.475341796875
590,0,0.26271796226501465,1868.5677490234375,310.5537414550781,1919.70556640625,535.8204345703125
591,0,0.8879186511039734,823.5655517578125,249.64468383789062,980.7683715820312,713.3964233398438
591,0,0.5892323851585388,1390.7373046875,269.7604675292969,1553.04296875,754.7897338867188
591,0,0.9189470410346985,1467.2218017578125,65.85529327392578,1882.6019287109375,1071.4256591796875
591,0,0.7105008959770203,540.7984008789062,300.0623779296875,615.738525390625,610.4862670898438
591,0,0.8590155243873596,990.1759033203125,241.63912963867188,1122.9658203125,710.2245483398438
591,0,0.8020824193954468,1140.8065185546875,281.6958923339844,1280.4478759765625,667.947265625
591,0,0.2562613785266876,1873.0537109375,321.477294921875,1919.65966796875,535.14208984375
592,0,0.866816520690918,821.0518188476562,248.14596557617188,977.8048706054688,712.3933715820312
592,0,0.920698344707489,1466.8095703125,65.49031829833984,1884.498046875,1072.0433349609375
592,0,0.7330746650695801,536.4295043945312,297.21435546875,623.9241943359375,611.9606323242188
592,0,0.8447871804237366,988.647216796875,242.079833984375,1119.018798828125,711.299072265625
592,0,0.8155719041824341,1142.58837890625,280.85467529296875,1275.7542724609375,666.8046875
593,0,0.873662531375885,816.7540893554688,249.93212890625,980.2360229492188,711.1448974609375
593,0,0.9145776033401489,1471.5272216796875,66.16130828857422,1883.741455078125,1073.6636962890625
593,0,0.7788106203079224,532.4707641601562,298.0218811035156,629.2530517578125,614.1997680664062
593,0,0.8529791235923767,983.6444702148438,242.8668975830078,1116.6025390625,714.1956176757812
593,0,0.8059504628181458,1145.0379638671875,281.2904968261719,1273.687255859375,668.3374633789062
594,0,0.8796590566635132,809.563232421875,249.33018493652344,977.52587890625,710.9238891601562
594,0,0.9216309785842896,1479.9088134765625,64.07593536376953,1886.833740234375,1072.5797119140625
594,0,0.7142494320869446,531.0924682617188,299.6917724609375,626.3804321289062,616.0076293945312
594,0,0.8616546392440796,978.638916015625,243.0834503173828,1119.28369140625,716.85009765625
594,0,0.7462593913078308,1148.0064697265625,278.6261901855469,1273.479248046875,672.6879272460938
595,0,0.8721314668655396,801.9484252929688,247.71853637695312,973.489013671875,711.9893188476562
595,0,0.9170674085617065,1494.68798828125,62.261295318603516,1889.29052734375,1074.8406982421875
595,0,0.6944419741630554,529.5860595703125,300.2200622558594,624.6224365234375,616.4862060546875
595,0,0.8600923418998718,975.0321655273438,244.84271240234375,1122.8251953125,715.6712036132812
595,0,0.7625932693481445,1149.3331298828125,277.3138122558594,1277.3359375,676.4088134765625
596,0,0.8695557713508606,800.9022827148438,247.765380859375,968.3074951171875,717.0811767578125
596,0,0.9195716977119446,1506.8089599609375,58.749053955078125,1888.8680419921875,1076.462890625
596,0,0.6473501324653625,529.5592651367188,302.0401611328125,615.6409912109375,616.7572631835938
596,0,0.8682259321212769,976.3948364257812,245.3751678466797,1124.6871337890625,717.4097290039062
596,0,0.7963498830795288,1153.2930908203125,274.3465576171875,1287.443603515625,680.8953247070312
597,0,0.872006356716156,800.9424438476562,252.64956665039062,964.8329467773438,723.4981079101562
597,0,0.9248719215393066,1508.9974365234375,59.31123352050781,1888.8480224609375,1078.567138671875
597,0,0.6412486433982849,528.7007446289062,323.06884765625,608.5780639648438,621.50634765625
597,0,0.8527836799621582,982.2808227539062,248.11155700683594,1123.1533203125,722.6806640625
597,0,0.8119685053825378,1155.0357666015625,276.7521667480469,1292.170654296875,686.1820678710938
598,0,0.8677974939346313,801.0478515625,255.1365509033203,966.543212890625,729.8930053710938
598,0,0.9320712685585022,1510.591552734375,59.75529098510742,1895.8028564453125,1079.502685546875
598,0,0.7133352160453796,530.4376831054688,313.6323547363281,620.5743408203125,624.5384521484375
598,0,0.8614288568496704,986.2932739257812,249.6297149658203,1125.4715576171875,723.4098510742188
598,0,0.8125491738319397,1154.5350341796875,291.5926208496094,1289.1220703125,684.5274047851562
599,0,0.8703035712242126,806.0333251953125,256.9651794433594,969.385009765625,732.946533203125
599,0,0.9332797527313232,1512.733642578125,58.365386962890625,1905.4522705078125,1078.0496826171875
599,0,0.7520806789398193,533.0197143554688,305.4584045410156,632.9021606445312,626.9947509765625
599,0,0.8644182085990906,994.989013671875,248.8905487060547,1128.8489990234375,726.9329223632812
599,0,0.8253318071365356,1158.6458740234375,293.0742492675781,1296.2384033203125,684.8460693359375
600,0,0.8782784938812256,810.2372436523438,260.66973876953125,972.0509643554688,735.2276611328125
600,0,0.9397358894348145,1513.78271484375,59.189910888671875,1916.6649169921875,1079.9156494140625
600,0,0.7109599113464355,535.3340454101562,312.9704895019531,628.6262817382812,631.5165405273438
600,0,0.8439074754714966,996.3283081054688,248.8042755126953,1136.48388671875,732.3857421875
600,0,0.7746530771255493,1170.9088134765625,287.8192443847656,1314.1990966796875,690.1007690429688
601,0,0.8716880679130554,816.9690551757812,266.1589660644531,971.96142578125,735.8077392578125
601,0,0.9502922892570496,1514.970703125,56.91361999511719,1919.5316162109375,1074.7587890625
601,0,0.7526313662528992,538.5701293945312,316.4150085449219,625.4782104492188,636.0526733398438
601,0,0.8297467231750488,997.7095336914062,247.89569091796875,1137.7242431640625,733.4337768554688
601,0,0.7479829788208008,1184.1702880859375,286.3022155761719,1324.15966796875,695.4366455078125
602,0,0.8877487778663635,823.2266845703125,270.8916931152344,978.4098510742188,741.6465454101562
602,0,0.9481652975082397,1520.205810546875,58.1970100402832,1920.0,1074.938720703125
602,0,0.744140088558197,542.9833984375,323.53173828125,626.5870361328125,642.3870239257812
602,0,0.817749559879303,1003.8477172851562,252.44261169433594,1137.8104248046875,737.1394653320312
602,0,0.6115961074829102,1205.603759765625,285.2516174316406,1332.549072265625,700.7171630859375
603,0,0.9112906455993652,827.6830444335938,274.92388916015625,988.5933837890625,749.7846069335938
603,0,0.9520875215530396,1521.590576171875,60.116607666015625,1920.0,1073.5386962890625
603,0,0.7215626239776611,548.2498779296875,334.7165832519531,629.0833740234375,648.95068359375
603,0,0.8479543328285217,1007.7072143554688,261.51165771484375,1142.0682373046875,733.00830078125
603,0,0.618171751499176,1203.4439697265625,294.3128662109375,1339.0325927734375,704.6019897460938
604,0,0.8947646021842957,831.9005126953125,277.1045837402344,995.313720703125,745.4365844726562
604,0,0.9414907097816467,1525.5872802734375,63.89965057373047,1919.37646484375,1076.27001953125
604,0,0.7756022214889526,554.1680297851562,332.6932678222656,635.660400390625,650.796630859375
604,0,0.8346145153045654,1017.2184448242188,259.7630615234375,1143.89697265625,730.5687866210938
604,0,0.6762257814407349,1214.154052734375,293.44647216796875,1348.9207763671875,706.8531494140625
605,0,0.873124361038208,838.3592529296875,279.4677429199219,1004.1895751953125,748.9660034179688
605,0,0.9388587474822998,1533.614501953125,65.16529083251953,1919.1400146484375,1073.9130859375
605,0,0.7658306360244751,559.8170166015625,324.52935791015625,641.829833984375,652.4767456054688
605,0,0.8359366655349731,1024.933349609375,260.500732421875,1147.516357421875,727.65380859375
605,0,0.6356869339942932,1223.5645751953125,290.9710998535156,1361.4635009765625,710.9684448242188
606,0,0.8661600947380066,846.9354858398438,281.53759765625,1012.1625366210938,745.5873413085938
606,0,0.9349734783172607,1544.7852783203125,68.82048797607422,1919.070068359375,1070.7447509765625
606,0,0.7785646319389343,565.8157348632812,328.3034362792969,649.589111328125,654.559814453125
606,0,0.847341001033783,1034.9918212890625,261.8499755859375,1155.3052978515625,728.7908935546875
606,0,0.5628844499588013,1233.896728515625,293.0309143066406,1377.6513671875,713.5070190429688
607,0,0.8242355585098267,852.1768188476562,278.7738342285156,1017.038330078125,739.4674682617188
607,0,0.9299046993255615,1558.948974609375,68.10620880126953,1919.1416015625,1069.1573486328125
607,0,0.7258520722389221,571.035888671875,328.1203308105469,657.9132690429688,653.499755859375
607,0,0.8547973036766052,1037.5369873046875,267.5728759765625,1162.760009765625,731.2601928710938
607,0,0.5685697197914124,1248.4132080078125,292.29071044921875,1385.9373779296875,714.7151489257812
608,0,0.8400270342826843,862.6821899414062,278.1557922363281,1018.0443725585938,730.6110229492188
608,0,0.9355409145355225,1561.5040283203125,65.54905700683594,1919.1053466796875,1071.16455078125
608,0,0.7235171794891357,576.029296875,326.6628723144531,672.8544311523438,657.0910034179688
608,0,0.8673694133758545,1039.4332275390625,268.6689147949219,1172.1177978515625,733.0538330078125
608,0,0.7731140851974487,1260.3369140625,293.30145263671875,1395.4886474609375,721.3657836914062
609,0,0.8419026732444763,867.925048828125,277.1128234863281,1022.5189819335938,739.5130615234375
609,0,0.931482195854187,1575.8682861328125,67.63861083984375,1919.1265869140625,1070.624755859375
609,0,0.7927521467208862,579.7161865234375,321.75555419921875,684.2534790039062,655.9263305664062
609,0,0.8503310084342957,1042.572998046875,267.6072692871094,1180.9207763671875,735.4815063476562
609,0,0.7067062854766846,1271.12158203125,304.56011962890625,1398.3419189453125,721.7611694335938
610,0,0.8615953922271729,875.6090087890625,276.6180725097656,1021.7041015625,744.515380859375
610,0,0.9322962760925293,1585.2464599609375,69.42178344726562,1919.0078125,1069.7752685546875
610,0,0.7602218389511108,582.8749389648438,322.6249084472656,677.4544067382812,656.4480590820312
610,0,0.830545961856842,1043.311767578125,268.8173828125,1182.73974609375,736.96142578125
610,0,0.7347498536109924,1278.1165771484375,295.328857421875,1402.47705078125,725.7710571289062
611,0,0.852213442325592,878.1217651367188,277.6859436035156,1024.4722900390625,738.0938720703125
611,0,0.9324831366539001,1596.0257568359375,74.46251678466797,1918.8509521484375,1070.3765869140625
611,0,0.7139420509338379,584.48095703125,326.1585388183594,667.5215454101562,658.1039428710938
611,0,0.8124903440475464,1033.931884765625,270.955810546875,1185.259033203125,740.7423095703125
611,0,0.8031718730926514,1288.1859130859375,290.48504638671875,1414.5972900390625,731.2215576171875
612,0,0.8580926060676575,880.3555297851562,281.4604187011719,1025.5526123046875,745.8011474609375
612,0,0.9339053630828857,1611.3448486328125,79.01216125488281,1918.78369140625,1069.950439453125
612,0,0.7689875364303589,587.70068359375,332.6436767578125,666.8955688476562,659.8189086914062
612,0,0.8238299489021301,1031.0157470703125,273.1307678222656,1188.85986328125,744.5852661132812
612,0,0.7573369145393372,1294.9349365234375,291.40057373046875,1426.833251953125,738.9834594726562
613,0,0.863434374332428,885.3362426757812,287.2071533203125,1028.824462890625,752.932373046875
613,0,0.9402965903282166,1622.1553955078125,76.89421844482422,1919.40087890625,1072.2725830078125
613,0,0.7874824404716492,588.970458984375,334.8150329589844,669.676513671875,662.0980224609375
613,0,0.8129915595054626,1030.0018310546875,277.95184326171875,1190.5985107421875,746.0601806640625
613,0,0.7408819794654846,1307.2567138671875,293.9830017089844,1430.984375,747.0623168945312
614,0,0.8658081293106079,887.299072265625,289.47247314453125,1035.00390625,755.4203491210938
614,0,0.9353319406509399,1634.01318359375,78.09357452392578,1919.3731689453125,1071.8145751953125
614,0,0.7748342156410217,589.150390625,335.42767333984375,671.80224609375,665.7959594726562
614,0,0.8175787925720215,1030.1517333984375,281.8822937011719,1194.07080078125,747.68212890625
614,0,0.8017721772193909,1315.8319091796875,301.4007263183594,1437.4053955078125,750.0515747070312
615,0,0.8484629988670349,888.4879150390625,292.9104919433594,1036.5098876953125,758.078369140625
615,0,0.9359530210494995,1646.85595703125,83.21906280517578,1919.3367919921875,1071.7939453125
615,0,0.7750164270401001,590.5146484375,336.9258728027344,682.3271484375,668.6544189453125
615,0,0.8119465708732605,1030.59619140625,284.0079040527344,1200.7625732421875,752.164794921875
615,0,0.8447550535202026,1321.7049560546875,303.40228271484375,1441.53173828125,753.49365234375
616,0,0.8531074523925781,888.0501708984375,296.756103515625,1032.411376953125,761.520263671875
616,0,0.9329731464385986,1657.373779296875,77.40203857421875,1919.33349609375,1071.36669921875
616,0,0.786705732345581,589.2844848632812,336.5762634277344,682.94775390625,671.0673828125
616,0,0.7894725799560547,1032.091064453125,288.83538818359375,1204.966064453125,760.2938842773438
616,0,0.8476842045783997,1324.472900390625,304.00592041015625,1446.15234375,756.0653686523438
617,0,0.8666791915893555,886.0032348632812,299.9046325683594,1028.7838134765625,765.4275512695312
617,0,0.930879533290863,1661.51953125,91.716796875,1919.405029296875,1074.7244873046875
617,0,0.7863244414329529,588.3699340820312,336.5942687988281,674.8502197265625,672.9869384765625
617,0,0.7967145442962646,1030.3511962890625,298.8803405761719,1214.285888671875,768.1327514648438
617,0,0.8488057255744934,1325.5548095703125,306.68487548828125,1446.05078125,759.6171875
618,0,0.8731744885444641,884.6281127929688,301.2403259277344,1031.3028564453125,765.78759765625
618,0,0.9179468750953674,1666.120849609375,92.75840759277344,1919.33349609375,1073.97998046875
618,0,0.7634232640266418,584.4071044921875,335.8116760253906,672.3807373046875,673.7958984375
618,0,0.7912508249282837,1030.085205078125,307.32305908203125,1215.7432861328125,769.3109741210938
618,0,0.8324722647666931,1324.470947265625,307.4454040527344,1444.489501953125,761.8511352539062
619,0,0.8694909811019897,880.7127685546875,301.82989501953125,1024.710205078125,766.6341552734375
619,0,0.9219006299972534,1669.360595703125,90.3084716796875,1919.4569091796875,1073.9766845703125
619,0,0.7629074454307556,580.6028442382812,335.6797180175781,675.0023193359375,678.4764404296875
619,0,0.7763208746910095,1029.8599853515625,296.4039306640625,1212.4537353515625,764.0119018554688
619,0,0.8125666975975037,1323.9677734375,309.0641784667969,1444.9591064453125,765.3182373046875
620,0,0.8616615533828735,873.9991455078125,302.2367248535156,1022.3419189453125,770.3168334960938
620,0,0.8911810517311096,1677.8985595703125,90.2500228881836,1919.3831787109375,1074.204833984375
620,0,0.7808738946914673,577.0776977539062,334.5693664550781,678.1470947265625,679.8876342773438
620,0,0.69086092710495,1031.162353515625,291.3073425292969,1208.2525634765625,773.6529541015625
620,0,0.7840090394020081,1322.1407470703125,310.1109619140625,1445.7080078125,768.82763671875
621,0,0.8542283773422241,868.75341796875,302.7867431640625,1021.9442138671875,770.3893432617188
621,0,0.8484808802604675,1683.98974609375,93.19480895996094,1919.246337890625,1074.1099853515625
621,0,0.7675601840019226,572.7791137695312,334.5089416503906,675.7083129882812,682.8037719726562
621,0,0.7052339315414429,1026.5650634765625,285.9826965332031,1170.448486328125,776.5667724609375
621,0,0.7771058082580566,1322.4033203125,312.10498046875,1447.7901611328125,773.9750366210938
622,0,0.8508733510971069,858.7361450195312,302.9302062988281,1018.1797485351562,766.7735595703125
622,0,0.871698260307312,1692.3701171875,94.01392364501953,1919.3009033203125,1076.0848388671875
622,0,0.7715109586715698,567.4420776367188,339.3400573730469,672.7664184570312,683.965576171875
622,0,0.7406888604164124,1020.2207641601562,287.0447692871094,1158.4395751953125,765.50732421875
622,0,0.7859351634979248,1325.014404296875,312.9991760253906,1449.4371337890625,777.3168334960938
623,0,0.8744775056838989,848.353759765625,302.1511535644531,1012.6470947265625,763.4097900390625
623,0,0.8725829720497131,1690.999755859375,93.650634765625,1919.248046875,1077.777587890625
623,0,0.7735364437103271,563.4663696289062,337.0267639160156,657.349853515625,687.6209716796875
623,0,0.8111539483070374,1013.5950317382812,287.9917297363281,1150.352294921875,765.6563720703125
623,0,0.8382461071014404,1323.5189208984375,313.4674377441406,1448.8951416015625,776.6436157226562
624,0,0.8854517936706543,845.0542602539062,303.26397705078125,1008.8594970703125,758.0663452148438
624,0,0.8903396129608154,1694.831298828125,98.99583435058594,1919.426025390625,1079.1307373046875
624,0,0.7834675908088684,558.72705078125,337.2089538574219,652.1044311523438,691.1051635742188
624,0,0.8270867466926575,1007.3175048828125,286.6394958496094,1143.5400390625,765.0253295898438
624,0,0.8716393113136292,1324.1953125,313.0896301269531,1450.0819091796875,778.8916625976562
625,0,0.8815506100654602,841.3463745117188,301.2103271484375,1002.9973754882812,756.5169677734375
625,0,0.8829863667488098,1697.5723876953125,105.21417236328125,1919.37646484375,1079.590576171875
625,0,0.7652769684791565,551.7325439453125,337.24957275390625,648.1109619140625,690.2708740234375
625,0,0.7951768636703491,1003.692626953125,284.0589599609375,1137.5494384765625,761.982666015625
625,0,0.8698439598083496,1324.4049072265625,308.8541259765625,1446.895263671875,780.2391357421875
625,0,0.7858018279075623,1108.009033203125,331.95465087890625,1205.55615234375,730.7296752929688
626,0,0.8968031406402588,828.7699584960938,299.3202209472656,996.1951904296875,757.0864868164062
626,0,0.8764976263046265,1701.100830078125,101.70162963867188,1919.4757080078125,1077.6883544921875
626,0,0.7797541618347168,544.1328735351562,344.3745422363281,635.1678466796875,690.5087890625
626,0,0.7905998826026917,994.24169921875,283.0573425292969,1135.5283203125,759.1942138671875
626,0,0.8656715750694275,1322.78515625,305.42767333984375,1444.4376220703125,780.340087890625
626,0,0.7435985207557678,1103.572509765625,331.8897399902344,1203.2840576171875,740.8761596679688
627,0,0.9016335010528564,824.1859130859375,299.17340087890625,992.5103149414062,756.9447631835938
627,0,0.8892454504966736,1696.6456298828125,104.14100646972656,1919.4605712890625,1071.8125
627,0,0.8087695837020874,538.6483764648438,338.85028076171875,635.5604248046875,693.4402465820312
627,0,0.7337323427200317,990.77587890625,285.8896484375,1138.5301513671875,758.2791137695312
627,0,0.8366082310676575,1321.5186767578125,307.4338684082031,1444.9228515625,781.8701782226562
627,0,0.7197418808937073,1099.833984375,334.26611328125,1204.85595703125,745.7944946289062
627,0,0.7074544429779053,1243.351806640625,328.26007080078125,1340.6165771484375,741.3261108398438
628,0,0.9015032052993774,822.9505615234375,300.1021728515625,989.8305053710938,759.6602783203125
628,0,0.8820387125015259,1657.7479248046875,100.53994750976562,1919.505615234375,1070.7222900390625
628,0,0.7623310089111328,535.7508544921875,338.57647705078125,629.821533203125,696.5130004882812
628,0,0.7876558899879456,984.895263671875,283.0582275390625,1113.609375,759.2440795898438
628,0,0.8492838740348816,1322.14501953125,304.2310485839844,1444.35595703125,782.0100708007812
628,0,0.6971186995506287,1088.67724609375,333.5364685058594,1203.4815673828125,747.347900390625
628,0,0.6835837960243225,1240.9139404296875,327.1688232421875,1343.429443359375,743.0362548828125
629,0,0.8890542984008789,820.1865234375,300.89288330078125,988.9715576171875,759.4820556640625
629,0,0.8774948716163635,1635.17431640625,105.21815490722656,1919.525634765625,1071.763916015625
629,0,0.7607356905937195,531.6776123046875,338.7668151855469,632.722412109375,700.2913818359375
629,0,0.7941407561302185,976.570068359375,280.4010009765625,1107.0115966796875,759.2798461914062
629,0,0.7831076979637146,1322.145751953125,303.3991394042969,1444.23681640625,783.284423828125
629,0,0.7643603086471558,1084.01171875,333.7068176269531,1200.5810546875,748.9924926757812
629,0,0.6648550629615784,1238.8089599609375,326.5641784667969,1344.177734375,737.2964477539062
630,0,0.8952193260192871,817.598876953125,301.7180480957031,991.1560668945312,760.1599731445312
630,0,0.8923515677452087,1682.547607421875,105.01814270019531,1919.71142578125,1071.7933349609375
630,0,0.7455140948295593,528.0203247070312,346.6488952636719,627.0337524414062,701.6005859375
630,0,0.8086937665939331,974.3062744140625,278.99664306640625,1105.5576171875,757.9362182617188
630,0,0.7752536535263062,1322.498291015625,303.44525146484375,1445.3375244140625,783.0119018554688
630,0,0.7594343423843384,1082.8306884765625,332.8621826171875,1204.713134765625,750.2391357421875
630,0,0.6642044186592102,1234.6458740234375,322.2118835449219,1345.7000732421875,735.119140625
631,0,0.8815115094184875,814.357421875,304.425048828125,987.3251953125,762.5120239257812
631,0,0.8914188742637634,1701.9146728515625,101.27326202392578,1919.699951171875,1072.0758056640625
631,0,0.7362557649612427,526.8153686523438,346.0975341796875,617.889404296875,704.8587646484375
631,0,0.8116828799247742,971.6185913085938,280.5521545410156,1106.6929931640625,757.7881469726562
631,0,0.760789692401886,1324.4095458984375,301.9158630371094,1446.8463134765625,785.8084106445312
631,0,0.810215175151825,1081.8541259765625,332.89892578125,1211.06640625,753.5763549804688
631,0,0.6206541657447815,1232.6011962890625,321.87298583984375,1347.36962890625,742.5565795898438
632,0,0.896521270275116,813.3549194335938,308.399169921875,988.4931030273438,764.1283569335938
632,0,0.8944511413574219,1714.3419189453125,93.59976196289062,1919.793701171875,1072.01513671875
632,0,0.7712558507919312,524.0540771484375,349.5978698730469,618.053955078125,705.685546875
632,0,0.810509204864502,973.0088500976562,281.985107421875,1111.468505859375,759.8989868164062
632,0,0.7621310353279114,1328.1168212890625,300.198974609375,1449.217041015625,787.5969848632812
632,0,0.7934356331825256,1086.2728271484375,332.049560546875,1216.25,755.2772827148438
632,0,0.6275248527526855,1233.414794921875,320.5276794433594,1349.4498291015625,743.259033203125
633,0,0.9064531326293945,811.815185546875,312.62359619140625,989.4567260742188,767.7078247070312
633,0,0.8935838937759399,1725.6502685546875,83.97599792480469,1919.8206787109375,1073.634033203125
633,0,0.7764737606048584,520.487060546875,353.36212158203125,622.469970703125,708.980224609375
633,0,0.8152120113372803,975.4039916992188,284.5100402832031,1108.4498291015625,764.9896240234375
633,0,0.7078330516815186,1327.4051513671875,298.1839599609375,1455.6263427734375,791.2140502929688
633,0,0.8077879548072815,1089.109130859375,331.1829833984375,1219.7769775390625,755.9937133789062
633,0,0.5818789601325989,1231.9351806640625,321.4044494628906,1354.4390869140625,745.1929931640625
634,0,0.9171150922775269,812.7002563476562,314.09405517578125,990.8906860351562,769.706298828125
634,0,0.8901531100273132,1729.5660400390625,78.86580657958984,1919.82421875,1075.2093505859375
634,0,0.78322833776474,521.8204956054688,354.4283752441406,618.2781372070312,709.4413452148438
634,0,0.8031237721443176,984.5775756835938,283.3489685058594,1108.5919189453125,767.1672973632812
634,0,0.6791356801986694,1330.5316162109375,299.7390441894531,1462.6937255859375,792.729248046875
634,0,0.7946390509605408,1092.96240234375,328.5835266113281,1223.2099609375,758.7430419921875
634,0,0.5560450553894043,1238.8515625,319.6025390625,1355.5931396484375,749.8395385742188
635,0,0.9233112931251526,809.2926025390625,316.5848083496094,993.111083984375,766.3826904296875
635,0,0.9004656076431274,1724.635009765625,79.50765228271484,1919.7703857421875,1076.9312744140625
635,0,0.7800367474555969,521.169921875,354.37957763671875,614.029296875,712.1526489257812
635,0,0.8172248005867004,986.2503662109375,285.84161376953125,1108.9365234375,770.1443481445312
635,0,0.6727754473686218,1336.5145263671875,302.18829345703125,1467.49951171875,794.7321166992188
635,0,0.7888057827949524,1099.2264404296875,329.4425048828125,1227.217041015625,760.3646850585938
635,0,0.5662554502487183,1240.8037109375,316.4150695800781,1362.4482421875,753.0006713867188
636,0,0.9177631735801697,817.005126953125,321.7453308105469,996.1283569335938,766.6555786132812
636,0,0.8918666839599609,1724.7896728515625,79.35773468017578,1919.4808349609375,1075.869873046875
636,0,0.7914870381355286,518.3285522460938,355.8388977050781,624.6698608398438,719.33642578125
636,0,0.8215489387512207,985.53857421875,290.6802673339844,1110.7235107421875,775.393798828125
636,0,0.7778047323226929,1344.26416015625,300.1806640625,1474.4072265625,801.0570678710938
636,0,0.800410270690918,1099.4002685546875,334.4078369140625,1229.9056396484375,765.249267578125
636,0,0.6838324069976807,1239.961181640625,321.96337890625,1360.5535888671875,757.9038696289062
637,0,0.913442850112915,824.498291015625,319.4530944824219,996.9781494140625,764.9306030273438
637,0,0.8991416096687317,1714.7637939453125,82.59195709228516,1919.5389404296875,1071.1514892578125
637,0,0.7750794887542725,517.5914306640625,353.08282470703125,612.09619140625,721.3184204101562
637,0,0.8141224384307861,988.266357421875,291.59515380859375,1110.7235107421875,776.6917724609375
637,0,0.8137003183364868,1347.8145751953125,299.7731018066406,1475.8858642578125,802.3088989257812
637,0,0.8033159971237183,1103.184814453125,330.8231201171875,1232.8529052734375,765.6710205078125
637,0,0.7020027041435242,1240.5450439453125,321.1444091796875,1362.219482421875,759.0595092773438
638,0,0.9074479937553406,833.4647216796875,320.288818359375,996.7518310546875,769.5675659179688
638,0,0.8879130482673645,1716.986572265625,77.64500427246094,1919.689208984375,1067.205078125
638,0,0.781846821308136,518.685791015625,354.84161376953125,611.7869262695312,724.337646484375
638,0,0.8047773241996765,992.6657104492188,294.420166015625,1114.2047119140625,780.0397338867188
638,0,0.8186081051826477,1355.3009033203125,302.3111267089844,1483.9271240234375,804.8560791015625
638,0,0.8201932311058044,1108.4666748046875,336.77471923828125,1242.0633544921875,768.0440673828125
638,0,0.761613667011261,1250.404541015625,315.0349426269531,1371.5582275390625,756.1920776367188
639,0,0.9005770683288574,840.239990234375,319.9681091308594,1001.0313720703125,768.3048706054688
639,0,0.9089685678482056,1708.3863525390625,80.29928588867188,1919.7794189453125,1073.64306640625
639,0,0.8006219863891602,519.2171630859375,358.7366638183594,623.83935546875,729.155517578125
639,0,0.810459554195404,995.967529296875,297.0114440917969,1116.134521484375,783.0694580078125
639,0,0.7889330387115479,1361.8836669921875,301.96044921875,1491.3427734375,809.4143676757812
639,0,0.8296203017234802,1112.3411865234375,336.90618896484375,1247.64599609375,774.791259765625
639,0,0.7681891918182373,1255.614501953125,313.18328857421875,1377.728759765625,759.3482666015625
640,0,0.8792769312858582,846.293701171875,322.3678894042969,1002.0341186523438,769.66796875
640,0,0.9069499969482422,1703.6669921875,80.93522644042969,1919.2894287109375,1070.1396484375
640,0,0.766319751739502,521.8795776367188,360.8705139160156,623.6688842773438,732.11669921875
640,0,0.8179739713668823,1002.8202514648438,300.4748840332031,1115.3743896484375,784.9573974609375
640,0,0.7740929126739502,1367.9578857421875,300.6192932128906,1498.527587890625,814.0581665039062
640,0,0.8293725848197937,1116.319580078125,334.61083984375,1264.851318359375,784.1447143554688
640,0,0.7615283131599426,1262.987060546875,313.5929260253906,1386.643798828125,761.9044189453125
641,0,0.8733026385307312,853.9132080078125,324.4997863769531,1007.9937744140625,773.3564453125
641,0,0.9070114493370056,1696.4075927734375,87.10578155517578,1919.8380126953125,1071.1162109375
641,0,0.7909499406814575,526.7993774414062,362.34649658203125,630.9732055664062,736.7803344726562
641,0,0.8394520878791809,1003.115966796875,305.5264892578125,1125.848876953125,786.4434814453125
641,0,0.784183144569397,1374.052734375,303.1198425292969,1506.7578125,816.7229614257812
641,0,0.8637401461601257,1122.2587890625,338.23687744140625,1269.6319580078125,786.7777099609375
641,0,0.7116077542304993,1268.2811279296875,316.3225402832031,1396.4176025390625,765.1467895507812
642,0,0.8553557395935059,859.818115234375,324.3768005371094,1010.4299926757812,773.8956298828125
642,0,0.9069496989250183,1691.9781494140625,91.7783432006836,1919.1077880859375,1072.403076171875
642,0,0.8249253630638123,530.1747436523438,364.2229309082031,636.9681396484375,738.8897705078125
642,0,0.8243356943130493,999.753662109375,307.8666076660156,1133.0164794921875,785.3710327148438
642,0,0.8484688401222229,1380.415771484375,299.4151611328125,1515.3056640625,816.07568359375
642,0,0.8790727257728577,1127.5882568359375,330.9356384277344,1277.128662109375,787.2299194335938
642,0,0.6962018013000488,1274.4322509765625,318.5950622558594,1401.494873046875,792.1235961914062
643,0,0.8671515583992004,866.6785278320312,324.82867431640625,1017.6299438476562,778.4678955078125
643,0,0.8928585648536682,1688.828125,85.99661254882812,1919.1044921875,1074.058837890625
643,0,0.8138236999511719,531.3623046875,365.6151428222656,632.4169311523438,739.8179321289062
643,0,0.7988346815109253,1009.9064331054688,308.6240539550781,1138.0029296875,790.4051513671875
643,0,0.8296463489532471,1390.4339599609375,297.5367736816406,1523.162109375,823.7085571289062
643,0,0.8793331384658813,1130.406982421875,333.2164001464844,1286.7825927734375,796.0106811523438
643,0,0.7528823614120483,1281.841064453125,318.5101318359375,1406.2633056640625,797.8507080078125
644,0,0.8665779232978821,874.3990478515625,326.6152038574219,1021.5513916015625,782.8096313476562
644,0,0.8665648698806763,1687.6162109375,86.57746887207031,1919.0732421875,1078.114501953125
644,0,0.8218381404876709,533.312255859375,365.3821716308594,633.6881103515625,742.0350341796875
644,0,0.8156022429466248,1018.1835327148438,308.1311950683594,1140.1131591796875,793.0106201171875
644,0,0.8408650159835815,1399.1932373046875,299.4100341796875,1530.72119140625,826.9362182617188
644,0,0.8722963333129883,1135.3575439453125,336.08758544921875,1290.659912109375,800.3757934570312
644,0,0.7520009875297546,1285.3134765625,314.9477233886719,1414.71484375,800.4005126953125
645,0,0.8708392381668091,878.4337768554688,327.89202880859375,1024.7330322265625,784.7574462890625
645,0,0.8100535869598389,1690.8621826171875,146.45208740234375,1918.8795166015625,1076.1143798828125
645,0,0.8148584961891174,534.0971069335938,364.6553955078125,632.851806640625,742.093505859375
645,0,0.828266441822052,1015.537841796875,308.37152099609375,1140.9388427734375,793.7274169921875
645,0,0.8184910416603088,1405.2008056640625,298.8631591796875,1539.7364501953125,828.88525390625
645,0,0.8810780048370361,1135.0013427734375,336.5838928222656,1296.0218505859375,803.1600952148438
645,0,0.7812513709068298,1288.9566650390625,313.62957763671875,1420.1575927734375,796.3203125
646,0,0.8794233202934265,880.2993774414062,329.1230163574219,1027.6075439453125,785.9667358398438
646,0,0.8369574546813965,1690.7667236328125,128.42469787597656,1918.840576171875,1074.732666015625
646,0,0.8006493449211121,534.1231689453125,366.8684387207031,631.44384765625,745.0745239257812
646,0,0.8484359979629517,1019.9420166015625,309.20458984375,1141.099609375,794.0792236328125
646,0,0.8253160715103149,1409.8790283203125,296.8780822753906,1546.490478515625,829.6459350585938
646,0,0.8729170560836792,1135.7734375,337.4910583496094,1296.4033203125,804.3025512695312
646,0,0.7538154721260071,1297.132080078125,312.3013916015625,1424.198486328125,799.7407836914062
647,0,0.8785080313682556,881.4612426757812,331.7088317871094,1030.475830078125,786.2243041992188
647,0,0.8269332647323608,1692.01904296875,250.28363037109375,1918.712646484375,1077.1055908203125
647,0,0.810897171497345,533.5313110351562,365.14105224609375,632.7064208984375,748.259765625
647,0,0.8455878496170044,1023.323974609375,306.9878234863281,1142.1484375,794.6128540039062
647,0,0.839796245098114,1417.1263427734375,296.521484375,1553.184814453125,834.0459594726562
647,0,0.8847371935844421,1135.161865234375,339.57232666015625,1304.0709228515625,806.1971435546875
647,0,0.8062519431114197,1303.33203125,310.9621276855469,1431.505615234375,801.8568115234375
648,0,0.8734844326972961,882.0033569335938,333.0475158691406,1037.15234375,791.1162109375
648,0,0.8421775698661804,1696.5281982421875,274.72259521484375,1918.648193359375,1066.224365234375
648,0,0.8048381805419922,533.615966796875,364.685546875,637.5504760742188,749.5116577148438
648,0,0.8610436916351318,1026.43896484375,307.8404846191406,1142.6583251953125,794.4801635742188
648,0,0.8290414810180664,1419.9998779296875,297.3848571777344,1565.5218505859375,834.6220092773438
648,0,0.8815205693244934,1136.076904296875,338.99755859375,1310.7891845703125,811.0107421875
648,0,0.7955873012542725,1304.8873291015625,309.136474609375,1439.0235595703125,799.5090942382812
649,0,0.8650757074356079,882.0977172851562,334.070068359375,1040.111083984375,794.1669311523438
649,0,0.8330304026603699,1705.2784423828125,276.86041259765625,1918.7667236328125,1058.5628662109375
649,0,0.8139917254447937,534.0095825195312,362.6660461425781,641.6328125,751.7125244140625
649,0,0.8693228960037231,1023.6393432617188,306.4093933105469,1145.4588623046875,794.9324951171875
649,0,0.8180829882621765,1428.210693359375,295.4844055175781,1570.8045654296875,834.51611328125
649,0,0.9053710699081421,1133.8856201171875,340.2950134277344,1318.8214111328125,821.6732177734375
649,0,0.7856655716896057,1308.0433349609375,307.1695556640625,1444.4605712890625,802.2577514648438
650,0,0.8630688190460205,883.5219116210938,334.6278076171875,1042.02587890625,794.2637939453125
650,0,0.7746155261993408,1713.4979248046875,280.35858154296875,1919.074462890625,994.5773315429688
650,0,0.8239748477935791,533.1467895507812,361.776123046875,644.043212890625,752.1762084960938
650,0,0.8663912415504456,1023.72119140625,304.6145324707031,1145.3406982421875,794.3361206054688
650,0,0.8455942869186401,1432.4100341796875,290.91375732421875,1572.922607421875,847.7100830078125
650,0,0.894926130771637,1133.5469970703125,334.9828186035156,1319.4364013671875,820.15966796875
650,0,0.8043221831321716,1312.1651611328125,306.9703674316406,1448.260986328125,803.8624877929688
651,0,0.8694082498550415,881.1879272460938,335.3474426269531,1044.0894775390625,787.274169921875
651,0,0.6610175967216492,1721.3013916015625,281.89300537109375,1918.9814453125,938.8695068359375
651,0,0.8150827288627625,531.658447265625,363.9306945800781,638.48486328125,753.1204833984375
651,0,0.860367476940155,1024.9468994140625,303.7455139160156,1145.7119140625,789.8526611328125
651,0,0.8743225336074829,1437.830078125,289.6029968261719,1576.3262939453125,843.6148681640625
651,0,0.891404390335083,1131.018310546875,322.6256408691406,1318.232421875,838.9904174804688
651,0,0.788280189037323,1314.8790283203125,305.78125,1452.510986328125,806.798828125
652,0,0.873310923576355,879.3287353515625,336.37579345703125,1041.8836669921875,788.9445190429688
652,0,0.5219297409057617,1734.9881591796875,274.41876220703125,1918.845947265625,943.3073120117188
652,0,0.8261016011238098,528.766357421875,361.74755859375,637.9122924804688,755.1319580078125
652,0,0.8549823760986328,1026.886474609375,305.73480224609375,1146.2208251953125,794.2196655273438
652,0,0.8656817078590393,1443.240234375,290.9054260253906,1582.642578125,846.264404296875
652,0,0.890960156917572,1129.1654052734375,316.66656494140625,1321.25732421875,842.0599975585938
652,0,0.8157311677932739,1316.1318359375,305.9984436035156,1458.043701171875,810.6105346679688
653,0,0.8767271637916565,876.654052734375,334.968994140625,1042.506591796875,789.0856323242188
653,0,0.633545994758606,1749.3946533203125,274.4524841308594,1918.8697509765625,973.24658203125
653,0,0.818146288394928,526.794189453125,361.74200439453125,630.248046875,756.0598754882812
653,0,0.8654831647872925,1024.8885498046875,303.9850769042969,1145.1678466796875,794.0072021484375
653,0,0.8757299780845642,1446.237060546875,289.84185791015625,1587.587158203125,846.6078491210938
653,0,0.9004610776901245,1128.129150390625,308.4085693359375,1320.359130859375,845.0376586914062
653,0,0.8276282548904419,1316.7445068359375,304.3150329589844,1460.4908447265625,809.7877197265625
654,0,0.8716973662376404,873.6423950195312,332.78680419921875,1041.1060791015625,793.5733032226562
654,0,0.48072758316993713,1757.4488525390625,275.73724365234375,1918.5059814453125,1016.0699462890625
654,0,0.8011307716369629,523.4567260742188,365.39794921875,635.9578857421875,758.5362548828125
654,0,0.868205726146698,1023.8556518554688,302.8696594238281,1144.8309326171875,792.7637329101562
654,0,0.8482691049575806,1448.5419921875,288.4003601074219,1590.489501953125,848.8025512695312
654,0,0.9022180438041687,1126.2320556640625,304.89715576171875,1319.7359619140625,848.5027465820312
654,0,0.8469513654708862,1316.73681640625,302.597900390625,1462.903564453125,815.1636962890625
655,0,0.8533571362495422,865.8355102539062,333.0570983886719,1036.348388671875,788.5380249023438
655,0,0.765268862247467,1773.2843017578125,275.09423828125,1918.730224609375,1047.3511962890625
655,0,0.7994803190231323,518.2606811523438,368.39556884765625,635.5360717773438,761.7098999023438
655,0,0.8756340146064758,1022.171630859375,305.9136657714844,1141.7720947265625,785.41845703125
655,0,0.8642593026161194,1448.87646484375,288.65667724609375,1592.793212890625,851.9169921875
655,0,0.9187337756156921,1123.9273681640625,308.4566650390625,1318.5107421875,854.7188110351562
655,0,0.8563258051872253,1314.7666015625,301.1829833984375,1466.847412109375,831.35791015625
655,0,0.7586638331413269,805.5946044921875,397.5564880371094,873.9359130859375,632.9854736328125
656,0,0.8603485226631165,862.7750854492188,335.55535888671875,1029.58935546875,787.3631591796875
656,0,0.7398476600646973,1793.6014404296875,278.1254577636719,1919.014892578125,1057.927734375
656,0,0.8206121921539307,514.2662963867188,368.43939208984375,632.3731079101562,764.6712036132812
656,0,0.8666903376579285,1020.3126220703125,310.02264404296875,1138.0264892578125,773.5377807617188
656,0,0.8477765321731567,1451.7127685546875,291.8234558105469,1596.044677734375,856.1279907226562
656,0,0.9127041101455688,1118.8656005859375,311.3624572753906,1314.7218017578125,852.6526489257812
656,0,0.8628399968147278,1311.5386962890625,301.5588073730469,1468.2733154296875,838.8843383789062
656,0,0.7844461798667908,802.6876220703125,401.607177734375,872.486083984375,626.355224609375
657,0,0.8727847337722778,857.4675903320312,334.4861145019531,1026.1199951171875,791.9793701171875
657,0,0.7477384209632874,1789.9254150390625,277.9569091796875,1919.1661376953125,1068.8448486328125
657,0,0.835904061794281,509.4571838378906,360.6241760253906,627.5756225585938,765.0831298828125
657,0,0.8218204975128174,1020.0673217773438,309.8748779296875,1135.2734375,774.0619506835938
657,0,0.8576268553733826,1453.0458984375,287.5956726074219,1601.325439453125,856.3488159179688
657,0,0.9027093648910522,1115.6785888671875,314.05792236328125,1310.947998046875,851.7324829101562
657,0,0.8451529741287231,1307.017578125,298.67919921875,1468.7598876953125,841.1832275390625
657,0,0.8086014986038208,798.509521484375,401.6667175292969,868.5067138671875,627.8613891601562
658,0,0.8731849789619446,855.8096923828125,334.0169677734375,1020.7313232421875,776.279296875
658,0,0.7142468690872192,1793.464111328125,275.1630859375,1919.257080078125,1068.2835693359375
658,0,0.8062008619308472,504.25140380859375,363.8846435546875,618.01904296875,761.7144775390625
658,0,0.8375462889671326,1018.7064208984375,310.5467224121094,1134.220703125,775.077880859375
658,0,0.8808056712150574,1455.6522216796875,286.6589660644531,1603.5089111328125,856.3944702148438
658,0,0.9042865633964539,1111.0823974609375,311.3834228515625,1309.4656982421875,851.8602294921875
658,0,0.8664624094963074,1304.4052734375,298.9572448730469,1471.471923828125,838.2177734375
658,0,0.7902691960334778,794.5700073242188,399.7251892089844,866.6876220703125,628.9055786132812
659,0,0.8791733384132385,855.0250244140625,332.8493347167969,1019.2679443359375,774.8431396484375
659,0,0.7365835309028625,1809.3525390625,274.0285949707031,1919.279296875,1069.267333984375
659,0,0.7794861197471619,498.9244384765625,364.3660583496094,608.967041015625,761.6722412109375
659,0,0.8276872038841248,1017.3094482421875,307.87054443359375,1133.0068359375,780.7472534179688
659,0,0.8849889039993286,1455.872802734375,283.4602355957031,1603.8759765625,855.9169921875
659,0,0.892287015914917,1106.339111328125,307.1974792480469,1308.3328857421875,857.6215209960938
659,0,0.863469660282135,1304.3404541015625,298.372314453125,1472.5977783203125,844.8311767578125
659,0,0.7673730254173279,792.5184326171875,394.6475830078125,863.8343505859375,629.54541015625
660,0,0.8707019090652466,853.905517578125,330.5428161621094,1017.1654052734375,783.9957275390625
660,0,0.7504185438156128,1811.7188720703125,273.1658935546875,1919.2457275390625,1074.45947265625
660,0,0.7824326157569885,495.1229553222656,361.91845703125,605.3441162109375,764.511474609375
660,0,0.8126708269119263,1010.5206909179688,307.3024597167969,1132.5880126953125,790.315185546875
660,0,0.866507887840271,1458.200439453125,282.5430908203125,1605.705078125,858.2059936523438
660,0,0.9019108414649963,1101.6234130859375,300.3299560546875,1304.3848876953125,860.0259399414062
660,0,0.8654583096504211,1299.2430419921875,291.1510925292969,1473.375,847.4134521484375
660,0,0.7396323084831238,788.9606323242188,393.53460693359375,860.3767700195312,629.5381469726562
661,0,0.8511113524436951,848.677978515625,330.88800048828125,1012.5216064453125,787.1005859375
661,0,0.7628898024559021,1811.5166015625,273.60003662109375,1919.0970458984375,1074.507568359375
661,0,0.8037340044975281,489.98590087890625,360.3702087402344,601.5243530273438,770.75244140625
661,0,0.8147097229957581,1008.1422729492188,309.4607238769531,1129.8433837890625,795.326904296875
661,0,0.8771635293960571,1462.055908203125,286.0592041015625,1607.5350341796875,860.7997436523438
661,0,0.8917878866195679,1098.740966796875,299.3313293457031,1302.50048828125,869.7301635742188
661,0,0.8739220499992371,1298.1319580078125,290.08990478515625,1473.5556640625,848.3502197265625
661,0,0.6923946738243103,783.468505859375,392.78570556640625,853.7943725585938,636.301025390625
662,0,0.845119059085846,842.709228515625,328.77362060546875,1004.448486328125,781.7711791992188
662,0,0.734286367893219,1811.5302734375,268.7523498535156,1918.87548828125,1073.4171142578125
662,0,0.821649968624115,483.25714111328125,358.2400817871094,595.7559814453125,776.66259765625
662,0,0.829526960849762,1004.7896728515625,310.17303466796875,1123.4429931640625,796.1964721679688
662,0,0.8772618770599365,1459.8018798828125,286.9115905761719,1608.997314453125,863.5575561523438
662,0,0.898545503616333,1096.7989501953125,295.89306640625,1302.6634521484375,873.8446655273438
662,0,0.8736931085586548,1293.92138671875,285.27386474609375,1467.408935546875,846.9071655273438
662,0,0.6816532611846924,778.5193481445312,393.4957275390625,850.1530151367188,639.6429443359375
663,0,0.8573904037475586,840.0765991210938,330.43939208984375,998.9024658203125,777.83544921875
663,0,0.7296288013458252,1811.115478515625,262.1517639160156,1918.8134765625,1072.853515625
663,0,0.8134706020355225,476.78656005859375,354.01959228515625,591.5217895507812,778.6094970703125
663,0,0.8133505582809448,1003.5755615234375,310.3514404296875,1117.64453125,798.06787109375
663,0,0.8799444437026978,1455.957763671875,276.9205322265625,1609.1278076171875,864.7378540039062
663,0,0.9021062254905701,1093.1162109375,292.8851623535156,1298.62939453125,878.2550048828125
663,0,0.9101245403289795,1291.6724853515625,285.6571350097656,1464.0452880859375,853.4949340820312
663,0,0.7184069156646729,770.6441040039062,389.2345886230469,845.4251708984375,637.9461059570312
664,0,0.8526919484138489,844.60400390625,330.52813720703125,995.532958984375,775.671630859375
664,0,0.726299524307251,1819.3050537109375,254.06765747070312,1919.106201171875,1079.1788330078125
664,0,0.7876401543617249,468.8243103027344,364.5890197753906,582.3904418945312,779.0623779296875
664,0,0.8131034970283508,999.4203491210938,310.63604736328125,1114.4903564453125,792.7106323242188
664,0,0.8629044890403748,1454.087646484375,278.9608154296875,1610.7357177734375,864.4456176757812
664,0,0.8970422148704529,1087.4344482421875,291.33123779296875,1294.483154296875,886.6395874023438
664,0,0.9114342927932739,1287.7593994140625,283.7546691894531,1461.03564453125,857.1886596679688
664,0,0.7737346887588501,763.3587646484375,386.6218566894531,841.2623901367188,637.2639770507812
665,0,0.8657474517822266,842.122314453125,331.6535949707031,995.8464965820312,780.8555908203125
665,0,0.7265198826789856,1803.654052734375,254.06060791015625,1919.134033203125,1074.4110107421875
665,0,0.8142958283424377,461.1523132324219,360.5959777832031,577.7444458007812,779.0919189453125
665,0,0.8360427618026733,987.1661987304688,306.4200439453125,1107.192626953125,796.0848388671875
665,0,0.871883749961853,1452.622314453125,280.4263000488281,1616.7811279296875,866.0005493164062
665,0,0.9005659818649292,1084.3232421875,289.3177490234375,1301.654052734375,897.71533203125
665,0,0.9061978459358215,1279.2852783203125,279.1308288574219,1459.531494140625,858.2903442382812
665,0,0.7701419591903687,759.276611328125,391.7147521972656,836.715087890625,640.4678955078125
666,0,0.8880595564842224,837.9493408203125,330.7616271972656,999.7792358398438,779.0869750976562
666,0,0.7546958923339844,1797.791259765625,249.76158142089844,1919.34765625,1071.3114013671875
666,0,0.8251722455024719,452.809326171875,355.4800109863281,572.7745361328125,778.9086303710938
666,0,0.824931800365448,984.700439453125,302.28314208984375,1100.2330322265625,792.1286010742188
666,0,0.8829054832458496,1449.3267822265625,281.66168212890625,1610.2535400390625,863.9520874023438
666,0,0.9067173600196838,1081.9661865234375,287.6480407714844,1304.48974609375,914.5633544921875
666,0,0.9141149520874023,1275.1492919921875,274.8425598144531,1456.377685546875,855.7008666992188
666,0,0.7176339626312256,756.3223266601562,399.3727111816406,828.8268432617188,635.5950317382812
667,0,0.8750398755073547,836.939208984375,332.31744384765625,995.208740234375,774.771484375
667,0,0.7591354846954346,1794.8028564453125,235.36172485351562,1919.4345703125,1070.7840576171875
667,0,0.8229315876960754,446.0397644042969,352.1185302734375,561.4598388671875,780.7160034179688
667,0,0.8165919184684753,977.2376708984375,299.1468200683594,1098.817138671875,794.8211059570312
667,0,0.8903419971466064,1447.0303955078125,280.5087890625,1616.425537109375,866.302490234375
667,0,0.9141612648963928,1078.78076171875,285.5474853515625,1308.994384765625,924.1672973632812
667,0,0.9123077988624573,1273.0123291015625,271.74517822265625,1451.8779296875,856.42626953125
667,0,0.7754053473472595,751.0123901367188,383.3348693847656,826.5252685546875,638.0758666992188
668,0,0.878148078918457,835.7327880859375,330.1899719238281,986.7610473632812,768.8140258789062
668,0,0.7414467334747314,1804.98779296875,236.05996704101562,1919.437255859375,1076.8876953125
668,0,0.8420658111572266,438.06072998046875,351.70806884765625,557.1278076171875,781.7070922851562
668,0,0.8343187570571899,971.2911987304688,296.40631103515625,1095.521240234375,792.3384399414062
668,0,0.893595278263092,1442.971923828125,277.99273681640625,1621.056640625,865.5515747070312
668,0,0.919257402420044,1076.86962890625,281.5837707519531,1307.333740234375,926.5721435546875
668,0,0.921854555606842,1268.8997802734375,265.6299133300781,1448.491455078125,859.859619140625
668,0,0.794914722442627,746.2828369140625,381.7180480957031,823.3244018554688,640.9049072265625
669,0,0.878788948059082,833.92822265625,330.66375732421875,981.3292846679688,761.3216552734375
669,0,0.7590875029563904,1803.6712646484375,217.3365020751953,1919.5999755859375,1076.8792724609375
669,0,0.8324325680732727,432.5158996582031,348.2071228027344,551.0789794921875,782.1578979492188
669,0,0.8346784114837646,966.9466552734375,293.8288879394531,1093.5694580078125,789.40966796875
669,0,0.896527886390686,1441.241943359375,277.0309753417969,1622.7720947265625,864.173828125
669,0,0.919165849685669,1076.067626953125,281.046875,1306.3450927734375,934.47509765625
669,0,0.9270708560943604,1270.5103759765625,262.44921875,1446.1663818359375,861.2120361328125
669,0,0.8160325884819031,742.1661376953125,379.8296203613281,820.4866943359375,643.3010864257812
670,0,0.8702139854431152,835.0553588867188,330.2456359863281,979.8466796875,757.564208984375
670,0,0.8012530207633972,1800.81201171875,179.2197723388672,1919.660400390625,1076.2208251953125
670,0,0.8419720530509949,428.4636535644531,348.48504638671875,546.2927856445312,783.8638305664062
670,0,0.8334368467330933,966.6463012695312,294.65557861328125,1091.66259765625,784.7010498046875
670,0,0.8883435130119324,1443.3519287109375,275.24951171875,1627.226806640625,866.0948486328125
670,0,0.9094170928001404,1075.9632568359375,278.4967041015625,1301.8685302734375,947.8272094726562
670,0,0.9200469255447388,1271.3067626953125,259.3016662597656,1446.4971923828125,865.1424560546875
670,0,0.8184706568717957,742.5784912109375,380.9263610839844,819.25390625,645.0958251953125
671,0,0.8790521025657654,835.9545288085938,329.0301513671875,977.4894409179688,758.7509155273438
671,0,0.7962629795074463,1794.39013671875,155.6207275390625,1919.9134521484375,1079.68896484375
671,0,0.8105821013450623,425.47369384765625,347.9655456542969,550.7835083007812,786.4754028320312
671,0,0.8431645035743713,965.6624755859375,295.2859802246094,1092.218994140625,786.0547485351562
671,0,0.884946882724762,1443.6282958984375,274.3017578125,1628.3936767578125,867.4730834960938
671,0,0.91236811876297,1075.370361328125,274.6015930175781,1306.932373046875,960.7429809570312
671,0,0.916925847530365,1276.033447265625,257.19244384765625,1451.5753173828125,869.0862426757812
671,0,0.82396399974823,738.0,380.25360107421875,819.2662963867188,647.5452270507812
672,0,0.8783356547355652,837.6751098632812,326.66400146484375,977.0821533203125,759.559814453125
672,0,0.8104593753814697,1786.670654296875,110.50544738769531,1919.9434814453125,1080.0
672,0,0.8151168823242188,420.6121826171875,350.92132568359375,547.0643310546875,789.4890747070312
672,0,0.8394675850868225,963.2423706054688,294.76947021484375,1093.737060546875,790.093017578125
672,0,0.8820503950119019,1446.044189453125,271.2054443359375,1632.0135498046875,868.7229614257812
672,0,0.9118613004684448,1075.4742431640625,269.0791320800781,1316.6861572265625,969.0667114257812
672,0,0.9173685312271118,1283.40283203125,252.57781982421875,1456.3819580078125,874.4046630859375
672,0,0.8142632842063904,738.5567016601562,381.13214111328125,818.7750854492188,647.19580078125
673,0,0.8711638450622559,838.499755859375,327.8104553222656,978.942138671875,761.8114013671875
673,0,0.8054794073104858,1784.434326171875,109.8645248413086,1920.0,1080.0
673,0,0.8037139177322388,419.6761474609375,357.5441589355469,536.7044677734375,792.8102416992188
673,0,0.8389627933502197,962.630615234375,294.9356994628906,1093.381591796875,787.38037109375
673,0,0.8741781115531921,1451.18017578125,269.96783447265625,1633.7628173828125,870.7305908203125
673,0,0.9134179949760437,1076.0013427734375,265.7479553222656,1328.5277099609375,975.8436279296875
673,0,0.9084060788154602,1285.981689453125,251.06561279296875,1463.998291015625,891.8889770507812
673,0,0.813470184803009,737.0671997070312,380.65679931640625,818.147216796875,649.1553344726562
674,0,0.8811818361282349,837.6665649414062,327.4063415527344,979.4924926757812,764.6520385742188
674,0,0.7933911681175232,1775.05419921875,132.6999969482422,1919.8131103515625,1080.0
674,0,0.806191086769104,416.4522399902344,359.9621887207031,534.7020263671875,797.3806762695312
674,0,0.8366132378578186,964.9280395507812,295.46710205078125,1094.6234130859375,790.2951049804688
674,0,0.8844590187072754,1455.049072265625,270.7586669921875,1638.7867431640625,867.9152221679688
674,0,0.9123979806900024,1070.4864501953125,262.2294616699219,1341.283203125,980.2472534179688
674,0,0.8803880214691162,1289.82568359375,250.94569396972656,1471.7537841796875,910.6583862304688
674,0,0.8091787695884705,735.3138427734375,381.81951904296875,816.4301147460938,651.6422119140625
675,0,0.8821635842323303,838.5455322265625,328.9701232910156,982.6585693359375,771.3973999023438
675,0,0.7885645627975464,1766.96826171875,174.59693908691406,1919.886962890625,1080.0
675,0,0.8026308417320251,414.2526550292969,363.7589416503906,534.9676513671875,803.0990600585938
675,0,0.8476086854934692,966.5585327148438,296.4482421875,1098.1046142578125,790.636474609375
675,0,0.8978824615478516,1461.5369873046875,270.4847412109375,1643.759521484375,864.3795776367188
675,0,0.9072955846786499,1067.7427978515625,260.2533264160156,1349.012939453125,985.9153442382812
675,0,0.8726341724395752,1294.4527587890625,246.89869689941406,1481.839599609375,923.5010375976562
675,0,0.8105690479278564,735.55224609375,381.5634460449219,816.7952880859375,653.265380859375
676,0,0.8838617205619812,836.80322265625,326.31005859375,985.7557373046875,772.873779296875
676,0,0.8156440854072571,1759.4073486328125,175.4442901611328,1919.844970703125,1079.921630859375
676,0,0.8249743580818176,410.16180419921875,353.5641174316406,531.4463500976562,803.1278686523438
676,0,0.8384420871734619,965.1948852539062,292.48486328125,1100.8770751953125,794.0309448242188
676,0,0.9053818583488464,1466.957275390625,268.37054443359375,1649.9114990234375,861.259033203125
676,0,0.9058448672294617,1062.399169921875,251.22923278808594,1354.2113037109375,987.7713623046875
676,0,0.8616613745689392,1299.3868408203125,241.93214416503906,1498.0802001953125,930.0145874023438
676,0,0.7967082262039185,734.363525390625,377.9927673339844,815.138671875,647.7186279296875
677,0,0.8736201524734497,837.064453125,325.6693420410156,983.64990234375,774.49462890625
677,0,0.8183587789535522,1752.42529296875,182.1840362548828,1919.840576171875,1079.5897216796875
677,0,0.8216723799705505,408.253662109375,349.2625732421875,531.0525512695312,803.3410034179688
677,0,0.8404043912887573,963.6726684570312,291.50408935546875,1107.5048828125,794.7638549804688
677,0,0.9147585034370422,1469.9490966796875,268.15936279296875,1651.9141845703125,860.798095703125
677,0,0.9013834595680237,1060.5845947265625,244.85040283203125,1348.398681640625,991.2223510742188
677,0,0.8497848510742188,1304.4622802734375,234.38888549804688,1512.744384765625,937.5052490234375
677,0,0.7986288070678711,734.2321166992188,379.147705078125,814.1485595703125,650.065673828125
678,0,0.8656339049339294,837.84619140625,326.71038818359375,984.7061767578125,767.0470581054688
678,0,0.8107471466064453,1745.3900146484375,210.8867645263672,1920.0,1079.9542236328125
678,0,0.8216535449028015,407.1241760253906,348.96380615234375,531.893798828125,803.7427978515625
678,0,0.85316002368927,965.7061767578125,291.2060241699219,1108.3011474609375,785.7352905273438
678,0,0.8957762718200684,1477.3094482421875,264.308837890625,1656.5142822265625,863.5408935546875
678,0,0.8986825942993164,1060.598876953125,239.4066162109375,1348.282470703125,994.3565063476562
678,0,0.838781476020813,1306.6434326171875,240.55844116210938,1517.0208740234375,947.4478759765625
678,0,0.7983494400978088,733.2838745117188,377.6378479003906,815.4239501953125,651.0928955078125
679,0,0.8648796677589417,839.5734252929688,326.1717529296875,993.1964111328125,768.3779907226562
679,0,0.7678941488265991,1742.3973388671875,224.32656860351562,1920.0,1067.80078125
679,0,0.8287784457206726,406.9355773925781,351.8335876464844,532.4364624023438,804.822265625
679,0,0.8402667045593262,976.2479248046875,293.8645935058594,1109.177978515625,794.1764526367188
679,0,0.85761559009552,1483.702392578125,261.75048828125,1664.978515625,866.9049072265625
679,0,0.8820335268974304,1063.974853515625,233.14527893066406,1374.1651611328125,1002.115966796875
679,0,0.7904538512229919,1319.5828857421875,245.35537719726562,1526.7177734375,959.1279907226562
679,0,0.7999711036682129,735.802490234375,377.84918212890625,819.7728881835938,649.7442016601562
680,0,0.8473370671272278,844.0390014648438,327.7235412597656,1001.357421875,767.9949340820312
680,0,0.7225195169448853,1742.18603515625,230.2506103515625,1920.0,969.6280517578125
680,0,0.8306165337562561,409.0635986328125,356.1315612792969,534.9338989257812,806.161865234375
680,0,0.858725368976593,982.2566528320312,298.1248474121094,1112.0606689453125,784.2307739257812
680,0,0.8570765256881714,1489.7410888671875,257.9363098144531,1675.450927734375,876.0138549804688
680,0,0.9078658819198608,1067.0413818359375,228.79270935058594,1363.671875,1010.7838745117188
680,0,0.7889535427093506,1331.800048828125,245.83644104003906,1536.318603515625,970.1770629882812
680,0,0.8109180331230164,739.4459838867188,382.69488525390625,825.8026123046875,651.9827880859375
681,0,0.8572810888290405,846.0822143554688,330.8952331542969,1004.5894165039062,770.7745361328125
681,0,0.7005348205566406,1739.997314453125,234.6669921875,1920.0,841.1724853515625
681,0,0.8280948996543884,412.7184143066406,364.326171875,533.5955810546875,807.1672973632812
681,0,0.8645128011703491,988.345703125,299.3668518066406,1115.6029052734375,779.7369384765625
681,0,0.8515673875808716,1495.7657470703125,251.59083557128906,1681.007080078125,882.2423706054688
681,0,0.9153479337692261,1074.3665771484375,227.08717346191406,1369.19677734375,1005.5638427734375
681,0,0.8643764853477478,1346.4466552734375,240.1634521484375,1546.735107421875,972.7543334960938
681,0,0.8064886927604675,742.6820678710938,379.88134765625,828.2588500976562,655.3296508789062
682,0,0.8504314422607422,846.3239135742188,333.44854736328125,1011.1432495117188,765.8392944335938
682,0,0.5185526013374329,1740.742919921875,249.82203674316406,1920.0,800.3892211914062
682,0,0.831368088722229,414.40423583984375,360.1070251464844,536.16650390625,810.1268920898438
682,0,0.8345809578895569,994.02001953125,299.4388732910156,1120.9522705078125,781.1693115234375
682,0,0.7912375330924988,1501.183837890625,255.2974853515625,1680.80517578125,870.9490966796875
682,0,0.9118295907974243,1083.09716796875,221.7806396484375,1379.5845947265625,1023.4369506835938
682,0,0.8685381412506104,1356.2958984375,232.7463836669922,1562.3941650390625,977.8402709960938
682,0,0.8049489259719849,746.9334716796875,379.77191162109375,829.88330078125,656.8191528320312
683,0,0.857419490814209,849.1585083007812,335.6812744140625,1013.95654296875,763.588134765625
683,0,0.541904866695404,1744.0596923828125,255.78286743164062,1920.0,776.1505126953125
683,0,0.8216977715492249,418.0415344238281,357.51348876953125,545.3091430664062,812.8190307617188
683,0,0.825459361076355,1003.8784790039062,297.7545471191406,1121.97021484375,778.052001953125
683,0,0.7564388513565063,1509.672607421875,263.1980285644531,1687.134033203125,895.2386474609375
683,0,0.903197169303894,1089.578125,218.85182189941406,1387.9857177734375,1049.2642822265625
683,0,0.8599004745483398,1360.974365234375,229.81549072265625,1575.2060546875,985.1054077148438
683,0,0.8082951307296753,750.6997680664062,379.64947509765625,832.6809692382812,660.118408203125
684,0,0.8550693392753601,857.7406005859375,333.15869140625,1018.781494140625,774.6760864257812
684,0,0.46883586049079895,1758.40771484375,266.62310791015625,1920.0,784.4644165039062
684,0,0.8281685709953308,420.7539367675781,351.1034240722656,548.7471313476562,813.5372924804688
684,0,0.8231189846992493,1007.4453125,295.84014892578125,1129.1007080078125,787.5185546875
684,0,0.6936959028244019,1517.7802734375,267.7763366699219,1693.1485595703125,892.720703125
684,0,0.9058917164802551,1096.836669921875,215.3648223876953,1397.3988037109375,1066.5914306640625
684,0,0.836536169052124,1374.408447265625,222.75381469726562,1592.2073974609375,990.4169311523438
684,0,0.7508502006530762,754.8980102539062,380.4830017089844,835.8914794921875,661.4290161132812
685,0,0.8272821307182312,863.258056640625,331.6751708984375,1025.9449462890625,771.8368530273438
685,0,0.4624916613101959,1767.9945068359375,274.9380187988281,1920.0,778.2183837890625
685,0,0.8294650912284851,424.5057373046875,343.5772399902344,551.8276977539062,810.9121704101562
685,0,0.7994517683982849,1014.548095703125,295.68878173828125,1138.07568359375,784.3569946289062
685,0,0.4868508577346802,1544.0086669921875,268.8941345214844,1703.939453125,870.5771484375
685,0,0.9182287454605103,1100.7872314453125,210.35169982910156,1406.2498779296875,1072.974609375
685,0,0.8616292476654053,1386.0150146484375,210.79177856445312,1644.3238525390625,987.4776000976562
685,0,0.7398884892463684,757.9013061523438,388.93426513671875,840.1075439453125,659.8286743164062
686,0,0.8523828387260437,874.911865234375,330.07470703125,1040.7080078125,774.7225952148438
686,0,0.34582820534706116,1785.99072265625,287.7558898925781,1920.0,784.0838623046875
686,0,0.8586892485618591,428.8656921386719,334.9049377441406,559.5551147460938,810.2633056640625
686,0,0.8306092023849487,1023.0204467773438,294.6946716308594,1143.1400146484375,795.2525024414062
686,0,0.4617933928966522,1558.1243896484375,267.23114013671875,1700.787353515625,874.7186889648438
686,0,0.9195739030838013,1108.2186279296875,206.09963989257812,1414.342041015625,1065.602294921875
686,0,0.7978476881980896,1394.0830078125,203.78280639648438,1657.7008056640625,992.6024780273438
686,0,0.7844380736351013,765.8963012695312,377.1182556152344,847.3696899414062,661.3777465820312
687,0,0.8546687364578247,880.00634765625,329.06103515625,1037.7884521484375,766.2368774414062
687,0,0.4856620728969574,1803.4173583984375,289.6808776855469,1920.0,845.0709838867188
687,0,0.8629006743431091,434.4246826171875,330.9657897949219,570.8784790039062,806.8171997070312
687,0,0.8600724935531616,1020.293701171875,292.84564208984375,1148.6036376953125,787.8733520507812
687,0,0.37884074449539185,1571.2271728515625,247.01158142089844,1699.7957763671875,915.0653076171875
687,0,0.9072758555412292,1113.35791015625,200.11605834960938,1424.837646484375,1064.93603515625
687,0,0.7760708332061768,1407.51220703125,189.48095703125,1678.60400390625,992.1874389648438
687,0,0.7745633125305176,767.2975463867188,372.0246276855469,856.5616455078125,662.4163818359375
688,0,0.8284779191017151,888.015380859375,325.3880310058594,1041.5181884765625,757.4984130859375
688,0,0.38089507818222046,1824.8585205078125,337.35504150390625,1920.0,858.890380859375
688,0,0.8415371179580688,436.7493896484375,333.5190124511719,563.5311889648438,802.4735717773438
688,0,0.8401352167129517,1017.9334106445312,291.894775390625,1155.92724609375,780.7740478515625
688,0,0.9049323797225952,1112.182373046875,193.26451110839844,1433.40673828125,1063.6871337890625
688,0,0.8956177830696106,1418.28125,185.98086547851562,1709.7935791015625,996.669921875
688,0,0.786636233329773,771.3759155273438,370.0321350097656,863.4080200195312,658.7327270507812
689,0,0.8225862383842468,895.3485717773438,317.8796691894531,1050.58837890625,751.7997436523438
689,0,0.8485286831855774,438.8039855957031,329.24713134765625,571.2988891601562,800.0439453125
689,0,0.8601101636886597,1031.4166259765625,288.140380859375,1159.919189453125,774.3159790039062
689,0,0.8999429941177368,1114.3314208984375,185.42977905273438,1440.85595703125,1067.953369140625
689,0,0.8926602005958557,1428.6151123046875,176.24293518066406,1737.2406005859375,995.638427734375
689,0,0.7918738722801208,776.2320556640625,364.3930358886719,866.9970092773438,658.042236328125
690,0,0.8167057037353516,902.7890014648438,315.09967041015625,1057.5479736328125,744.904052734375
690,0,0.8296419978141785,439.3675231933594,326.5431823730469,569.2185668945312,799.7969970703125
690,0,0.8173745274543762,1041.3046875,282.8539733886719,1162.8018798828125,769.7954711914062
690,0,0.9080897569656372,1119.2269287109375,175.74185180664062,1452.1307373046875,1071.09619140625
690,0,0.8956155776977539,1439.7662353515625,166.27598571777344,1762.876708984375,1002.9135131835938
690,0,0.7892154455184937,780.43310546875,361.21807861328125,869.9810180664062,649.9844970703125
691,0,0.8213432431221008,907.0330810546875,310.98907470703125,1056.396240234375,742.2766723632812
691,0,0.8401103019714355,438.7422790527344,322.21002197265625,573.3629760742188,799.4810180664062
691,0,0.7489015460014343,1050.5811767578125,277.219482421875,1165.25634765625,767.7754516601562
691,0,0.9150011539459229,1119.6151123046875,159.2197723388672,1467.0086669921875,1070.298095703125
691,0,0.9082638025283813,1444.9140625,154.57931518554688,1789.4122314453125,1016.47900390625
691,0,0.790251612663269,780.4281616210938,358.4438781738281,872.3116455078125,645.4749755859375
692,0,0.8230336308479309,908.4482421875,304.3424072265625,1060.7398681640625,738.80078125
692,0,0.8418996930122375,437.9005432128906,319.0143127441406,583.7573852539062,798.636962890625
692,0,0.6731680631637573,1058.1009521484375,273.5195617675781,1161.5067138671875,764.769775390625
692,0,0.9059922695159912,1117.3983154296875,143.60484313964844,1481.07080078125,1070.010498046875
692,0,0.9033694267272949,1453.85986328125,146.13034057617188,1808.420654296875,1036.834716796875
692,0,0.7825477123260498,778.3373413085938,352.2638854980469,874.4891357421875,645.7020263671875
693,0,0.8144323229789734,911.5499877929688,301.51824951171875,1062.0433349609375,735.3704833984375
693,0,0.8363935351371765,437.1340026855469,312.6546936035156,575.1975708007812,795.0413818359375
693,0,0.5221496224403381,1055.2945556640625,269.7069091796875,1159.3819580078125,756.33642578125
693,0,0.894052267074585,1112.42724609375,127.87165069580078,1495.455322265625,1069.0968017578125
693,0,0.9267556071281433,1459.327880859375,134.4849395751953,1834.21142578125,1054.6796875
693,0,0.774227499961853,778.6458129882812,349.4324035644531,873.937255859375,643.5869140625
694,0,0.7836893796920776,912.7409057617188,299.4345703125,1064.25,733.8131713867188
694,0,0.8566645979881287,434.96234130859375,307.3962097167969,563.9637451171875,793.8684692382812
694,0,0.4350601136684418,1064.143798828125,263.999755859375,1155.311767578125,681.350341796875
694,0,0.8761380314826965,1099.6824951171875,114.18626403808594,1512.7490234375,1068.6920166015625
694,0,0.9285959601402283,1466.8511962890625,129.41024780273438,1853.850341796875,1055.111083984375
694,0,0.8072901964187622,778.8317260742188,345.26190185546875,871.545654296875,642.821044921875
695,0,0.8084930777549744,913.458251953125,299.37469482421875,1059.212158203125,732.1192016601562
695,0,0.8514859676361084,428.9388122558594,305.4013366699219,562.3466796875,794.2056884765625
695,0,0.2598995566368103,1067.5596923828125,260.0229187011719,1155.2371826171875,650.8189086914062
695,0,0.8798080086708069,1096.210693359375,106.72805786132812,1528.039306640625,1071.563232421875
695,0,0.9360232949256897,1468.9228515625,125.5274658203125,1875.5953369140625,1068.1539306640625
695,0,0.817029595375061,775.5608520507812,345.646240234375,871.40673828125,643.048095703125
696,0,0.8387376070022583,912.8779296875,296.4690246582031,1072.095947265625,728.542236328125
696,0,0.8582401871681213,425.9880676269531,307.36102294921875,559.1951904296875,791.4513549804688
696,0,0.8898681998252869,1120.7099609375,92.4614486694336,1538.6693115234375,1070.3140869140625
696,0,0.9255003929138184,1475.427001953125,120.61062622070312,1893.5045166015625,1066.6983642578125
696,0,0.8168941140174866,777.8251342773438,337.336669921875,871.67041015625,641.097412109375
697,0,0.8283895254135132,914.6511840820312,293.5088195800781,1070.6309814453125,725.1027221679688
697,0,0.8498989343643188,424.01470947265625,300.8783264160156,560.4548950195312,788.6727905273438
697,0,0.9251174330711365,1116.7620849609375,72.22023010253906,1554.54052734375,1072.3238525390625
697,0,0.9390701055526733,1483.4810791015625,110.61004638671875,1916.1298828125,1055.940673828125
697,0,0.8241317272186279,777.95068359375,335.0870361328125,872.7548217773438,636.9990234375
698,0,0.8176761269569397,917.9212036132812,288.65069580078125,1074.4818115234375,721.2130126953125
698,0,0.8370161652565002,426.0671691894531,278.330810546875,558.4369506835938,784.2116088867188
698,0,0.9335380792617798,1123.23828125,54.48497009277344,1560.3021240234375,1073.643798828125
698,0,0.939951479434967,1498.80419921875,100.94056701660156,1919.50927734375,1050.8609619140625
698,0,0.8160228729248047,777.4310302734375,329.8213195800781,874.6732788085938,635.5952758789062
699,0,0.8155868053436279,923.8084106445312,281.3727111816406,1064.11328125,720.3150634765625
699,0,0.8428946137428284,424.285888671875,274.0341796875,554.2119140625,782.6293334960938
699,0,0.9355427622795105,1129.0802001953125,35.35503387451172,1570.8248291015625,1075.5673828125
699,0,0.9385073781013489,1506.8128662109375,78.99507141113281,1919.242431640625,1062.4677734375
699,0,0.8187124729156494,773.5944213867188,327.6128845214844,877.3046875,634.8908081054688
700,0,0.8602063059806824,925.19921875,281.3522033691406,1076.8765869140625,717.3956909179688
700,0,0.8304542899131775,418.22943115234375,270.1987609863281,549.906494140625,785.1827392578125
700,0,0.9363605380058289,1134.5673828125,25.928857803344727,1578.873291015625,1076.4351806640625
700,0,0.9438378214836121,1512.4044189453125,70.7983169555664,1918.820068359375,1064.7025146484375
700,0,0.8282399773597717,769.2122192382812,326.5035095214844,876.3985595703125,634.2636108398438
701,0,0.864521324634552,926.07177734375,276.95916748046875,1063.392333984375,713.2320556640625
701,0,0.8204479813575745,412.5075378417969,265.07879638671875,547.509521484375,784.1737670898438
701,0,0.9167330265045166,1137.615234375,20.615375518798828,1587.1680908203125,1074.5010986328125
701,0,0.931634783744812,1515.529296875,64.15571594238281,1918.6986083984375,1060.68115234375
701,0,0.8348206281661987,771.6138916015625,324.5143127441406,882.3757934570312,635.3121948242188
702,0,0.8779636025428772,926.6444702148438,273.72479248046875,1054.4700927734375,707.1356811523438
702,0,0.8319653272628784,405.8599548339844,265.1463623046875,543.1576538085938,780.5610961914062
702,0,0.9066720604896545,1142.2032470703125,12.26730728149414,1597.1678466796875,1074.09130859375
702,0,0.9202648401260376,1525.48779296875,52.596858978271484,1918.46533203125,1055.110107421875
702,0,0.8324686288833618,772.6299438476562,320.1564636230469,877.5319213867188,631.6812133789062
702,0,0.8563671708106995,1037.4208984375,180.03245544433594,1216.3302001953125,941.7315673828125
703,0,0.8689510822296143,924.8880615234375,269.2822265625,1044.114013671875,703.1641235351562
703,0,0.8483278155326843,398.5521545410156,262.37939453125,536.8904418945312,776.7476806640625
703,0,0.8973968029022217,1149.3902587890625,0.010907105170190334,1606.2822265625,1071.9368896484375
703,0,0.9323766827583313,1534.2938232421875,33.967506408691406,1918.5390625,1055.774169921875
703,0,0.8407708406448364,772.4635009765625,314.7415771484375,878.2062377929688,628.5142822265625
703,0,0.8595094084739685,1028.3802490234375,162.71035766601562,1246.6650390625,942.824951171875
703,0,0.684798002243042,855.3190307617188,329.2264404296875,925.627197265625,570.57666015625
704,0,0.8557702898979187,924.9074096679688,262.7051086425781,1040.8702392578125,696.5567626953125
704,0,0.8508934378623962,394.7903747558594,259.0353698730469,534.6355590820312,773.8500366210938
704,0,0.9061040282249451,1160.3353271484375,0.0,1611.8538818359375,1071.9912109375
704,0,0.9402045011520386,1550.21923828125,18.081615447998047,1919.181640625,1061.1019287109375
704,0,0.807204008102417,770.0787963867188,307.0887145996094,874.7733154296875,624.5325927734375
704,0,0.8613581657409668,1017.6027221679688,140.53732299804688,1232.9764404296875,943.532470703125
704,0,0.6625209450721741,855.7630004882812,325.01007080078125,925.8717041015625,565.4428100585938
705,0,0.8322992324829102,923.121337890625,255.8124237060547,1042.064208984375,686.8416748046875
705,0,0.840152382850647,391.26763916015625,247.5011749267578,534.2112426757812,769.9962158203125
705,0,0.923754096031189,1171.3475341796875,2.9825809001922607,1632.3536376953125,1072.53271484375
705,0,0.9426529407501221,1562.73681640625,5.112407684326172,1919.6846923828125,1065.0064697265625
705,0,0.8288524746894836,767.2394409179688,302.36328125,875.789794921875,621.12646484375
705,0,0.8735908269882202,1005.6983642578125,135.63450622558594,1217.634033203125,957.5671997070312
705,0,0.637814998626709,855.4658813476562,320.6282958984375,924.7932739257812,565.4407348632812
706,0,0.8160135746002197,920.8411865234375,249.12603759765625,1037.6651611328125,681.1519165039062
706,0,0.8492115139961243,389.2907409667969,238.0204315185547,531.7595825195312,766.3007202148438
706,0,0.9374191761016846,1179.5870361328125,1.8099696636199951,1650.8653564453125,1072.390869140625
706,0,0.9321672916412354,1580.791015625,2.777743101119995,1919.9024658203125,1073.7572021484375
706,0,0.8071874976158142,768.7205810546875,296.4513244628906,874.76708984375,616.0269165039062
706,0,0.8814021944999695,993.2673950195312,120.36965942382812,1215.0086669921875,968.9508666992188
706,0,0.6336855888366699,854.0927124023438,316.5535888671875,924.2669677734375,564.4817504882812
707,0,0.6337466835975647,922.74072265625,239.3009490966797,1033.484619140625,675.7156372070312
707,0,0.8387265801429749,386.281005859375,230.97439575195312,527.1900024414062,761.27880859375
707,0,0.94692063331604,1182.82275390625,0.9931537508964539,1672.5501708984375,1071.1805419921875
707,0,0.9217836260795593,1602.114990234375,3.537482976913452,1920.0,1075.759765625
707,0,0.7886967062950134,770.2986450195312,286.724365234375,879.5830688476562,609.3457641601562
707,0,0.8769130110740662,976.19384765625,104.21116638183594,1211.8673095703125,988.764892578125
707,0,0.5327370762825012,855.6028442382812,310.3962707519531,925.4157104492188,555.9353637695312
708,0,0.5506959557533264,918.1895751953125,228.45755004882812,1032.6087646484375,667.0052490234375
708,0,0.8424821496009827,382.17645263671875,221.28248596191406,531.9793090820312,758.5117797851562
708,0,0.9322447776794434,1202.694091796875,1.224007487297058,1708.0009765625,1073.1163330078125
708,0,0.93257737159729,1632.2886962890625,3.8225741386413574,1919.899658203125,1077.7052001953125
708,0,0.8110470175743103,768.0894775390625,279.3388977050781,878.6968383789062,603.0839233398438
708,0,0.8545363545417786,954.089111328125,96.12096405029297,1221.1451416015625,1003.846435546875
708,0,0.5220145583152771,853.800537109375,300.7351989746094,923.4003295898438,557.974609375
709,0,0.8588221669197083,378.1262512207031,213.5743408203125,528.1402587890625,756.1557006835938
709,0,0.9110822677612305,1220.5517578125,4.0015034675598145,1740.4178466796875,1070.928466796875
709,0,0.9170152544975281,1658.0072021484375,2.360837936401367,1919.9361572265625,1074.65283203125
709,0,0.8277270197868347,762.94091796875,271.0260925292969,876.708251953125,603.9273071289062
709,0,0.8794192671775818,925.7709350585938,89.03548431396484,1231.9088134765625,1016.0553588867188
709,0,0.6015065312385559,853.6420288085938,297.4882507324219,923.0542602539062,561.1839599609375
710,0,0.8389819264411926,370.73175048828125,210.0888214111328,529.77880859375,755.0798950195312
710,0,0.9036633968353271,1238.3531494140625,3.436577558517456,1766.584228515625,1069.7994384765625
710,0,0.8531540036201477,1690.6099853515625,1.2126414775848389,1920.0,1066.046630859375
710,0,0.8438881039619446,764.8922729492188,267.0085754394531,873.8617553710938,602.3828735351562
710,0,0.9148324131965637,908.2889404296875,75.37330627441406,1231.9710693359375,1028.1187744140625
710,0,0.6477224826812744,853.3010864257812,295.5489501953125,922.0252075195312,564.43359375
711,0,0.8405275940895081,368.72674560546875,206.040771484375,523.2882690429688,754.0960083007812
711,0,0.9156734347343445,1255.2261962890625,2.506596565246582,1830.6046142578125,1067.60791015625
711,0,0.7560330629348755,1727.990966796875,0.0,1920.0,1055.7021484375
711,0,0.8384770154953003,764.7551879882812,264.1897888183594,870.4478149414062,599.922119140625
711,0,0.9055015444755554,909.8624267578125,62.8762321472168,1235.4730224609375,1039.8416748046875
711,0,0.6561092734336853,851.7543334960938,293.1615295410156,919.45166015625,564.1039428710938
712,0,0.817897617816925,361.5717468261719,205.18716430664062,515.265380859375,751.909423828125
712,0,0.9381372928619385,1278.2171630859375,0.0,1877.9296875,1068.320556640625
712,0,0.8293273448944092,761.6338500976562,261.1554260253906,875.271484375,601.8252563476562
712,0,0.900608479976654,903.1022338867188,54.47478103637695,1233.3079833984375,1058.81396484375
712,0,0.5653566122055054,849.8711547851562,285.8662109375,919.2386474609375,564.099609375
713,0,0.8189648389816284,361.70452880859375,204.73004150390625,513.9103393554688,752.2431030273438
713,0,0.947222888469696,1291.7261962890625,1.9822653532028198,1917.75,1067.9925537109375
713,0,0.8213534951210022,761.1171875,261.35748291015625,879.8440551757812,602.1757202148438
713,0,0.9054705500602722,898.0045166015625,43.28738021850586,1224.6134033203125,1066.2618408203125
713,0,0.5131710171699524,850.6748657226562,283.11566162109375,918.2954711914062,567.255126953125
713,0,0.27511993050575256,1738.315185546875,1.8223707675933838,1920.0,952.1381225585938
714,0,0.8350595831871033,359.96099853515625,194.29815673828125,510.1099853515625,750.3021850585938
714,0,0.9562190771102905,1286.30126953125,1.990713357925415,1920.0,1064.94677734375
714,0,0.8445779085159302,763.8553466796875,259.1319274902344,878.1349487304688,599.7625122070312
714,0,0.9182268381118774,888.2278442382812,29.188188552856445,1217.506591796875,1068.1263427734375
714,0,0.43551650643348694,850.9718627929688,277.754150390625,911.7119750976562,551.3569946289062
715,0,0.8259909749031067,354.1305847167969,187.5791015625,507.2344970703125,751.4010009765625
715,0,0.9557662010192871,1277.321044921875,2.2133381366729736,1920.0,1066.20166015625
715,0,0.828852653503418,763.1148071289062,256.3052978515625,877.9937133789062,598.8934936523438
715,0,0.9157921075820923,877.8174438476562,12.779358863830566,1209.7529296875,1069.28955078125
715,0,0.36825570464134216,849.6415405273438,274.2292785644531,903.4655151367188,541.7151489257812
716,0,0.8345452547073364,349.43267822265625,182.62384033203125,504.6334533691406,750.7433471679688
716,0,0.9584765434265137,1269.4647216796875,3.273037910461426,1920.0,1066.6605224609375
716,0,0.8532450795173645,759.8500366210938,249.8280487060547,879.2864990234375,598.44091796875
716,0,0.8972857594490051,855.16064453125,2.8073389530181885,1198.8553466796875,1071.88623046875
716,0,0.662889301776886,1240.0469970703125,314.5124206542969,1298.813232421875,522.7949829101562
717,0,0.8401311039924622,347.40765380859375,179.03846740722656,502.8723449707031,751.9673461914062
717,0,0.9601340889930725,1266.2320556640625,4.775463104248047,1920.0,1065.9127197265625
717,0,0.8644536137580872,762.5628051757812,244.9806671142578,869.3960571289062,602.3585815429688
717,0,0.9000824093818665,844.385009765625,9.235129356384277,1184.51953125,1065.013916015625
717,0,0.7310565710067749,1241.0384521484375,309.34283447265625,1306.0347900390625,521.2583618164062
718,0,0.8580440282821655,343.1420593261719,176.99288940429688,498.5531311035156,753.6348266601562
718,0,0.954338014125824,1269.0562744140625,4.763030529022217,1920.0,1062.745849609375
718,0,0.826710045337677,763.4898071289062,241.3624267578125,857.5324096679688,601.97900390625
718,0,0.9064853191375732,820.4681396484375,2.4329066276550293,1171.63623046875,1063.6915283203125
718,0,0.7206714153289795,1237.117431640625,299.5213623046875,1311.8558349609375,524.1825561523438
719,0,0.8574634790420532,339.6138916015625,175.4010467529297,495.3045959472656,756.70947265625
719,0,0.957179605960846,1278.28759765625,6.529330253601074,1919.66796875,1066.072509765625
719,0,0.6270658373832703,764.3490600585938,239.74024963378906,847.55029296875,604.26611328125
719,0,0.9029813408851624,791.0728149414062,1.8646570444107056,1152.3128662109375,1071.8997802734375
719,0,0.7303931713104248,1237.28369140625,296.9194030761719,1316.010498046875,524.4614868164062
720,0,0.8721458911895752,335.43414306640625,172.5200653076172,492.7626647949219,758.3863525390625
720,0,0.9367761015892029,1293.815185546875,7.063296318054199,1919.2777099609375,1067.9815673828125
720,0,0.3272973597049713,760.9434814453125,241.16064453125,826.5519409179688,587.8447265625
720,0,0.9128568172454834,770.263671875,0.0,1131.9017333984375,1073.704833984375
720,0,0.7456556558609009,1237.0518798828125,296.4896545410156,1317.2608642578125,523.8451538085938
721,0,0.8685464859008789,330.68060302734375,168.6341552734375,489.3752136230469,762.031005859375
721,0,0.9312358498573303,1307.649169921875,6.58400297164917,1919.245849609375,1068.0142822265625
721,0,0.9095544815063477,750.4583129882812,1.8076434135437012,1118.094482421875,1071.247802734375
721,0,0.7618160843849182,1245.477294921875,300.9864196777344,1316.61083984375,517.7999877929688
722,0,0.8642615079879761,328.1379089355469,165.59918212890625,485.91925048828125,762.3450927734375
722,0,0.9334671497344971,1317.2823486328125,6.658633232116699,1919.0228271484375,1062.34130859375
722,0,0.9174556732177734,730.4131469726562,2.4545645713806152,1098.40625,1071.6390380859375
722,0,0.568833589553833,1236.31494140625,296.59600830078125,1316.827880859375,521.7377319335938
722,0,0.8701242804527283,1087.9715576171875,165.32740783691406,1223.7803955078125,683.035400390625
723,0,0.84525465965271,322.6799621582031,162.75341796875,483.4342956542969,761.6914672851562
723,0,0.9513074159622192,1331.2303466796875,7.613186359405518,1919.0198974609375,1064.102783203125
723,0,0.9148815274238586,700.7086181640625,3.867255687713623,1092.2440185546875,1072.420654296875
723,0,0.2853471636772156,1243.8284912109375,296.1083984375,1319.740966796875,514.7774658203125
723,0,0.8563842177391052,1078.3702392578125,160.0688934326172,1225.8922119140625,672.1699829101562
724,0,0.8430637121200562,314.1190185546875,164.54812622070312,483.0780944824219,757.8836059570312
724,0,0.9384104013442993,1337.49169921875,7.04601526260376,1919.1192626953125,1068.017333984375
724,0,0.8984527587890625,668.224365234375,2.197000026702881,1078.89599609375,1071.5751953125
724,0,0.8508836030960083,1074.4549560546875,156.9259490966797,1225.7222900390625,666.9736938476562
724,0,0.8745169639587402,1271.544189453125,103.85533905029297,1466.051025390625,733.1380004882812
725,0,0.8373081088066101,307.8044738769531,155.03903198242188,476.309814453125,758.9752807617188
725,0,0.8953635096549988,1355.0130615234375,6.055054187774658,1920.0,1068.681640625
725,0,0.8909618258476257,646.1416015625,1.2869195938110352,1052.0771484375,1075.0938720703125
725,0,0.842123806476593,1068.188720703125,156.38905334472656,1219.1534423828125,665.3005981445312
725,0,0.8837012052536011,1230.293701171875,102.91522216796875,1457.825439453125,798.0000610351562
726,0,0.8402698636054993,299.9840393066406,144.3622589111328,466.6692199707031,758.3340454101562
726,0,0.8578531742095947,1384.256103515625,6.439025402069092,1919.8526611328125,1070.333984375
726,0,0.9116398096084595,608.2706909179688,0.2664361596107483,1023.007568359375,1072.9464111328125
726,0,0.8545995354652405,1069.5592041015625,155.24288940429688,1215.3779296875,662.2188720703125
726,0,0.9115849733352661,1195.552001953125,102.0278091430664,1460.5113525390625,801.8218383789062
727,0,0.8514135479927063,292.8486328125,141.6671142578125,459.3814392089844,758.4481201171875
727,0,0.6365056037902832,1507.6297607421875,7.564050674438477,1919.4346923828125,1066.8514404296875
727,0,0.9164118766784668,564.61767578125,1.9162204265594482,1001.290771484375,1073.8631591796875
727,0,0.8403462767601013,1066.0760498046875,146.38925170898438,1202.244873046875,659.2142944335938
727,0,0.8941856622695923,1158.4622802734375,99.14898681640625,1457.7003173828125,800.2374267578125
727,0,0.8052806258201599,938.6026000976562,180.8150177001953,1064.6080322265625,627.3012084960938
728,0,0.8669877648353577,283.1801452636719,133.1580352783203,448.0012512207031,754.6024169921875
728,0,0.26623082160949707,1645.7021484375,5.804837226867676,1918.667236328125,1064.8875732421875
728,0,0.9015744924545288,523.3800048828125,0.0,975.9833984375,1071.7664794921875
728,0,0.8370256423950195,1054.9903564453125,141.14993286132812,1206.7608642578125,656.9588623046875
728,0,0.9189650416374207,1127.9385986328125,94.69757080078125,1456.011962890625,802.509521484375
728,0,0.8112921118736267,932.365966796875,183.5302734375,1059.6375732421875,623.947998046875
729,0,0.8538755774497986,272.83319091796875,125.37708282470703,438.1676330566406,753.5548706054688
729,0,0.8975237607955933,470.1468811035156,0.0,948.3866577148438,1074.0115966796875
729,0,0.8424710631370544,1052.62158203125,136.02542114257812,1206.0460205078125,655.82373046875
729,0,0.9056046009063721,1119.1927490234375,92.95991516113281,1454.53759765625,798.6123046875
729,0,0.8417767286300659,919.9136352539062,181.86981201171875,1046.9097900390625,624.1143798828125
730,0,0.8608137965202332,256.59503173828125,117.45691680908203,430.06402587890625,751.7074584960938
730,0,0.9082649350166321,417.7397155761719,2.877912998199463,910.041748046875,1077.1993408203125
730,0,0.875931978225708,1051.454345703125,134.1988983154297,1194.6658935546875,655.9247436523438
730,0,0.9197867512702942,1120.6214599609375,94.45872497558594,1457.427001953125,798.3057861328125
730,0,0.8562113046646118,908.7919311523438,184.07318115234375,1046.00048828125,620.598876953125
731,0,0.8419343829154968,246.12132263183594,113.54029083251953,398.793701171875,756.6788330078125
731,0,0.9062949419021606,357.4268493652344,3.497929334640503,877.986083984375,1068.104736328125
731,0,0.8534221649169922,1050.3018798828125,133.6257781982422,1179.738037109375,653.6715698242188
731,0,0.887151837348938,1106.731689453125,88.98331451416016,1453.048095703125,798.1213989257812
731,0,0.8742611408233643,901.9353637695312,183.91925048828125,1049.81591796875,618.9647827148438
732,0,0.9025925993919373,248.61485290527344,2.913203716278076,853.3768920898438,1060.5704345703125
732,0,0.8647189140319824,1046.69384765625,134.27171325683594,1176.537109375,646.8050537109375
732,0,0.88681560754776,1094.701416015625,78.53900146484375,1440.3914794921875,802.3839721679688
732,0,0.8724400401115417,900.3361206054688,177.25857543945312,1054.4718017578125,617.861083984375
733,0,0.9275014400482178,219.25692749023438,3.3403475284576416,813.8244018554688,1063.868408203125
733,0,0.8202582597732544,1034.3140869140625,131.11087036132812,1164.7291259765625,659.8035888671875
733,0,0.9247899651527405,1080.7564697265625,75.89984893798828,1417.544921875,810.418701171875
733,0,0.8609990477561951,892.8408203125,180.9109344482422,1045.313232421875,617.5310668945312
734,0,0.8446447849273682,160.953369140625,3.6478567123413086,776.788818359375,1062.41455078125
734,0,0.8387592434883118,1023.5883178710938,136.23065185546875,1155.1597900390625,664.9859619140625
734,0,0.8903595805168152,1066.2919921875,74.88359069824219,1397.6416015625,813.4886474609375
734,0,0.8680123686790466,886.7238159179688,181.0979461669922,1044.707763671875,613.1067504882812
735,0,0.892449140548706,60.41803741455078,2.579439163208008,734.9284057617188,1063.9422607421875
735,0,0.7799893617630005,1022.2665405273438,136.2025146484375,1137.7506103515625,672.318115234375
735,0,0.8770163655281067,1053.534912109375,72.17863464355469,1362.7789306640625,805.1591796875
735,0,0.8562303781509399,884.5588989257812,180.24221801757812,1031.494384765625,615.1751098632812
736,0,0.9153488278388977,1.0114684104919434,4.015690803527832,693.760498046875,1062.4930419921875
736,0,0.7278327345848083,1016.924560546875,142.99964904785156,1120.4151611328125,667.97998046875
736,0,0.8468592762947083,1049.9417724609375,71.54034423828125,1330.9771728515625,799.00244140625
736,0,0.8331022262573242,877.3934936523438,178.1935272216797,1018.2303466796875,610.7029418945312
737,0,0.9254181385040283,0.0,4.0498151779174805,676.878173828125,1065.4625244140625
737,0,0.43764957785606384,1002.1156616210938,141.09640502929688,1094.0543212890625,673.69189453125
737,0,0.8644157648086548,1028.9453125,68.1301040649414,1279.0728759765625,800.0619506835938
737,0,0.8660172820091248,862.5407104492188,175.23020935058594,996.8635864257812,608.385498046875
737,0,0.8724278211593628,659.4400024414062,173.69735717773438,811.9767456054688,608.0673828125
738,0,0.9248842000961304,0.0,4.046346664428711,641.3156127929688,1070.3505859375
738,0,0.8263736963272095,998.1266479492188,64.92503356933594,1230.119873046875,807.4048461914062
738,0,0.8367209434509277,843.0117797851562,176.815185546875,980.5431518554688,609.869140625
738,0,0.8574832081794739,623.8709716796875,167.4813995361328,788.0415649414062,614.5291137695312
739,0,0.8922311067581177,0.0,4.537325859069824,600.8345336914062,1057.634033203125
739,0,0.8598104119300842,982.4971313476562,67.85897827148438,1178.58837890625,801.9315185546875
739,0,0.8284323811531067,827.1529541015625,177.43316650390625,970.3697509765625,610.9197387695312
739,0,0.8920817971229553,607.0982666015625,162.08677673339844,771.286376953125,619.60498046875
740,0,0.900637149810791,0.0,5.124853134155273,546.56103515625,1056.3531494140625
740,0,0.9172145128250122,947.5982055664062,69.75447845458984,1151.5477294921875,809.2222290039062
740,0,0.853914201259613,809.632080078125,176.29637145996094,959.1357421875,616.8649291992188
740,0,0.8889904618263245,594.388916015625,160.3076629638672,761.0155639648438,618.3878173828125
741,0,0.8657494187355042,0.0,5.459402084350586,457.64605712890625,1070.6951904296875
741,0,0.8758695125579834,922.3862915039062,72.46568298339844,1125.713134765625,828.1351318359375
741,0,0.8871213793754578,798.0828247070312,179.3564910888672,947.2559814453125,615.9417724609375
741,0,0.8744941353797913,579.4010009765625,159.11068725585938,747.9820556640625,623.5253295898438
742,0,0.8107869625091553,0.0,10.930317878723145,359.2309875488281,1063.927978515625
742,0,0.7867627739906311,897.3268432617188,67.919677734375,1108.632080078125,831.1679077148438
742,0,0.865848183631897,792.772705078125,178.02467346191406,938.7314453125,616.4432373046875
742,0,0.8745965361595154,566.9104614257812,158.64122009277344,734.0984497070312,634.024169921875
743,0,0.8512194752693176,858.650634765625,65.83473205566406,1083.0042724609375,828.9707641601562
743,0,0.8782042860984802,779.22216796875,179.0432586669922,924.6279296875,614.7526245117188
743,0,0.8588665723800659,556.8524780273438,156.82958984375,722.0255737304688,637.0238037109375
743,0,0.8628525137901306,0.24018119275569916,61.63923645019531,200.80592346191406,807.6080322265625
744,0,0.8158366680145264,782.4241333007812,63.52666091918945,1066.5316162109375,827.1471557617188
744,0,0.8199533224105835,765.1495971679688,177.52975463867188,902.2046508789062,613.0662231445312
744,0,0.8971255421638489,531.937744140625,155.50579833984375,707.6223754882812,642.5924682617188
744,0,0.8489053845405579,0.0,60.398807525634766,180.96646118164062,828.771484375
745,0,0.8304167985916138,736.8740844726562,61.79682922363281,1051.8740234375,833.713623046875
745,0,0.8074246644973755,752.579345703125,180.8284912109375,880.1903076171875,605.9510498046875
745,0,0.906440258026123,513.9650268554688,155.29966735839844,701.7489013671875,652.2601318359375
745,0,0.8681784868240356,0.0,55.184661865234375,156.105712890625,825.3681640625
746,0,0.8737846612930298,689.6406860351562,57.43901824951172,1041.33935546875,833.3087768554688
746,0,0.7249580025672913,732.7365112304688,174.92250061035156,855.1378173828125,594.4945068359375
746,0,0.8928303122520447,498.24127197265625,149.07037353515625,683.333984375,657.9323120117188
746,0,0.8380581736564636,0.0,49.393043518066406,135.24490356445312,828.963134765625
747,0,0.8860045075416565,660.5897827148438,55.05495834350586,1026.33642578125,830.8456420898438
747,0,0.5845661759376526,715.6239013671875,172.7360382080078,835.2988891601562,585.0236206054688
747,0,0.9021300673484802,481.2803649902344,150.9666290283203,674.1648559570312,666.2158203125
747,0,0.7987434267997742,0.0,48.094276428222656,116.60978698730469,839.0037231445312
747,0,0.7434294819831848,1043.1109619140625,222.9006805419922,1137.7470703125,541.3514404296875
748,0,0.8892106413841248,650.346435546875,59.53792953491211,1017.3555297851562,841.5474853515625
748,0,0.8801568746566772,463.8177185058594,149.4388427734375,657.8763427734375,669.6103515625
748,0,0.66213059425354,0.0,77.13812255859375,96.04077911376953,845.2376098632812
748,0,0.7457650303840637,1025.9044189453125,223.0813446044922,1129.0665283203125,542.8229370117188
749,0,0.9065655469894409,629.3494873046875,54.96501541137695,1005.3110961914062,840.2161254882812
749,0,0.8443725109100342,456.6108093261719,150.4458770751953,648.6483764648438,681.0752563476562
749,0,0.4999638795852661,0.0,84.95001220703125,77.9118423461914,849.9966430664062
749,0,0.7627450227737427,1024.2652587890625,225.0768280029297,1124.6591796875,546.4935913085938
750,0,0.8887524008750916,619.2597045898438,54.61298751831055,995.4288940429688,853.82763671875
750,0,0.8655171990394592,437.6534729003906,147.409423828125,641.8292846679688,700.64501953125
750,0,0.7274399399757385,1023.9462280273438,224.69920349121094,1123.8031005859375,549.5792236328125
751,0,0.8844273686408997,608.9230346679688,49.890838623046875,984.0923461914062,858.1940307617188
751,0,0.8923232555389404,425.86041259765625,140.90823364257812,633.0703735351562,695.8129272460938
751,0,0.7644851803779602,1022.260498046875,224.5355987548828,1123.7078857421875,549.606689453125
752,0,0.8980302214622498,603.7467651367188,46.884456634521484,958.0857543945312,866.92529296875
752,0,0.8824209570884705,413.84869384765625,138.75,634.4392700195312,697.8012084960938
752,0,0.7608277201652527,1022.849853515625,226.63021850585938,1120.4482421875,552.966064453125
753,0,0.9019708633422852,597.7296752929688,51.86383819580078,931.791015625,872.6124267578125
753,0,0.8824560046195984,400.4970397949219,135.6920623779297,619.134521484375,710.1190185546875
753,0,0.7439216375350952,1022.3519287109375,228.8336639404297,1123.05712890625,551.6707763671875
754,0,0.8959010243415833,572.996826171875,44.4359245300293,913.1128540039062,881.0989990234375
754,0,0.8787086606025696,391.2886047363281,131.55335998535156,615.0560302734375,714.6984252929688
754,0,0.7648906707763672,1024.451171875,228.166015625,1135.6241455078125,543.9153442382812
754,0,0.784260630607605,852.3322143554688,150.54725646972656,976.0117797851562,674.3231811523438
755,0,0.8221315741539001,567.0404663085938,39.998146057128906,881.07373046875,890.3831176757812
755,0,0.8837814927101135,383.621826171875,133.72271728515625,602.3401489257812,718.8713989257812
755,0,0.7852730751037598,1026.46337890625,227.69686889648438,1139.81005859375,551.3150024414062
755,0,0.8085832595825195,840.0528564453125,152.97666931152344,976.3855590820312,678.9251708984375
756,0,0.8357359766960144,515.6900024414062,36.989990234375,844.2385864257812,895.3786010742188
756,0,0.8802754878997803,377.40643310546875,135.8790740966797,589.97998046875,722.6214599609375
756,0,0.7805616855621338,1030.1202392578125,227.66368103027344,1143.7626953125,549.1202392578125
756,0,0.827335774898529,834.2066650390625,155.84722900390625,975.9971923828125,687.7756958007812
757,0,0.9153868556022644,469.13482666015625,37.524471282958984,810.3985595703125,908.4019165039062
757,0,0.8790121674537659,378.16485595703125,137.29811096191406,563.4415893554688,712.908447265625
757,0,0.7374268770217896,1036.4879150390625,229.05506896972656,1151.52880859375,555.4513549804688
757,0,0.8127867579460144,840.0259399414062,165.18905639648438,977.1460571289062,689.38330078125
758,0,0.8976577520370483,448.79693603515625,38.97242736816406,778.33203125,916.4281005859375
758,0,0.8218581080436707,372.88909912109375,137.49786376953125,565.6016845703125,728.7364501953125
758,0,0.7014426589012146,1044.423828125,232.49057006835938,1156.2794189453125,544.1776733398438
758,0,0.7977429032325745,843.1324462890625,167.18812561035156,977.7750854492188,691.4990234375
759,0,0.8901059627532959,436.6310119628906,43.58509063720703,750.61669921875,929.1609497070312
759,0,0.8719331622123718,372.3601989746094,135.48037719726562,572.359375,735.7390747070312
759,0,0.7397699356079102,1052.227783203125,233.82022094726562,1157.730712890625,578.112548828125
759,0,0.8347192406654358,844.3612670898438,169.8209991455078,977.9669189453125,692.8865356445312
759,0,0.8694389462471008,962.5438232421875,250.43714904785156,1083.8427734375,599.9498901367188
760,0,0.8642566204071045,385.91064453125,43.1805534362793,736.216064453125,931.7759399414062
760,0,0.8137218952178955,369.07354736328125,133.32894897460938,576.0748901367188,747.011474609375
760,0,0.8172281384468079,1055.643798828125,230.64146423339844,1164.0826416015625,593.7221069335938
760,0,0.8399112224578857,844.3192749023438,173.25941467285156,977.2124633789062,694.6243286132812
760,0,0.8407467603683472,969.0811767578125,250.54483032226562,1092.4276123046875,608.1117553710938
761,0,0.8349916338920593,370.285888671875,40.19218826293945,723.2415161132812,940.3153686523438
761,0,0.7646117806434631,362.3168029785156,132.85498046875,560.0855712890625,751.707275390625
761,0,0.7837123870849609,1062.179443359375,231.04608154296875,1166.5594482421875,597.0218505859375
761,0,0.8476850390434265,841.9256591796875,171.9859161376953,979.2774047851562,699.8433837890625
761,0,0.7830010652542114,975.5303344726562,251.56655883789062,1102.4361572265625,610.5720825195312
762,0,0.8678852319717407,353.87347412109375,42.86906433105469,716.0785522460938,948.3847045898438
762,0,0.7205818295478821,352.8116760253906,138.46286010742188,536.623291015625,749.7476806640625
762,0,0.8284933567047119,1065.86767578125,232.65142822265625,1169.3555908203125,604.49658203125
762,0,0.8500790596008301,842.104248046875,171.87374877929688,984.5907592773438,700.5200805664062
762,0,0.8206075429916382,980.60986328125,250.82601928710938,1114.9766845703125,611.1069946289062
762,0,0.8355539441108704,711.9622802734375,204.46153259277344,854.0877685546875,648.3936157226562
763,0,0.8815130591392517,340.0283203125,47.068702697753906,717.1867065429688,952.3530883789062
763,0,0.6398566961288452,338.42236328125,132.69712829589844,522.5471801757812,760.0450439453125
763,0,0.8144734501838684,1070.95361328125,230.9962921142578,1170.5245361328125,606.8690185546875
763,0,0.8349944353103638,841.7824096679688,169.92047119140625,985.0899047851562,699.7523193359375
763,0,0.8575374484062195,980.019287109375,250.4497528076172,1120.58349609375,616.6655883789062
763,0,0.8611568212509155,709.2760620117188,210.98129272460938,857.2606811523438,657.2504272460938
764,0,0.8929407596588135,323.94671630859375,41.123538970947266,716.3228759765625,955.6295776367188
764,0,0.7999803423881531,1075.638916015625,227.15184020996094,1177.2403564453125,610.2869262695312
764,0,0.850119948387146,846.4109497070312,169.1462860107422,991.95947265625,688.7969970703125
764,0,0.8625895977020264,979.84814453125,249.49644470214844,1127.9683837890625,624.5512084960938
764,0,0.8728787899017334,709.7372436523438,210.0045623779297,863.3904418945312,659.3770141601562
765,0,0.8965185284614563,302.2037658691406,26.901798248291016,714.3168334960938,959.3882446289062
765,0,0.7880382537841797,1081.79443359375,227.01284790039062,1186.2210693359375,611.4611206054688
765,0,0.8538497686386108,850.2747802734375,166.8575897216797,994.0209350585938,683.7344360351562
765,0,0.8461213111877441,981.4102172851562,248.787841796875,1134.2017822265625,631.4505004882812
765,0,0.8671644330024719,713.89599609375,211.1480712890625,865.4661254882812,659.232666015625
765,0,0.6191931366920471,646.0077514648438,272.05291748046875,736.175048828125,603.94287109375
766,0,0.908268392086029,288.36785888671875,33.28076171875,708.30859375,967.125732421875
766,0,0.7866615653038025,1086.8363037109375,227.81642150878906,1194.13671875,612.438232421875
766,0,0.8409669399261475,852.2598876953125,164.1260528564453,995.9393920898438,677.47265625
766,0,0.8406711220741272,981.8265991210938,246.7609100341797,1141.06103515625,635.2671508789062
766,0,0.8831664323806763,718.1962890625,208.71780395507812,865.6924438476562,656.2919921875
766,0,0.7816416621208191,633.1756591796875,273.0815734863281,736.5513305664062,608.7809448242188
767,0,0.9140860438346863,269.3783874511719,33.30750274658203,694.18115234375,967.1317749023438
767,0,0.8064976334571838,1087.76220703125,226.4150390625,1200.3267822265625,614.2521362304688
767,0,0.8521918058395386,853.7515258789062,163.0611572265625,996.4821166992188,675.0225830078125
767,0,0.8282073736190796,982.447021484375,246.84530639648438,1150.6903076171875,634.652587890625
767,0,0.8886318206787109,717.1500854492188,207.9774932861328,862.4510498046875,650.7527465820312
767,0,0.7736924290657043,628.6653442382812,272.0791931152344,736.45947265625,608.56005859375
768,0,0.9186316728591919,246.69393920898438,28.812654495239258,691.165283203125,972.9606323242188
768,0,0.8122676610946655,1088.1387939453125,226.95187377929688,1199.088623046875,620.3510131835938
768,0,0.8571757078170776,853.489990234375,161.94078063964844,996.6832275390625,667.3869018554688
768,0,0.8341882824897766,978.5947875976562,246.07904052734375,1159.407958984375,635.8388671875
768,0,0.8726193904876709,716.0328369140625,208.12005615234375,860.1033935546875,647.3569946289062
768,0,0.803507924079895,627.4982299804688,270.0294189453125,737.0685424804688,607.7554931640625
769,0,0.9046142101287842,220.8688201904297,23.845827102661133,676.3565063476562,966.248046875
769,0,0.8055352568626404,1089.819580078125,224.35948181152344,1193.5093994140625,624.0870971679688
769,0,0.8499978184700012,853.08056640625,160.2991485595703,995.6289672851562,673.6060791015625
769,0,0.8331233859062195,978.5521850585938,243.99838256835938,1163.9979248046875,638.5624389648438
769,0,0.8836274743080139,723.0892944335938,206.18582153320312,861.3883056640625,646.6026000976562
769,0,0.795516312122345,625.5807495117188,267.10955810546875,736.34765625,610.2362670898438
770,0,0.9071007370948792,202.7346954345703,12.233536720275879,653.438720703125,976.3584594726562
770,0,0.7790012359619141,1090.0631103515625,221.33489990234375,1191.2955322265625,627.435546875
770,0,0.8491930961608887,849.1837768554688,155.708740234375,995.32958984375,675.3898315429688
770,0,0.8452720046043396,973.8280639648438,239.4926300048828,1166.371337890625,636.8938598632812
770,0,0.8535568118095398,723.89892578125,203.8036651611328,857.207275390625,643.0894775390625
770,0,0.8023940920829773,621.95361328125,254.47943115234375,736.1716918945312,605.7288818359375
771,0,0.9064363837242126,178.3431396484375,12.313374519348145,634.2740478515625,982.7276000976562
771,0,0.8149887323379517,1089.322021484375,219.41497802734375,1194.6177978515625,635.2416381835938
771,0,0.8616840243339539,847.3163452148438,156.02081298828125,992.7194213867188,678.40380859375
771,0,0.8414257764816284,965.3389892578125,242.06179809570312,1163.8983154296875,640.761474609375
771,0,0.8649069666862488,722.1748046875,200.56924438476562,857.9583129882812,642.7728881835938
771,0,0.8105233907699585,618.5225219726562,255.107421875,732.159912109375,609.7803955078125
772,0,0.8949899077415466,157.27732849121094,9.88278865814209,585.1176147460938,949.9677734375
772,0,0.8064916729927063,1089.697998046875,212.83197021484375,1197.6876220703125,638.0172119140625
772,0,0.8977252840995789,841.2786254882812,154.90184020996094,984.9557495117188,678.2337036132812
772,0,0.83819580078125,960.0817260742188,239.64393615722656,1160.860107421875,642.0829467773438
772,0,0.8363090753555298,717.2268676757812,194.9608154296875,854.3256225585938,640.1734619140625
772,0,0.8247660398483276,615.8330078125,257.48834228515625,728.0758666992188,613.669677734375
773,0,0.9062764644622803,143.75180053710938,5.544699192047119,534.8482055664062,951.0880737304688
773,0,0.8421390056610107,1088.9542236328125,209.97869873046875,1203.2745361328125,633.1458740234375
773,0,0.8945857286453247,837.3042602539062,151.9681396484375,976.3231201171875,672.9532470703125
773,0,0.8732671141624451,956.2858276367188,233.8312225341797,1159.6029052734375,644.7244873046875
773,0,0.840637743473053,714.6533813476562,194.95553588867188,851.9934692382812,645.4541625976562
773,0,0.8477718234062195,612.8637084960938,253.91058349609375,722.6912231445312,611.6968994140625
774,0,0.9042279720306396,134.2022247314453,1.9058568477630615,498.7637634277344,958.8041381835938
774,0,0.8395949602127075,1087.281982421875,202.77001953125,1201.6947021484375,628.1709594726562
774,0,0.87522292137146,834.0488891601562,149.2599334716797,966.9279174804688,671.52978515625
774,0,0.8609703183174133,957.6800537109375,230.59596252441406,1156.712158203125,653.3003540039062
774,0,0.8432934880256653,711.6854248046875,189.86570739746094,848.668701171875,631.2693481445312
774,0,0.8558862805366516,608.3517456054688,250.6304473876953,719.7369995117188,608.7432861328125
775,0,0.907296359539032,115.71922302246094,2.8350989818573,461.3515319824219,969.1873168945312
775,0,0.841022253036499,1084.187255859375,196.38775634765625,1203.167236328125,630.342041015625
775,0,0.8530890345573425,828.2338256835938,144.595703125,966.810302734375,668.9451904296875
775,0,0.8617647886276245,954.1878051757812,228.2066650390625,1150.056884765625,649.8143920898438
775,0,0.8312042355537415,704.3460083007812,181.53550720214844,838.0859375,632.3074951171875
775,0,0.8728682994842529,599.7059936523438,247.7113037109375,713.85400390625,609.1260986328125
775,0,0.8110707402229309,393.2012634277344,56.446712493896484,617.443603515625,820.968017578125
776,0,0.9079596400260925,100.49662017822266,5.091196537017822,430.6399841308594,957.7013549804688
776,0,0.8174225091934204,1082.4248046875,194.54800415039062,1208.33642578125,634.0249633789062
776,0,0.822692334651947,819.2406616210938,151.34983825683594,957.7836303710938,661.6622314453125
776,0,0.860051691532135,961.1187133789062,224.74951171875,1143.3380126953125,651.9225463867188
776,0,0.8201270699501038,695.3133544921875,182.800537109375,835.0888061523438,628.599853515625
776,0,0.8425217866897583,591.8740844726562,248.22128295898438,705.8106079101562,611.6224365234375
776,0,0.8252109289169312,358.5742492675781,42.823036193847656,611.7056884765625,837.4683227539062
777,0,0.9174325466156006,75.46867370605469,0.2641533315181732,402.8981018066406,970.2144165039062
777,0,0.7988914847373962,1078.34033203125,192.705078125,1210.6015625,638.1995849609375
777,0,0.8132404685020447,814.6946411132812,153.92550659179688,951.7640991210938,663.0675048828125
777,0,0.8540149331092834,952.591064453125,221.80039978027344,1136.2698974609375,652.7342529296875
777,0,0.8155031800270081,687.43603515625,184.68663024902344,827.198974609375,635.0841064453125
777,0,0.8240286111831665,586.4133911132812,245.17335510253906,696.8893432617188,609.6849975585938
777,0,0.8598575592041016,328.8030090332031,31.27431869506836,607.2811279296875,869.551513671875
778,0,0.911139190196991,53.2286491394043,0.0,377.49420166015625,1008.6281127929688
778,0,0.831447958946228,1074.41064453125,189.7860565185547,1209.9761962890625,641.1544189453125
778,0,0.7873397469520569,807.0592041015625,150.670166015625,945.955078125,676.7000122070312
778,0,0.8713319301605225,948.9397583007812,218.8543243408203,1128.39794921875,655.124267578125
778,0,0.7816017270088196,679.49169921875,185.56146240234375,820.9285278320312,635.7446899414062
778,0,0.7900601029396057,571.9190063476562,244.21546936035156,685.3582153320312,611.2185668945312
778,0,0.8566973209381104,312.9797058105469,30.5941104888916,600.7908325195312,893.1082153320312
779,0,0.9195235967636108,25.554243087768555,1.3858659267425537,350.1280822753906,1008.2891235351562
779,0,0.8435314893722534,1070.8883056640625,189.692626953125,1207.66259765625,642.866943359375
779,0,0.826947808265686,797.2907104492188,156.43434143066406,936.5783081054688,671.10546875
779,0,0.8750191330909729,955.4533081054688,214.5739288330078,1123.8690185546875,654.3536987304688
779,0,0.7732618451118469,672.9278564453125,188.93984985351562,811.5692138671875,630.7333374023438
779,0,0.7579659819602966,567.8679809570312,245.450439453125,678.1336669921875,604.2695922851562
779,0,0.8481581211090088,317.5580139160156,25.859455108642578,596.1309204101562,898.5806884765625
780,0,0.9058592319488525,3.328949451446533,1.0965622663497925,327.1390380859375,1009.5437622070312
780,0,0.8430580496788025,1067.3179931640625,188.78994750976562,1216.1646728515625,649.4697265625
780,0,0.8516548871994019,791.9777221679688,154.81585693359375,930.5247192382812,678.564208984375
780,0,0.8668584823608398,948.6735229492188,210.8173828125,1118.3726806640625,656.7131958007812
780,0,0.7539321780204773,677.2633056640625,194.24990844726562,806.6868286132812,632.093505859375
780,0,0.7253137826919556,566.1487426757812,245.431396484375,673.4954223632812,613.2824096679688
780,0,0.8784229755401611,289.5920104980469,21.042234420776367,591.6373901367188,915.8753051757812
781,0,0.9097111821174622,0.0,3.4894258975982666,305.30120849609375,1010.2984619140625
781,0,0.8366689085960388,1064.5352783203125,186.880615234375,1218.1556396484375,653.8460083007812
781,0,0.8456020951271057,790.111083984375,153.99041748046875,924.4786987304688,673.2064819335938
781,0,0.8957003355026245,948.375732421875,206.61868286132812,1115.1556396484375,662.6835327148438
781,0,0.7737518548965454,670.822265625,193.6015625,801.6552734375,638.5414428710938
781,0,0.7044850587844849,558.1135864257812,245.60865783691406,662.6680908203125,620.6282958984375
781,0,0.8968125581741333,277.23333740234375,13.53592300415039,580.9791870117188,928.11669921875
782,0,0.9065638780593872,0.0,2.126433849334717,281.3120422363281,1019.8497924804688
782,0,0.8350533843040466,1062.51416015625,186.2787322998047,1217.506103515625,654.972412109375
782,0,0.8476859927177429,786.3113403320312,151.8282928466797,924.2843627929688,671.8074340820312
782,0,0.8968327641487122,948.1589965820312,205.76866149902344,1113.720703125,668.3167114257812
782,0,0.7686920762062073,670.6433715820312,194.93661499023438,798.2789306640625,639.404541015625
782,0,0.6206465363502502,554.5357055664062,242.93902587890625,657.200439453125,627.0597534179688
782,0,0.8907780051231384,256.23931884765625,1.0649876594543457,580.9013671875,947.532958984375
783,0,0.9077792167663574,0.0,2.5072333812713623,272.9518127441406,1030.7218017578125
783,0,0.846963107585907,1063.7879638671875,184.993896484375,1218.879150390625,657.5573120117188
783,0,0.8400753736495972,785.8207397460938,150.04127502441406,920.0925903320312,670.7908935546875
783,0,0.8776212334632874,946.0380859375,205.76531982421875,1114.7960205078125,683.085693359375
783,0,0.7868148684501648,674.5615234375,194.29579162597656,797.6077270507812,638.9851684570312
783,0,0.6233698129653931,547.634033203125,242.8380584716797,646.313232421875,629.1810913085938
783,0,0.9043526649475098,228.92808532714844,1.6970975399017334,589.2880249023438,967.873779296875
784,0,0.8936851620674133,0.0,0.14179867506027222,236.5813446044922,1031.3037109375
784,0,0.8638308048248291,1067.2139892578125,182.39553833007812,1226.6966552734375,658.5504150390625
784,0,0.8349790573120117,784.445068359375,145.4486846923828,920.4745483398438,664.8811645507812
784,0,0.8752248287200928,945.5125122070312,206.2104949951172,1116.345703125,686.1444702148438
784,0,0.8065484762191772,678.0039672851562,193.28065490722656,798.564208984375,639.7097778320312
784,0,0.6756572723388672,537.0372314453125,240.32969665527344,642.1813354492188,626.1824340820312
784,0,0.9175641536712646,216.64442443847656,1.0542792081832886,586.2509765625,973.3839721679688
785,0,0.8939526081085205,0.0,1.4824360609054565,218.16395568847656,1033.0538330078125
785,0,0.8471406102180481,1069.914794921875,180.2227783203125,1232.4893798828125,660.1415405273438
785,0,0.8388838768005371,785.6551513671875,141.41531372070312,921.87646484375,663.5696411132812
785,0,0.8849356770515442,944.5789794921875,205.19602966308594,1118.2353515625,685.0369262695312
785,0,0.8140590786933899,679.787109375,190.6781768798828,799.2320556640625,641.0158081054688
785,0,0.6860449910163879,505.2127990722656,235.99266052246094,635.3471069335938,631.8307495117188
785,0,0.9141620397567749,204.75039672851562,3.5377163887023926,562.2351684570312,982.825439453125
786,0,0.8689919710159302,0.0,2.9551517963409424,207.68592834472656,1031.569580078125
786,0,0.8578943610191345,1069.134033203125,176.06675720214844,1238.48388671875,664.4985961914062
786,0,0.8388617038726807,786.9419555664062,143.6747283935547,924.2379760742188,664.8228759765625
786,0,0.8748400211334229,947.5267944335938,202.23526000976562,1121.0762939453125,692.514404296875
786,0,0.8288986086845398,681.0570678710938,191.1158447265625,798.9779052734375,638.8870239257812
786,0,0.6497118473052979,497.6247863769531,233.0387725830078,631.8878784179688,632.8053588867188
786,0,0.917273759841919,193.52305603027344,3.605665683746338,553.8870849609375,996.1612548828125
787,0,0.8617662787437439,0.04748665913939476,43.20068359375,192.8758087158203,1039.5594482421875
787,0,0.8350625038146973,1071.9854736328125,173.7493133544922,1247.1004638671875,674.0814208984375
787,0,0.8490808606147766,788.8855590820312,146.9800567626953,924.68505859375,669.0322265625
787,0,0.8648729920387268,946.341552734375,209.14881896972656,1129.1005859375,704.6080322265625
787,0,0.79743492603302,681.1915283203125,193.58892822265625,793.7064819335938,639.7305908203125
787,0,0.637141227722168,494.123046875,232.68299865722656,627.6358642578125,637.4898681640625
787,0,0.9058502316474915,182.81100463867188,3.921576738357544,552.5936889648438,1007.4395751953125
788,0,0.8723565936088562,0.0,58.001644134521484,176.80667114257812,1049.6893310546875
788,0,0.8677875399589539,1077.3446044921875,169.8936767578125,1253.8072509765625,679.635498046875
788,0,0.832813560962677,787.3385009765625,148.70980834960938,925.1377563476562,673.7024536132812
788,0,0.8660957217216492,938.974609375,207.34713745117188,1135.812744140625,712.11279296875
788,0,0.7699298858642578,682.4791259765625,194.46051025390625,797.192138671875,646.3655395507812
788,0,0.3883536458015442,481.5884704589844,232.51092529296875,613.8782958984375,642.3692626953125
788,0,0.9075891971588135,172.50523376464844,3.011085271835327,543.760986328125,1018.1908569335938
788,0,0.7611626982688904,602.6113891601562,249.24891662597656,714.115966796875,629.0223388671875
789,0,0.8665475845336914,0.0,76.16368103027344,155.81675720214844,1056.63330078125
789,0,0.8227329850196838,1082.7291259765625,169.19122314453125,1255.8037109375,681.7236328125
789,0,0.8397737741470337,789.5658569335938,148.39410400390625,928.5526123046875,667.9430541992188
789,0,0.8591899871826172,949.4948120117188,202.4551239013672,1145.652587890625,715.6767578125
789,0,0.754505455493927,686.223388671875,192.2638397216797,804.7294311523438,647.990478515625
789,0,0.569398045539856,510.52227783203125,230.89402770996094,615.13037109375,620.6690063476562
789,0,0.9105245471000671,155.84950256347656,5.424897193908691,543.9048461914062,1031.86669921875
789,0,0.7500694990158081,594.1251831054688,246.69607543945312,724.3209838867188,634.30322265625
790,0,0.7796193957328796,0.0,83.97139739990234,145.457275390625,1065.6556396484375
790,0,0.8631266355514526,1090.8170166015625,172.57325744628906,1270.1802978515625,695.30712890625
790,0,0.8187338709831238,798.783203125,152.8477325439453,935.594482421875,671.0524291992188
790,0,0.8734334111213684,954.2781982421875,201.80413818359375,1159.7000732421875,724.373046875
790,0,0.7866317629814148,692.1011352539062,193.6361541748047,814.6115112304688,659.2490844726562
790,0,0.6291690468788147,516.9170532226562,233.35031127929688,619.3145141601562,611.6915893554688
790,0,0.9211158752441406,144.24114990234375,3.91214919090271,544.1416625976562,1037.1202392578125
790,0,0.7687490582466125,597.6656494140625,254.15054321289062,725.6492919921875,641.573486328125
791,0,0.6380103826522827,0.2358061671257019,93.4498291015625,125.20396423339844,1070.4051513671875
791,0,0.8292330503463745,1100.11474609375,169.24462890625,1274.039794921875,688.3692016601562
791,0,0.8174816966056824,811.834228515625,156.41513061523438,940.1033325195312,679.3733520507812
791,0,0.8417307734489441,965.0042114257812,202.06629943847656,1171.1375732421875,729.4354858398438
791,0,0.8202898502349854,697.421630859375,196.74510192871094,825.2875366210938,659.4893798828125
791,0,0.6017168760299683,517.6134033203125,233.84803771972656,621.9857788085938,601.889892578125
791,0,0.8894392848014832,158.9263458251953,4.50327205657959,554.7078857421875,1047.4998779296875
791,0,0.7689203023910522,595.3054809570312,258.6600646972656,731.6910400390625,644.8995361328125
792,0,0.3764880299568176,0.18617916107177734,110.32732391357422,109.04432678222656,1064.818115234375
792,0,0.8412099480628967,1113.712646484375,166.11215209960938,1283.384521484375,689.7540283203125
792,0,0.8440285921096802,816.1507568359375,154.43125915527344,950.2679443359375,682.9011840820312
792,0,0.862027645111084,960.9200439453125,191.65740966796875,1189.0811767578125,727.642822265625
792,0,0.8503756523132324,704.3502197265625,198.4362030029297,833.3471069335938,651.0450439453125
792,0,0.5718061923980713,517.44384765625,233.79873657226562,625.1320190429688,606.671875
792,0,0.9149709939956665,121.01493072509766,3.550957441329956,580.325439453125,1055.912353515625
792,0,0.7843573689460754,580.5733032226562,253.20285034179688,743.8649291992188,648.5743408203125
793,0,0.34215453267097473,0.29303401708602905,124.36223602294922,97.92999267578125,1057.73193359375
793,0,0.8404432535171509,1124.2984619140625,162.23985290527344,1291.429931640625,698.4727172851562
793,0,0.8570606708526611,830.36328125,155.14102172851562,960.76806640625,687.6621704101562
793,0,0.8596200942993164,980.7701416015625,185.99732971191406,1207.22705078125,733.94970703125
793,0,0.8715893030166626,713.5402221679688,195.4344940185547,845.663330078125,647.945068359375
793,0,0.615718424320221,520.2371215820312,233.93572998046875,627.9027099609375,596.3677368164062
793,0,0.9299091100692749,102.72534942626953,1.223047137260437,589.0872802734375,1067.6064453125
793,0,0.8175234198570251,609.066650390625,250.8504638671875,739.6323852539062,648.7229614257812
794,0,0.8159967064857483,1139.1082763671875,161.0405731201172,1299.4534912109375,702.522705078125
794,0,0.8856916427612305,838.5362548828125,158.34619140625,972.672607421875,689.68115234375
794,0,0.895514726638794,987.26953125,184.30294799804688,1222.155029296875,737.7789306640625
794,0,0.8166632652282715,717.9527587890625,200.5967254638672,852.4380493164062,656.2750244140625
794,0,0.5758348107337952,521.730224609375,233.31097412109375,632.028076171875,642.7275390625
794,0,0.9413684606552124,83.64671325683594,2.7001657485961914,591.9088134765625,1077.56591796875
794,0,0.7921910881996155,612.4713134765625,251.66159057617188,753.6310424804688,655.2015380859375
795,0,0.8130783438682556,1155.719482421875,163.02581787109375,1309.9510498046875,717.067626953125
795,0,0.825358510017395,847.0186157226562,163.63357543945312,986.2703247070312,697.3403930664062
795,0,0.8891116380691528,997.1904907226562,181.755126953125,1235.8753662109375,745.1058959960938
795,0,0.8231522440910339,731.1386108398438,196.57266235351562,864.1155395507812,654.5725708007812
795,0,0.7064712047576904,530.235107421875,236.87168884277344,641.9243774414062,639.605712890625
795,0,0.9391120672225952,64.43610382080078,3.992872714996338,605.2861938476562,1073.1710205078125
795,0,0.8118590712547302,625.6604614257812,261.0382385253906,757.6620483398438,652.2479858398438
795,0,0.343190997838974,0.0,180.52899169921875,82.02266693115234,1049.5517578125
796,0,0.8399620652198792,1171.3726806640625,163.44778442382812,1321.7127685546875,740.9266357421875
796,0,0.8218163847923279,858.598876953125,169.5890655517578,993.8167724609375,706.1066284179688
796,0,0.8903354406356812,1001.0892944335938,181.7581329345703,1244.0908203125,753.5472412109375
796,0,0.8292173147201538,742.9059448242188,204.6661376953125,873.6951293945312,658.5702514648438
796,0,0.6362920999526978,531.812255859375,241.3974609375,645.9384155273438,630.20849609375
796,0,0.9324703812599182,40.887939453125,3.8445682525634766,609.3424682617188,1068.9642333984375
796,0,0.8080389499664307,627.80078125,261.6808166503906,758.2012939453125,659.06640625
797,0,0.8337885141372681,1177.20751953125,169.92189025878906,1338.1029052734375,752.3057861328125
797,0,0.8409594297409058,865.663818359375,176.6551513671875,995.9827270507812,707.1893310546875
797,0,0.8932284116744995,1001.6978149414062,177.71237182617188,1259.93115234375,772.380615234375
797,0,0.8322574496269226,747.4556884765625,212.01634216308594,879.895263671875,660.1927490234375
797,0,0.7075029015541077,532.2036743164062,245.09478759765625,648.6036987304688,586.7359008789062
797,0,0.925803542137146,11.521644592285156,2.141634702682495,614.481689453125,1063.7596435546875
797,0,0.7913810014724731,625.5386352539062,263.04632568359375,760.7398071289062,667.9320678710938
798,0,0.7939633727073669,1189.1866455078125,166.67677307128906,1352.94677734375,769.404296875
798,0,0.839377760887146,867.0611572265625,181.31973266601562,1001.8422241210938,712.7789916992188
798,0,0.8828972578048706,1002.5902099609375,177.5065460205078,1270.3389892578125,791.45751953125
798,0,0.8624085187911987,751.9154052734375,215.1398468017578,884.3070678710938,662.6705932617188
798,0,0.6641866564750671,531.5260620117188,246.37876892089844,654.4002685546875,593.9080810546875
798,0,0.946146547794342,1.0259709358215332,1.9409239292144775,626.3521118164062,1063.2872314453125
798,0,0.8222625255584717,632.4400634765625,265.3434143066406,760.7674560546875,672.9791259765625
799,0,0.7507637739181519,1198.2353515625,167.0043182373047,1361.382568359375,781.912841796875
799,0,0.8588345646858215,873.2685546875,184.5603790283203,1005.3506469726562,717.12255859375
799,0,0.8435189723968506,1013.3858032226562,188.85867309570312,1281.5321044921875,811.1575317382812
799,0,0.8578107953071594,754.4385986328125,219.4138946533203,892.0570068359375,663.8151245117188
799,0,0.583968997001648,529.119384765625,250.03988647460938,658.3096313476562,590.37548828125
799,0,0.9446940422058105,0.2088714838027954,2.040092945098877,634.1415405273438,1065.4327392578125
799,0,0.8292136192321777,631.794189453125,266.963623046875,763.2982177734375,678.3390502929688
800,0,0.7607952952384949,1203.7733154296875,168.77313232421875,1363.865234375,789.5514526367188
800,0,0.8510078191757202,879.9005126953125,188.47689819335938,1013.8045654296875,719.4337768554688
800,0,0.8324223756790161,1018.0281372070312,189.50701904296875,1291.0390625,819.888427734375
800,0,0.8559343218803406,761.70263671875,225.9274139404297,893.883056640625,672.7553100585938
800,0,0.6194503903388977,527.9666748046875,251.1455078125,658.0803833007812,598.4695434570312
800,0,0.9196341037750244,0.0,2.6573617458343506,644.3173217773438,1072.3135986328125
800,0,0.8092412948608398,628.5601806640625,271.0165100097656,764.1983642578125,683.2057495117188
801,0,0.7869274616241455,1207.7061767578125,164.24851989746094,1380.7005615234375,789.6013793945312
801,0,0.8538252115249634,883.812744140625,188.78587341308594,1022.1337890625,731.0510864257812
801,0,0.8509510159492493,1004.2819213867188,195.38546752929688,1296.7569580078125,837.5716552734375
801,0,0.8571726679801941,773.5206298828125,227.6516571044922,896.521484375,672.1840209960938
801,0,0.65687495470047,527.2447509765625,254.45504760742188,658.2526245117188,602.7417602539062
801,0,0.8864371180534363,0.26194483041763306,2.7736096382141113,653.8036499023438,1069.1168212890625
801,0,0.8297268152236938,627.8193359375,273.29632568359375,765.6303100585938,689.0161743164062
802,0,0.8097871541976929,1219.98388671875,169.2003631591797,1396.5205078125,814.395751953125
802,0,0.863625168800354,886.7816772460938,189.04335021972656,1027.225830078125,732.436767578125
802,0,0.8946930170059204,999.625244140625,189.78147888183594,1305.5345458984375,846.3643188476562
802,0,0.8505619168281555,782.75244140625,229.609130859375,898.9588623046875,670.1875610351562
802,0,0.7145001888275146,529.0478515625,257.1410827636719,659.7982788085938,593.84765625
802,0,0.8917881846427917,0.0,1.584123134613037,636.7601928710938,1072.0172119140625
802,0,0.8232561349868774,633.3151245117188,275.1839294433594,767.985595703125,695.6045532226562
803,0,0.8764278888702393,1227.731689453125,163.86181640625,1414.0748291015625,817.4397583007812
803,0,0.8662787079811096,888.3816528320312,187.34605407714844,1031.7734375,733.8134155273438
803,0,0.8907492756843567,998.0175170898438,191.2034149169922,1314.1435546875,858.8460083007812
803,0,0.8589328527450562,787.008544921875,228.5516357421875,902.7450561523438,668.1866455078125
803,0,0.7034809589385986,528.576904296875,256.1548156738281,666.0536499023438,575.3306884765625
803,0,0.7886280417442322,0.0,0.0,485.3800964355469,1070.90380859375
803,0,0.8296995759010315,637.6212158203125,274.07525634765625,769.6318359375,700.4723510742188
804,0,0.8789204359054565,1236.3427734375,160.95265197753906,1429.0828857421875,821.2076416015625
804,0,0.806740403175354,894.1888427734375,187.3485870361328,1033.091064453125,722.3818359375
804,0,0.8911960124969482,1003.7750244140625,191.3667755126953,1327.0758056640625,870.856689453125
804,0,0.8419480323791504,790.3150634765625,228.7928009033203,910.5853271484375,669.2890625
804,0,0.721924364566803,527.6290283203125,254.84310913085938,669.266845703125,567.7411499023438
804,0,0.8456723690032959,0.0,0.0,576.7862548828125,1066.8646240234375
804,0,0.8401849865913391,640.7400512695312,272.7782897949219,771.63818359375,704.8893432617188
805,0,0.8983551859855652,1251.9774169921875,151.04376220703125,1445.130615234375,826.8599853515625
805,0,0.7870917320251465,898.4812622070312,184.96044921875,1036.558837890625,723.5038452148438
805,0,0.9053325057029724,1007.9129028320312,177.4571990966797,1335.343994140625,883.1511840820312
805,0,0.8554846048355103,793.5004272460938,226.16836547851562,916.7879638671875,674.242431640625
805,0,0.6974238157272339,524.5991821289062,253.92185974121094,670.9217529296875,569.0782470703125
805,0,0.8854962587356567,0.1613611876964569,0.5051702260971069,586.2501831054688,1066.7320556640625
805,0,0.8512446880340576,648.4310913085938,272.5370788574219,772.7543334960938,708.6154174804688
806,0,0.8975130915641785,1262.57080078125,144.79867553710938,1462.51220703125,831.53662109375
806,0,0.802985668182373,902.356689453125,182.56834411621094,1040.708740234375,718.2418823242188
806,0,0.9002450108528137,1025.7095947265625,179.6514434814453,1341.220458984375,888.4503173828125
806,0,0.8310372233390808,795.355712890625,226.11074829101562,919.6481323242188,672.0015258789062
806,0,0.7697871327400208,518.0812377929688,251.77142333984375,673.2498779296875,570.8897705078125
806,0,0.896219789981842,0.12616927921772003,1.8861197233200073,566.9231567382812,1067.015380859375
806,0,0.836524248123169,652.467041015625,273.4018249511719,776.8060302734375,710.2885131835938
807,0,0.9000067114830017,1266.8634033203125,140.69898986816406,1484.00390625,839.1546630859375
807,0,0.7972543239593506,908.0911254882812,182.36029052734375,1041.78076171875,711.4518432617188
807,0,0.9039652943611145,1030.591552734375,166.44631958007812,1350.1689453125,894.4804077148438
807,0,0.8334963917732239,798.5464477539062,226.21337890625,920.923095703125,668.1715698242188
807,0,0.7241796851158142,508.08746337890625,247.71640014648438,674.357666015625,581.2109985351562
807,0,0.9118671417236328,0.0,2.7106831073760986,540.7036743164062,1066.8250732421875
807,0,0.8455281853675842,652.59912109375,272.6963806152344,779.3760986328125,718.6678466796875
808,0,0.9022011160850525,1274.5118408203125,129.67794799804688,1502.336669921875,842.9121704101562
808,0,0.8338701725006104,909.88427734375,180.00473022460938,1047.942138671875,703.645751953125
808,0,0.9185241460800171,1039.238525390625,156.1459197998047,1358.3087158203125,901.0587158203125
808,0,0.8337583541870117,799.4788208007812,224.14749145507812,923.4049072265625,664.3349609375
808,0,0.6964911818504333,505.3124694824219,242.15501403808594,678.8809204101562,620.5582275390625
808,0,0.9218426942825317,0.13086174428462982,2.9939935207366943,516.4882202148438,1066.1295166015625
808,0,0.8076938390731812,654.2816162109375,270.86053466796875,781.5446166992188,718.9561767578125
809,0,0.9082260131835938,1281.8497314453125,120.14507293701172,1519.7125244140625,844.2937622070312
809,0,0.8417937159538269,910.257080078125,177.77276611328125,1050.3365478515625,704.0765380859375
809,0,0.9101622700691223,1046.7919921875,148.89137268066406,1366.985595703125,906.6515502929688
809,0,0.8236427903175354,800.8901977539062,223.7838592529297,924.1179809570312,665.4078979492188
809,0,0.7776909470558167,503.4869384765625,235.03074645996094,677.4591674804688,705.2070922851562
809,0,0.9086654782295227,0.023832041770219803,4.174508094787598,493.830078125,1067.1611328125
809,0,0.794833779335022,653.9302978515625,270.2136535644531,783.8189086914062,722.22412109375
810,0,0.8965300917625427,1290.05322265625,118.63824462890625,1536.9840087890625,858.0009765625
810,0,0.8557910919189453,910.4392700195312,180.01377868652344,1052.0946044921875,704.6145629882812
810,0,0.8969854712486267,1058.211181640625,145.1335906982422,1376.5255126953125,915.1238403320312
810,0,0.8354964256286621,801.0428466796875,226.19053649902344,925.8942260742188,669.5553588867188
810,0,0.8491526246070862,502.2064208984375,234.259765625,671.271484375,737.9647216796875
810,0,0.8573218584060669,0.3074503242969513,9.183661460876465,456.36663818359375,1064.8037109375
810,0,0.8271594047546387,655.7963256835938,270.9485168457031,782.7786254882812,728.2648315429688
811,0,0.8652907609939575,1297.3624267578125,113.11260986328125,1555.28369140625,878.8507690429688
811,0,0.8486911654472351,910.0536499023438,178.04641723632812,1053.3026123046875,704.3363037109375
811,0,0.8790336847305298,1067.46142578125,134.40496826171875,1382.3651123046875,924.744384765625
811,0,0.8470883965492249,798.2037963867188,223.56033325195312,924.0094604492188,666.7685546875
811,0,0.8728929758071899,501.8408203125,230.32069396972656,669.5009155273438,747.4161376953125
811,0,0.8350601196289062,0.0,3.4366300106048584,397.128662109375,1064.8155517578125
811,0,0.816794216632843,649.8574829101562,270.2633056640625,786.7117309570312,723.8717651367188
812,0,0.8585594892501831,1303.18310546875,106.8345718383789,1564.1036376953125,903.3930053710938
812,0,0.8573328852653503,909.9481811523438,176.40016174316406,1056.1656494140625,701.0364379882812
812,0,0.8868914842605591,1074.40576171875,123.53961944580078,1389.287353515625,923.4270629882812
812,0,0.8581753373146057,794.751220703125,220.28819274902344,925.0234985351562,668.31298828125
812,0,0.8548194169998169,499.1593017578125,227.19664001464844,667.0736083984375,750.9214477539062
812,0,0.7775169014930725,0.0,0.7908182144165039,350.94537353515625,1058.2945556640625
812,0,0.7922371029853821,643.0572509765625,266.6481628417969,791.2552490234375,733.6331176757812
813,0,0.8772090673446655,1311.701416015625,104.54313659667969,1577.2496337890625,916.0773315429688
813,0,0.8580321669578552,910.3382568359375,175.1139678955078,1054.207275390625,702.8270874023438
813,0,0.8854867219924927,1095.3006591796875,122.3162612915039,1398.505859375,947.14306640625
813,0,0.8594072461128235,792.7123413085938,217.8724822998047,921.7835083007812,668.2291259765625
813,0,0.8578526973724365,497.80743408203125,219.92225646972656,663.79833984375,753.4285888671875
813,0,0.774061381816864,0.15824590623378754,1.5446422100067139,329.3377380371094,1051.5977783203125
813,0,0.7792252898216248,639.8588256835938,261.1871337890625,791.3949584960938,737.026123046875
814,0,0.8811642527580261,1317.7940673828125,104.32041931152344,1588.861572265625,921.6251220703125
814,0,0.8562421798706055,908.5820922851562,175.4459991455078,1054.819580078125,704.1771850585938
814,0,0.8667216300964355,1100.6690673828125,115.92407989501953,1403.732666015625,985.9761962890625
814,0,0.8537914156913757,790.0098266601562,218.69349670410156,920.0558471679688,668.0106811523438
814,0,0.867263674736023,492.73614501953125,220.20530700683594,660.5811767578125,759.0866088867188
814,0,0.8626030683517456,0.0,5.689071178436279,239.6595001220703,1056.3717041015625
814,0,0.7908230423927307,638.6656494140625,257.3330078125,791.1825561523438,736.2709350585938
814,0,0.9048676490783691,256.0008544921875,55.803672790527344,502.7976379394531,879.2874755859375
815,0,0.8962770104408264,1319.14208984375,103.61475372314453,1598.69677734375,939.5338745117188
815,0,0.850753128528595,906.9066162109375,176.62855529785156,1054.709228515625,704.149169921875
815,0,0.8658211827278137,1112.838134765625,109.7602767944336,1416.718017578125,1032.7127685546875
815,0,0.8608158230781555,785.9185791015625,219.3292999267578,918.960205078125,669.2340087890625
815,0,0.8285526633262634,482.6142272949219,221.0747833251953,655.9798583984375,768.548828125
815,0,0.8129149079322815,636.0466918945312,255.2805938720703,791.048828125,743.4197998046875
815,0,0.8913658261299133,216.8751983642578,42.5821418762207,493.33050537109375,888.6265869140625
816,0,0.8768864274024963,1329.380126953125,100.29586029052734,1611.137451171875,974.6220092773438
816,0,0.847632110118866,906.7465209960938,177.9386444091797,1054.091552734375,701.5532836914062
816,0,0.8686943650245667,1117.64306640625,107.26631164550781,1420.154541015625,1046.671630859375
816,0,0.84190833568573,782.6629028320312,219.4566650390625,917.7973022460938,669.1246948242188
816,0,0.8429882526397705,477.669921875,220.7523651123047,648.9414672851562,768.1262817382812
816,0,0.8444584012031555,636.6409912109375,251.0924835205078,787.7138061523438,749.9176635742188
816,0,0.9016999006271362,205.23422241210938,35.19956588745117,489.0107727050781,897.6807250976562
817,0,0.8793789148330688,1331.5191650390625,93.76453399658203,1625.3836669921875,990.0037231445312
817,0,0.8323901295661926,905.4642333984375,178.0634002685547,1052.411865234375,700.8388671875
817,0,0.8667559623718262,1120.5758056640625,101.32230377197266,1429.973388671875,1041.6273193359375
817,0,0.8311113715171814,781.896484375,220.58966064453125,915.3385009765625,670.669921875
817,0,0.8392401933670044,452.81396484375,218.9239044189453,646.7472534179688,777.263427734375
817,0,0.8476324677467346,633.0379638671875,249.18060302734375,783.6045532226562,752.2102661132812
817,0,0.9015206098556519,194.85421752929688,30.11369514465332,485.03790283203125,925.0692138671875
818,0,0.8736805319786072,1333.3314208984375,80.80767822265625,1637.6806640625,997.2582397460938
818,0,0.8297426104545593,903.0029907226562,179.05860900878906,1050.5555419921875,704.183349609375
818,0,0.9002951383590698,1124.7762451171875,104.66222381591797,1437.9227294921875,1061.529296875
818,0,0.8226209282875061,778.6857299804688,220.45120239257812,909.2843627929688,668.986572265625
818,0,0.8515284061431885,438.9328918457031,218.56787109375,639.4916381835938,781.5563354492188
818,0,0.8343667984008789,625.480224609375,245.5230255126953,780.7254028320312,756.4827880859375
818,0,0.9123312830924988,180.8175048828125,22.873178482055664,478.397705078125,956.1619873046875
819,0,0.7646036148071289,1332.38623046875,65.9737777709961,1649.1827392578125,994.7927856445312
819,0,0.8312873840332031,901.7943115234375,179.16860961914062,1046.2843017578125,708.1290283203125
819,0,0.8908382058143616,1129.4307861328125,103.9091567993164,1446.456298828125,1073.8411865234375
819,0,0.8269006013870239,773.0053100585938,222.0897216796875,906.1726684570312,670.6263427734375
819,0,0.8771241307258606,430.4809265136719,217.16969299316406,631.9111328125,785.0556030273438
819,0,0.8506683111190796,622.6890869140625,242.79107666015625,785.6118774414062,759.0370483398438
819,0,0.9124636054039001,169.89093017578125,16.331178665161133,471.5483703613281,987.149658203125
820,0,0.8234529495239258,1341.5830078125,54.54462432861328,1659.8448486328125,997.9713745117188
820,0,0.8303185701370239,901.3255615234375,179.7144012451172,1045.3843994140625,708.3861083984375
820,0,0.9108058214187622,1133.0460205078125,96.56458282470703,1462.21337890625,1069.13720703125
820,0,0.8480730652809143,762.6717529296875,222.5524444580078,906.6857299804688,670.15380859375
820,0,0.8740248084068298,425.14471435546875,216.2350616455078,626.2230834960938,792.38232421875
820,0,0.861234188079834,619.507080078125,237.76651000976562,790.8482055664062,760.467041015625
820,0,0.9076009392738342,158.33718872070312,10.291534423828125,466.4543151855469,1006.8334350585938
821,0,0.8611190915107727,1348.665771484375,40.56981658935547,1668.4378662109375,962.66015625
821,0,0.8474701642990112,898.94482421875,179.67832946777344,1044.73779296875,712.3897094726562
821,0,0.9168959856033325,1142.197998046875,78.72222137451172,1478.96337890625,1076.245849609375
821,0,0.8754329681396484,762.6273193359375,222.19949340820312,903.5601196289062,670.572998046875
821,0,0.8249961733818054,415.0901184082031,216.58291625976562,618.2119750976562,803.0494384765625
821,0,0.861090362071991,611.5565185546875,239.96336364746094,789.8048706054688,764.9772338867188
821,0,0.9120854735374451,143.12786865234375,5.828526973724365,461.8184509277344,1014.5400390625
822,0,0.868063747882843,1363.364013671875,26.01121711730957,1677.430908203125,981.8812255859375
822,0,0.849881112575531,898.5669555664062,180.8065643310547,1045.1763916015625,701.3890991210938
822,0,0.9021580815315247,1143.3990478515625,63.45137405395508,1497.1070556640625,1077.25732421875
822,0,0.8641878962516785,753.8851928710938,218.66131591796875,901.227294921875,670.5198974609375
822,0,0.8229498863220215,409.24578857421875,211.6549530029297,614.5809936523438,811.245361328125
822,0,0.8624979853630066,604.8505249023438,235.55816650390625,788.9109497070312,770.9541625976562
822,0,0.903849184513092,129.49822998046875,2.1763246059417725,453.5753173828125,1031.1737060546875
822,0,0.8134810328483582,1051.7318115234375,296.1820373535156,1152.60693359375,564.0616455078125
823,0,0.8687485456466675,1384.391845703125,6.023009300231934,1685.13134765625,976.5260009765625
823,0,0.8616830706596375,900.0151977539062,180.60610961914062,1048.7469482421875,698.8197631835938
823,0,0.9049732685089111,1142.0498046875,46.98004150390625,1523.595458984375,1072.1224365234375
823,0,0.8636612892150879,751.3494873046875,216.88099670410156,904.64501953125,669.7160034179688
823,0,0.8167567253112793,406.3814697265625,208.31190490722656,605.8857421875,818.712158203125
823,0,0.8575709462165833,601.6280517578125,231.42405700683594,787.5569458007812,772.2869873046875
823,0,0.8969401121139526,117.90735626220703,0.15651462972164154,448.0216979980469,1051.6180419921875
823,0,0.8294092416763306,1060.61181640625,297.1745300292969,1158.08251953125,559.5126342773438
824,0,0.8579337000846863,1398.719970703125,4.0330986976623535,1695.93603515625,1026.27978515625
824,0,0.870343029499054,901.4475708007812,179.63961791992188,1052.4132080078125,706.1806030273438
824,0,0.903980016708374,1138.631103515625,28.075942993164062,1541.432373046875,1070.81787109375
824,0,0.8600213527679443,751.1116943359375,215.18017578125,903.4042358398438,666.231689453125
824,0,0.8104293942451477,403.48223876953125,202.42189025878906,601.7946166992188,825.9115600585938
824,0,0.8545050621032715,599.8236083984375,228.65692138671875,790.5213012695312,786.1146240234375
824,0,0.893298864364624,106.2248764038086,1.0630828142166138,438.4118347167969,1047.2015380859375
824,0,0.8196127414703369,1059.2353515625,297.2091064453125,1161.0902099609375,560.95166015625
825,0,0.86183762550354,1411.095703125,1.539527177810669,1702.6304931640625,1044.197998046875
825,0,0.876377284526825,903.0957641601562,177.2963409423828,1056.4290771484375,702.7498168945312
825,0,0.9334794878959656,1133.408203125,13.717974662780762,1570.022705078125,1074.598876953125
825,0,0.8612161874771118,751.1123657226562,212.80381774902344,902.9542236328125,662.7935791015625
825,0,0.7698902487754822,400.133056640625,199.45916748046875,603.459716796875,833.634521484375
825,0,0.863007664680481,595.4706420898438,228.67855834960938,791.029296875,795.3436279296875
825,0,0.8906210064888,84.83363342285156,0.6265600919723511,431.6590270996094,1046.3533935546875
825,0,0.8010109663009644,1057.675048828125,297.1012268066406,1164.1309814453125,562.3140869140625
826,0,0.8574974536895752,1436.1793212890625,0.0,1717.286865234375,1064.3248291015625
826,0,0.895756185054779,900.8771362304688,175.14096069335938,1060.048583984375,703.32470703125
826,0,0.9342116713523865,1128.4197998046875,4.6399431228637695,1607.487060546875,1072.225341796875
826,0,0.8585726618766785,750.0668334960938,210.94056701660156,902.2931518554688,662.0341186523438
826,0,0.7852751016616821,394.2477111816406,197.84889221191406,598.6031494140625,839.7412719726562
826,0,0.8718495965003967,594.1256713867188,228.89622497558594,789.9119873046875,800.7632446289062
826,0,0.9023182392120361,69.92041778564453,1.6139713525772095,426.716796875,1062.6494140625
826,0,0.7929545044898987,1058.5443115234375,297.4960632324219,1169.2210693359375,559.5599975585938
827,0,0.7916823625564575,1460.6654052734375,0.6601138114929199,1736.42431640625,1071.5347900390625
827,0,0.9104489684104919,897.150390625,172.5887451171875,1067.5361328125,697.4512329101562
827,0,0.9419252276420593,1125.3856201171875,2.6435675621032715,1648.8360595703125,1070.133544921875
827,0,0.8471637964248657,750.2281494140625,209.97528076171875,904.9515991210938,664.7125244140625
827,0,0.7781739830970764,390.01910400390625,193.03826904296875,593.8487548828125,839.5831909179688
827,0,0.8411723971366882,587.204833984375,232.41006469726562,790.597900390625,818.4374389648438
827,0,0.911293625831604,53.962257385253906,0.04683792218565941,416.75640869140625,1059.962158203125
827,0,0.7851048111915588,1065.1722412109375,295.0969543457031,1167.1685791015625,562.7892456054688
828,0,0.7914432287216187,1488.867919921875,0.0,1753.9996337890625,1065.1700439453125
828,0,0.8829434514045715,904.7083740234375,175.30787658691406,1073.6312255859375,694.0614624023438
828,0,0.928722620010376,1126.267822265625,1.6146984100341797,1705.4337158203125,1068.2506103515625
828,0,0.8234423398971558,749.6480712890625,208.8631134033203,912.406982421875,683.398681640625
828,0,0.7548259496688843,389.4949645996094,191.40541076660156,591.0089111328125,845.6671752929688
828,0,0.8537575006484985,585.9364013671875,234.71839904785156,791.3699340820312,832.3029174804688
828,0,0.9231089949607849,44.31153106689453,1.7289981842041016,410.72772216796875,1055.089111328125
828,0,0.7729774713516235,1070.2720947265625,294.8775634765625,1175.2501220703125,564.9330444335938
829,0,0.7440492510795593,1509.5443115234375,0.06932568550109863,1782.5538330078125,1062.8123779296875
829,0,0.8586781620979309,913.1016235351562,178.00262451171875,1074.5936279296875,692.7628173828125
829,0,0.9419730305671692,1124.8128662109375,3.6893112659454346,1748.0257568359375,1065.63671875
829,0,0.8351302146911621,752.073486328125,210.2414093017578,918.9873046875,675.5845336914062
829,0,0.769054651260376,388.7243957519531,189.54476928710938,590.1778564453125,848.31298828125
829,0,0.865223228931427,587.662841796875,236.13941955566406,789.7461547851562,842.1773681640625
829,0,0.9276171326637268,28.730985641479492,2.8521084785461426,406.86767578125,1058.2332763671875
829,0,0.7352733016014099,1076.57666015625,296.6950988769531,1178.4114990234375,563.6898193359375
830,0,0.7093396186828613,1541.306640625,2.40739107131958,1818.390380859375,1062.663818359375
830,0,0.8578018546104431,919.2275390625,177.16249084472656,1082.649658203125,692.6136474609375
830,0,0.9341385364532471,1126.971923828125,4.672538757324219,1801.2156982421875,1067.9671630859375
830,0,0.8232564926147461,756.8779907226562,210.35719299316406,920.019287109375,669.9429321289062
830,0,0.7908850908279419,385.6817321777344,186.3285369873047,587.3838500976562,855.0039672851562
830,0,0.8722137212753296,585.8584594726562,233.8430633544922,790.3834228515625,848.9467163085938
830,0,0.9297395944595337,5.998324871063232,3.2594239711761475,408.94281005859375,1063.6412353515625
830,0,0.7409645915031433,1080.2310791015625,297.16253662109375,1188.3057861328125,566.7789306640625
831,0,0.734197199344635,1570.700439453125,2.166398525238037,1843.806884765625,1067.2552490234375
831,0,0.8817147016525269,918.03125,174.96624755859375,1090.5196533203125,696.9584350585938
831,0,0.9360305070877075,1123.6878662109375,1.682296872138977,1832.000732421875,1068.4332275390625
831,0,0.8621444702148438,759.4027099609375,213.76942443847656,921.6416015625,667.4168090820312
831,0,0.805188775062561,386.0799560546875,186.74234008789062,582.1853637695312,868.27197265625
831,0,0.8741699457168579,583.0851440429688,232.09201049804688,790.2169189453125,862.9144287109375
831,0,0.9476617574691772,0.0,2.1475069522857666,418.2805480957031,1072.041259765625
831,0,0.7524915337562561,1084.1446533203125,296.87896728515625,1196.5157470703125,572.264404296875
832,0,0.5942010879516602,1602.34130859375,2.5993432998657227,1888.7568359375,1063.348388671875
832,0,0.8765956163406372,916.9396362304688,172.97459411621094,1092.1732177734375,700.3385009765625
832,0,0.9526376724243164,1122.4075927734375,2.573817253112793,1881.4539794921875,1067.221435546875
832,0,0.8443142175674438,766.9188232421875,214.40570068359375,925.4810180664062,671.3836669921875
832,0,0.8183898329734802,385.3965148925781,187.0561065673828,582.060791015625,878.9904174804688
832,0,0.8827881813049316,575.6624755859375,233.01121520996094,790.144287109375,871.5988159179688
832,0,0.9460855722427368,0.03868948295712471,1.5253199338912964,424.5535583496094,1073.6351318359375
832,0,0.794101893901825,1088.968505859375,295.5723571777344,1198.8568115234375,573.13818359375
833,0,0.734839677810669,1630.5162353515625,0.0,1918.327880859375,1060.9599609375
833,0,0.8311349749565125,920.72802734375,178.0491485595703,1098.2127685546875,701.57177734375
833,0,0.9603691101074219,1121.9390869140625,4.618969917297363,1919.842041015625,1066.5745849609375
833,0,0.8668243885040283,769.9370727539062,216.8381805419922,938.4931030273438,670.6046752929688
833,0,0.8373488783836365,380.19366455078125,188.16990661621094,583.0455322265625,896.10986328125
833,0,0.8852764368057251,577.0751953125,226.4349365234375,793.6773071289062,877.7110595703125
833,0,0.9389582276344299,0.0,2.594986915588379,428.5272216796875,1045.7969970703125
833,0,0.7242459058761597,1099.45166015625,294.5180969238281,1206.3463134765625,575.0502319335938
834,0,0.8235470056533813,929.27783203125,180.71267700195312,1101.8177490234375,704.429931640625
834,0,0.9662136435508728,1128.5443115234375,3.4375436305999756,1920.0,1065.7203369140625
834,0,0.8625434637069702,772.35791015625,220.99850463867188,940.2788696289062,673.6127319335938
834,0,0.8447832465171814,375.6534729003906,189.8209228515625,583.8798828125,907.6778564453125
834,0,0.8804979920387268,576.303466796875,222.0551300048828,798.926513671875,886.1184692382812
834,0,0.9368447065353394,0.0,0.07709603011608124,433.5078430175781,1067.50244140625
834,0,0.760692834854126,1103.165283203125,296.69354248046875,1210.09033203125,578.748046875
835,0,0.8415038585662842,940.2730712890625,180.2221221923828,1111.0673828125,706.69970703125
835,0,0.9541391134262085,1144.706787109375,3.0575599670410156,1920.0,1067.159423828125
835,0,0.8467428088188171,781.5541381835938,222.49609375,947.33544921875,679.0946044921875
835,0,0.8341519236564636,373.5050964355469,189.5988006591797,583.8189086914062,914.6671142578125
835,0,0.8806056380271912,568.452392578125,219.69862365722656,805.5547485351562,891.5925903320312
835,0,0.9321718811988831,0.0,0.0,434.56207275390625,1067.98779296875
835,0,0.7147060632705688,1111.4932861328125,298.8985595703125,1217.100341796875,582.3970336914062
835,0,0.3535785675048828,1685.13671875,3.9416706562042236,1920.0,1065.6500244140625
836,0,0.8286553025245667,946.3134765625,182.81875610351562,1113.7772216796875,705.3259887695312
836,0,0.9620700478553772,1158.574951171875,3.811983346939087,1920.0,1067.040771484375
836,0,0.8280064463615417,785.9725952148438,221.02833557128906,955.7537231445312,681.8197631835938
836,0,0.8504924774169922,369.04119873046875,188.47750854492188,589.7276611328125,924.072265625
836,0,0.8879666924476624,569.7835083007812,217.0721435546875,810.3416137695312,897.0526733398438
836,0,0.918389081954956,0.0,0.0,438.3789367675781,1065.3848876953125
836,0,0.7393006682395935,1119.285400390625,297.29119873046875,1222.4873046875,582.975830078125
837,0,0.874495267868042,958.7258911132812,184.1920166015625,1119.00341796875,706.396728515625
837,0,0.952978789806366,1210.8592529296875,3.883439540863037,1920.0,1067.6253662109375
837,0,0.8366497755050659,796.0579833984375,225.0080108642578,961.7182006835938,682.4839477539062
837,0,0.8466276526451111,363.9849853515625,186.10719299316406,592.5894165039062,935.4818725585938
837,0,0.8884682655334473,573.017333984375,215.95118713378906,812.7005004882812,899.87109375
837,0,0.9243666529655457,0.003034119261428714,0.0,440.0931701660156,1064.0198974609375
837,0,0.7415861487388611,1125.7108154296875,297.0589599609375,1226.285400390625,582.4160766601562
838,0,0.8648658394813538,967.5728759765625,184.28099060058594,1124.521728515625,708.1622314453125
838,0,0.9330027103424072,1279.4300537109375,3.4566240310668945,1920.0,1071.822265625
838,0,0.8278784155845642,804.8080444335938,223.51364135742188,967.2216796875,681.1105346679688
838,0,0.8356084227561951,366.46661376953125,183.46722412109375,593.8323974609375,957.4612426757812
838,0,0.8887597918510437,575.523193359375,209.30006408691406,822.6519775390625,901.1934814453125
838,0,0.9248611330986023,0.045416831970214844,0.0,443.4493408203125,1065.085693359375
838,0,0.7463728189468384,1126.31640625,299.52874755859375,1231.8590087890625,582.5446166992188
839,0,0.8570969700813293,964.6222534179688,184.685791015625,1130.4010009765625,711.1033325195312
839,0,0.9211435317993164,1353.4876708984375,3.0361075401306152,1919.912353515625,1064.88671875
839,0,0.8446089625358582,809.6984252929688,222.47763061523438,971.0719604492188,676.6439208984375
839,0,0.823883593082428,366.19659423828125,179.6543731689453,595.28759765625,967.930908203125
839,0,0.8903586864471436,577.1986694335938,203.87905883789062,826.2252807617188,899.94970703125
839,0,0.9365211129188538,0.0,2.9948391914367676,445.0793762207031,1062.3424072265625
839,0,0.6803038120269775,1133.601806640625,294.31781005859375,1238.7342529296875,586.0675048828125
840,0,0.8167563676834106,972.5905151367188,186.5468292236328,1132.1451416015625,709.99462890625
840,0,0.8930038809776306,1450.1329345703125,1.6513599157333374,1919.84423828125,1064.99267578125
840,0,0.8461881279945374,817.77783203125,219.64404296875,983.8671264648438,673.3975219726562
840,0,0.8321722745895386,364.87359619140625,172.43551635742188,598.8549194335938,971.44189453125
840,0,0.8834742903709412,582.2201538085938,197.61729431152344,828.5197143554688,898.2733154296875
840,0,0.9378639459609985,0.0,3.493746042251587,444.1527099609375,1061.322265625
840,0,0.7250855565071106,1151.8165283203125,293.8858337402344,1247.342041015625,586.2603759765625
841,0,0.8271988034248352,973.22119140625,188.33889770507812,1136.179443359375,709.3714599609375
841,0,0.7064633369445801,1542.6943359375,2.5412821769714355,1920.0,1060.427490234375
841,0,0.8376617431640625,824.6371459960938,216.17916870117188,991.6972045898438,671.621826171875
841,0,0.831322431564331,365.62860107421875,161.10317993164062,601.5204467773438,973.4458618164062
841,0,0.8851955533027649,588.362548828125,193.11956787109375,831.7569580078125,901.3853149414062
841,0,0.9483649134635925,0.07851921766996384,2.714123487472534,442.30517578125,1063.1085205078125
841,0,0.7408355474472046,1156.5511474609375,290.528564453125,1253.5833740234375,585.65185546875
842,0,0.8155099749565125,994.5252685546875,184.2667694091797,1140.64208984375,708.3773803710938
842,0,0.7076246738433838,1626.7657470703125,2.9319956302642822,1920.0,1068.0628662109375
842,0,0.8602657318115234,829.0952758789062,211.9582977294922,996.4885864257812,664.1356201171875
842,0,0.8256444334983826,367.1324768066406,151.04782104492188,603.8779907226562,977.4223022460938
842,0,0.8796882033348083,589.3529052734375,185.1684112548828,835.2868041992188,913.2705688476562
842,0,0.9520339369773865,0.26027822494506836,2.394883394241333,436.3878479003906,1057.423583984375
842,0,0.7248223423957825,1162.1744384765625,285.07098388671875,1259.498046875,584.124755859375
843,0,0.8471865057945251,988.747802734375,177.81277465820312,1144.4156494140625,694.2037963867188
843,0,0.8378130197525024,830.7350463867188,206.38568115234375,1004.719970703125,655.9566650390625
843,0,0.8085567951202393,356.4654541015625,138.44065856933594,605.3507080078125,992.3037109375
843,0,0.8851801753044128,597.9139404296875,175.0992431640625,842.7172241210938,935.0316162109375
843,0,0.941900908946991,0.22630548477172852,3.5193541049957275,427.0311584472656,1059.769775390625
843,0,0.753861665725708,1163.0205078125,281.33209228515625,1267.6748046875,582.6063232421875
844,0,0.8567934632301331,992.79833984375,170.2701416015625,1145.9931640625,689.1001586914062
844,0,0.8473395109176636,832.033935546875,203.2828826904297,1006.9124145507812,654.1561279296875
844,0,0.8443922400474548,339.7375183105469,129.1491241455078,604.74072265625,999.3208618164062
844,0,0.872569739818573,596.716552734375,166.73562622070312,846.8887939453125,950.1742553710938
844,0,0.9177090525627136,0.03002193197607994,4.0590739250183105,411.170166015625,1064.346435546875
844,0,0.740232527256012,1165.0172119140625,278.3188781738281,1273.98876953125,581.41552734375
844,0,0.9055140614509583,1419.595458984375,202.23118591308594,1673.1514892578125,936.7387084960938
844,0,0.44669514894485474,1753.4041748046875,2.21340274810791,1920.0,1068.518310546875
845,0,0.8491623997688293,987.92822265625,166.84266662597656,1148.7562255859375,687.5618286132812
845,0,0.8592434525489807,833.2872314453125,200.0217742919922,1003.3882446289062,652.8650512695312
845,0,0.8639714121818542,319.54522705078125,120.29066467285156,605.7005615234375,1009.4468383789062
845,0,0.8675554394721985,597.9342651367188,165.92356872558594,848.205078125,949.0239868164062
845,0,0.8047544956207275,0.0,5.275930404663086,384.84588623046875,1056.528076171875
845,0,0.7406741976737976,1165.4560546875,275.6507568359375,1276.0401611328125,578.020751953125
845,0,0.8920204639434814,1439.9144287109375,192.95889282226562,1704.136962890625,970.2277221679688
846,0,0.8366485238075256,985.1912841796875,161.4669952392578,1149.2386474609375,681.2210083007812
846,0,0.8537233471870422,834.12939453125,194.9539337158203,1002.2550659179688,650.3527221679688
846,0,0.8608923554420471,312.28118896484375,111.365234375,606.8008422851562,1005.2972412109375
846,0,0.8593705296516418,593.9589233398438,157.9751739501953,849.6851196289062,963.7050170898438
846,0,0.7655609846115112,0.0,7.907575607299805,350.6349182128906,1057.770751953125
846,0,0.6540632247924805,1177.8155517578125,270.4339294433594,1278.1851806640625,570.561279296875
846,0,0.8873148560523987,1451.119873046875,186.13743591308594,1707.19189453125,973.4259643554688
847,0,0.8448706865310669,991.2612915039062,154.97247314453125,1152.52978515625,672.529296875
847,0,0.8748782277107239,834.6849365234375,189.48370361328125,1004.993896484375,647.4749145507812
847,0,0.8719428181648254,302.6608581542969,101.31343841552734,604.0577392578125,1002.3933715820312
847,0,0.8620679974555969,586.3132934570312,148.34420776367188,848.8590087890625,977.3736572265625
847,0,0.7576685547828674,0.0,6.281620979309082,299.6014404296875,1051.5015869140625
847,0,0.7114894986152649,1177.361083984375,263.4110107421875,1281.020263671875,566.2179565429688
847,0,0.8977409601211548,1469.6358642578125,179.6781005859375,1721.5965576171875,986.4569702148438
848,0,0.8724992871284485,993.8822021484375,152.4798583984375,1152.6468505859375,667.7007446289062
848,0,0.8816096782684326,833.318115234375,187.503662109375,1004.098876953125,646.8012084960938
848,0,0.8932908177375793,293.6907043457031,96.48412322998047,596.2916259765625,1001.6449584960938
848,0,0.8640620112419128,575.4303588867188,144.4168701171875,845.3361206054688,1005.4959106445312
848,0,0.8185972571372986,0.0,4.2761406898498535,228.00259399414062,1059.62841796875
848,0,0.7448844909667969,1179.119384765625,262.26080322265625,1281.08984375,568.2608032226562
848,0,0.8922198414802551,1478.261474609375,176.5336456298828,1734.5654296875,1014.3826293945312
849,0,0.877855658531189,991.7113037109375,144.2921905517578,1150.111572265625,663.9207153320312
849,0,0.899572491645813,829.0963134765625,186.5321807861328,1001.4110107421875,645.5855712890625
849,0,0.9002654552459717,282.7303161621094,85.28239440917969,589.2394409179688,1007.9147338867188
849,0,0.8745932579040527,569.4974975585938,139.6654510498047,844.58984375,1019.1947021484375
849,0,0.7391706705093384,0.0,3.230942964553833,163.614013671875,1042.9234619140625
849,0,0.7618400454521179,1176.9908447265625,256.4449157714844,1275.14892578125,563.8792724609375
849,0,0.9008305668830872,1495.16015625,176.2000274658203,1746.0277099609375,1018.8594360351562
850,0,0.8691712617874146,989.0889892578125,136.32125854492188,1150.370849609375,660.2677612304688
850,0,0.898768961429596,830.5284423828125,183.88241577148438,999.0450439453125,637.1088256835938
850,0,0.8972920179367065,270.28125,76.09833526611328,581.6680908203125,1018.4996948242188
850,0,0.8775730133056641,568.703369140625,132.62112426757812,844.4227905273438,1027.1961669921875
850,0,0.8014123439788818,0.0,1.8565174341201782,109.80812072753906,874.9520263671875
850,0,0.7831155061721802,1167.81689453125,248.68409729003906,1285.173095703125,559.1068115234375
850,0,0.8965101838111877,1506.3489990234375,169.0207061767578,1766.185302734375,1030.7674560546875
851,0,0.8648136854171753,989.0455322265625,133.65814208984375,1154.2103271484375,654.8256225585938
851,0,0.9031178951263428,829.7725219726562,180.23309326171875,995.979736328125,633.0125732421875
851,0,0.8986594080924988,253.45892333984375,70.60212707519531,576.9636840820312,1029.57080078125
851,0,0.8701841831207275,561.1603393554688,125.76091003417969,841.9835815429688,1034.162109375
851,0,0.7449986338615417,1177.3902587890625,245.43482971191406,1278.2022705078125,557.18896484375
851,0,0.9134870171546936,1517.864990234375,161.73118591308594,1787.431884765625,1037.8525390625
852,0,0.8546894192695618,980.0814208984375,130.5835418701172,1148.4605712890625,652.9307861328125
852,0,0.8903127908706665,828.6632080078125,176.84072875976562,994.0641479492188,631.8326416015625
852,0,0.9091736674308777,238.34454345703125,57.39320373535156,569.5447998046875,1055.54443359375
852,0,0.8553439378738403,551.2984008789062,110.48709106445312,841.7719116210938,1044.8126220703125
852,0,0.7564756274223328,1176.1165771484375,240.30514526367188,1279.111328125,555.454833984375
852,0,0.9034033417701721,1525.9622802734375,151.8759002685547,1802.6097412109375,1043.9083251953125
853,0,0.8576448559761047,985.11865234375,129.85238647460938,1147.6591796875,652.8932495117188
853,0,0.8931922316551208,827.8363037109375,175.89547729492188,991.6127319335938,632.743896484375
853,0,0.9112475514411926,219.57687377929688,46.81242752075195,558.2711791992188,1066.375732421875
853,0,0.8653697371482849,543.3676147460938,97.42160034179688,841.5355834960938,1051.2139892578125
853,0,0.748428463935852,1164.1259765625,238.21432495117188,1280.727294921875,556.0479736328125
853,0,0.9007513523101807,1534.6441650390625,135.27171325683594,1820.9783935546875,1050.5823974609375
854,0,0.8734167218208313,980.0440673828125,127.9367904663086,1149.36474609375,652.0065307617188
854,0,0.8824173808097839,822.0171508789062,174.53372192382812,989.4109497070312,631.1486206054688
854,0,0.9256914854049683,198.3583221435547,38.53912353515625,551.6549072265625,1066.6494140625
854,0,0.8915921449661255,525.6796264648438,85.39129638671875,839.0618896484375,1053.8516845703125
854,0,0.6943560242652893,1166.1126708984375,235.97052001953125,1276.2806396484375,553.9513549804688
854,0,0.9094586372375488,1540.9913330078125,123.33834838867188,1842.109375,1054.5806884765625
855,0,0.8692580461502075,973.7080078125,125.4748764038086,1146.020263671875,646.3836669921875
855,0,0.8995077610015869,815.25537109375,171.52117919921875,987.2807006835938,629.2512817382812
855,0,0.9216282963752747,181.20132446289062,27.891714096069336,537.2880249023438,1068.11376953125
855,0,0.9030017256736755,517.7664794921875,74.7407455444336,842.2257690429688,1056.76513671875
855,0,0.7308595180511475,1168.5262451171875,230.93772888183594,1267.2767333984375,550.7907104492188
855,0,0.9164816737174988,1533.2603759765625,109.69149780273438,1862.267822265625,1057.1671142578125
856,0,0.8671937584877014,970.5960693359375,125.10496520996094,1140.2025146484375,647.88623046875
856,0,0.904711127281189,812.2823486328125,168.0076446533203,982.0601806640625,625.0455322265625
856,0,0.8958885073661804,154.22479248046875,17.664592742919922,518.2352294921875,1066.43408203125
856,0,0.9126732349395752,494.7335205078125,65.39193725585938,840.5206298828125,1062.640380859375
856,0,0.7301255464553833,1165.1014404296875,227.44949340820312,1262.7718505859375,547.3267211914062
856,0,0.9079345464706421,1535.79052734375,97.55613708496094,1877.51611328125,1061.299072265625
857,0,0.8823752999305725,967.7274780273438,123.26354217529297,1139.8004150390625,647.2250366210938
857,0,0.8957139253616333,806.078125,160.28109741210938,973.629150390625,621.1945190429688
857,0,0.9109708070755005,112.87797546386719,4.83925724029541,503.0901794433594,1068.3052978515625
857,0,0.9051966071128845,482.7300109863281,47.95482635498047,838.30615234375,1067.224609375
857,0,0.7003363966941833,1163.1881103515625,225.0216064453125,1265.57568359375,546.2655029296875
857,0,0.9104514122009277,1529.046142578125,84.75944519042969,1910.3369140625,1070.7637939453125
858,0,0.910205066204071,958.9913940429688,121.97911834716797,1136.801513671875,643.8633422851562
858,0,0.8560681939125061,798.1876831054688,158.11541748046875,969.5892944335938,616.62109375
858,0,0.9002599716186523,95.23552703857422,0.0,489.8509826660156,1069.114013671875
858,0,0.9024823904037476,473.13427734375,36.49642562866211,840.177001953125,1070.598388671875
858,0,0.6846457719802856,1159.8204345703125,223.79666137695312,1262.010498046875,543.795654296875
858,0,0.9192907214164734,1530.0328369140625,72.88349914550781,1918.7218017578125,1072.2496337890625
859,0,0.9083452820777893,956.37060546875,121.45629119873047,1138.5875244140625,639.9612426757812
859,0,0.848004162311554,795.5126342773438,154.52244567871094,966.228271484375,615.6472778320312
859,0,0.881752610206604,66.60138702392578,0.0,471.5455627441406,1071.2191162109375
859,0,0.9041898846626282,460.5492248535156,28.593494415283203,838.9577026367188,1073.427734375
859,0,0.7090291976928711,1158.932861328125,219.41281127929688,1261.8101806640625,540.6720581054688
859,0,0.925374448299408,1565.8487548828125,60.374393463134766,1920.0,1068.8746337890625
860,0,0.9029972553253174,957.0116577148438,120.62873840332031,1134.05615234375,636.2383422851562
860,0,0.8481788635253906,792.5264282226562,149.6717529296875,961.7217407226562,610.1832885742188
860,0,0.8525643944740295,30.30429458618164,0.0,455.3668518066406,1069.7169189453125
860,0,0.8948098421096802,440.767578125,18.95041847229004,835.1337890625,1073.59619140625
860,0,0.707942008972168,1160.06787109375,213.115234375,1262.4622802734375,537.1591796875
860,0,0.908000111579895,1562.9249267578125,43.83196258544922,1920.0,1071.0540771484375
861,0,0.9036420583724976,957.2267456054688,119.90959930419922,1134.45849609375,634.879638671875
861,0,0.8577794432640076,791.6585693359375,143.32479858398438,962.1029052734375,604.2518310546875
861,0,0.7770468592643738,2.094578504562378,0.0,444.5414123535156,1070.822998046875
861,0,0.9168455600738525,438.99945068359375,8.041101455688477,830.450439453125,1070.09033203125
861,0,0.6752245426177979,1160.7470703125,209.6580352783203,1263.1549072265625,534.2761840820312
861,0,0.9251797795295715,1570.831298828125,37.071807861328125,1920.0,1071.826171875
862,0,0.9029219150543213,958.0675048828125,116.73273468017578,1134.9478759765625,634.5639038085938
862,0,0.854585587978363,791.9315185546875,140.47804260253906,962.27294921875,600.7709350585938
862,0,0.7857767343521118,0.0,0.0,431.64031982421875,1067.8419189453125
862,0,0.9278860688209534,424.05267333984375,2.4467053413391113,823.38525390625,1069.8739013671875
862,0,0.6765008568763733,1163.7637939453125,207.7888946533203,1260.9228515625,533.263671875
862,0,0.9197565317153931,1590.65625,18.936643600463867,1920.0,1073.409423828125
863,0,0.9157664775848389,957.87744140625,112.94972229003906,1139.9564208984375,634.1591186523438
863,0,0.851124107837677,791.4509887695312,138.79861450195312,961.6531372070312,599.06201171875
863,0,0.855858325958252,3.025362014770508,0.0,413.3210754394531,1065.109375
863,0,0.9334320425987244,409.2595520019531,1.2602570056915283,819.70263671875,1069.1575927734375
863,0,0.6970313191413879,1160.14599609375,204.65017700195312,1263.8836669921875,535.5639038085938
863,0,0.9315845966339111,1601.3199462890625,16.157176971435547,1920.0,1073.8123779296875
864,0,0.8984258770942688,961.716796875,110.99607849121094,1141.2308349609375,635.73779296875
864,0,0.8377224206924438,789.4031372070312,136.31443786621094,964.53173828125,600.4895629882812
864,0,0.8444666862487793,0.0,0.6178923845291138,400.0450134277344,1067.6522216796875
864,0,0.9310328960418701,397.3541259765625,2.9710211753845215,813.0991821289062,1071.46923828125
864,0,0.7222004532814026,1161.3951416015625,202.06556701660156,1264.8443603515625,536.2264404296875
864,0,0.9355962872505188,1627.4871826171875,9.768518447875977,1920.0,1070.049560546875
865,0,0.9091250896453857,962.2426147460938,110.53775787353516,1144.0750732421875,634.8484497070312
865,0,0.8360015153884888,793.0974731445312,137.0811309814453,965.176025390625,602.313232421875
865,0,0.8915604948997498,0.0,1.7140398025512695,364.1461486816406,1070.30517578125
865,0,0.9313668608665466,379.1417541503906,4.283431053161621,805.086669921875,1070.0296630859375
865,0,0.7351773381233215,1169.264404296875,200.42715454101562,1264.921875,535.2379760742188
865,0,0.934260904788971,1661.2431640625,2.4089176654815674,1920.0,1074.864990234375
866,0,0.8820731043815613,965.5518188476562,109.93846130371094,1146.2515869140625,632.7548217773438
866,0,0.843679666519165,793.8004760742188,138.97984313964844,967.0830688476562,605.9293823242188
866,0,0.8639348745346069,0.0,3.5242583751678467,340.7508850097656,1068.7325439453125
866,0,0.9260751008987427,354.4300537109375,3.1797702312469482,791.306884765625,1069.1661376953125
866,0,0.7383473515510559,1165.0013427734375,201.15469360351562,1270.8184814453125,537.4608154296875
866,0,0.9020533561706543,1689.227294921875,4.568237781524658,1920.0,1076.6051025390625
867,0,0.8629851341247559,969.517822265625,111.28704071044922,1146.6617431640625,629.3455200195312
867,0,0.837177574634552,793.7617797851562,142.1009063720703,965.31591796875,610.1917724609375
867,0,0.8873412013053894,0.0,4.525625705718994,318.19891357421875,1069.5430908203125
867,0,0.9260170459747314,331.9990539550781,5.5866498947143555,775.6763916015625,1069.27783203125
867,0,0.7465956211090088,1167.3369140625,201.93511962890625,1272.5244140625,539.271240234375
867,0,0.8248067498207092,1713.59423828125,112.87484741210938,1920.0,1067.51708984375
868,0,0.8454841375350952,972.6599731445312,111.84281158447266,1144.5228271484375,626.955810546875
868,0,0.8281729817390442,795.24853515625,146.15721130371094,964.0133056640625,610.8013916015625
868,0,0.8985800743103027,0.0,5.013708591461182,295.51019287109375,1061.3026123046875
868,0,0.8986401557922363,304.1266784667969,3.479076862335205,765.6766357421875,1067.48974609375
868,0,0.7425687909126282,1161.630126953125,201.94313049316406,1271.4505615234375,541.8306274414062
868,0,0.7386516332626343,1742.535400390625,182.13632202148438,1920.0,1057.4527587890625
869,0,0.8562902212142944,974.6038208007812,112.2992935180664,1141.422119140625,626.5767822265625
869,0,0.84474778175354,796.4893798828125,151.5567169189453,965.9385986328125,610.2185668945312
869,0,0.9187472462654114,0.0,4.517109394073486,267.1223449707031,1067.20654296875
869,0,0.912956714630127,267.3020935058594,1.8488256931304932,753.1385498046875,1069.24072265625
869,0,0.72068190574646,1156.5994873046875,202.51278686523438,1272.1885986328125,545.083984375
869,0,0.35328689217567444,1758.676513671875,176.5726776123047,1920.0,1059.70166015625
870,0,0.8487228751182556,984.2865600585938,116.35801696777344,1142.3076171875,630.8929443359375
870,0,0.8597351908683777,794.5802001953125,154.4922637939453,965.702880859375,617.9884033203125
870,0,0.9263990521430969,0.0,5.688281536102295,246.29165649414062,1070.6158447265625
870,0,0.9197754859924316,239.13645935058594,4.470126152038574,737.9658813476562,1069.0087890625
870,0,0.7321091890335083,1157.4071044921875,202.1303253173828,1274.4656982421875,549.5160522460938
870,0,0.64500492811203,1791.941650390625,232.6535186767578,1920.0,866.17626953125
871,0,0.8771752715110779,982.2506713867188,121.58719635009766,1141.0216064453125,634.6813354492188
871,0,0.8704261183738708,794.3399658203125,156.4053192138672,967.5517578125,626.5936889648438
871,0,0.9058000445365906,0.0,5.49057149887085,209.67323303222656,1069.50341796875
871,0,0.9027349948883057,195.8629608154297,3.853862762451172,725.5698852539062,1066.7830810546875
871,0,0.7542846202850342,1167.838623046875,205.2888946533203,1276.04443359375,553.6627807617188
872,0,0.8724569082260132,981.2705688476562,123.6311264038086,1136.0985107421875,638.0096435546875
872,0,0.8807995319366455,796.140625,159.60528564453125,968.19921875,631.3353881835938
872,0,0.8618813753128052,0.0,9.365156173706055,183.85752868652344,1064.679931640625
872,0,0.8934949636459351,164.44390869140625,4.822232723236084,712.271728515625,1063.0357666015625
872,0,0.7770661115646362,1162.774658203125,206.75657653808594,1277.972900390625,559.6173095703125
873,0,0.8551890850067139,981.7338256835938,124.95882415771484,1136.36279296875,641.536865234375
873,0,0.8722526431083679,797.9688110351562,165.83087158203125,967.47607421875,635.6001586914062
873,0,0.7782296538352966,0.0,82.67971801757812,141.6729736328125,1061.83203125
873,0,0.9112359881401062,112.98688507080078,6.220976829528809,695.92626953125,1064.2406005859375
873,0,0.7893860936164856,1164.865234375,208.39292907714844,1282.1754150390625,558.6152954101562
873,0,0.7948446869850159,611.5541381835938,140.75843811035156,768.523681640625,629.7864990234375
874,0,0.8322757482528687,984.38623046875,126.6425552368164,1133.658447265625,645.0581665039062
874,0,0.8805262446403503,799.8018188476562,166.11058044433594,969.9486694335938,630.6439208984375
874,0,0.556527853012085,0.0,99.6375961303711,136.72775268554688,1059.6878662109375
874,0,0.9028628468513489,85.840087890625,4.306314468383789,679.2545776367188,1066.4451904296875
874,0,0.7955567836761475,1168.953125,209.0780029296875,1283.9871826171875,559.4051513671875
874,0,0.7987590432167053,601.1827392578125,144.84237670898438,765.406494140625,632.6469116210938
875,0,0.8128589987754822,984.8028564453125,130.32969665527344,1130.67236328125,649.2006225585938
875,0,0.8894703388214111,801.0955200195312,167.04888916015625,971.5010986328125,631.0216674804688
875,0,0.5831491947174072,0.0,100.37106323242188,127.18305206298828,1057.437255859375
875,0,0.9011401534080505,26.181238174438477,3.1218056678771973,658.7769775390625,1065.4493408203125
875,0,0.7826569080352783,1170.7713623046875,210.87106323242188,1284.142822265625,561.264404296875
875,0,0.8254424333572388,591.5478515625,144.55532836914062,759.5548706054688,640.2208251953125
876,0,0.8181084990501404,980.6992797851562,131.018310546875,1126.8594970703125,651.7577514648438
876,0,0.8939539194107056,801.0441284179688,166.43284606933594,971.392333984375,628.9161987304688
876,0,0.9383722543716431,0.6385148167610168,3.841480016708374,641.7425537109375,1068.5927734375
876,0,0.7852208018302917,1170.0289306640625,210.31558227539062,1284.0494384765625,562.7131958007812
876,0,0.8059232234954834,583.1539916992188,141.97637939453125,750.52294921875,651.003662109375
877,0,0.8316688537597656,974.41748046875,132.6595458984375,1122.9993896484375,653.550537109375
877,0,0.8894864320755005,801.0582885742188,163.5812225341797,970.5410766601562,632.7085571289062
877,0,0.942022442817688,0.0,0.0,627.8563232421875,1068.3753662109375
877,0,0.7796832919120789,1168.5848388671875,208.74571228027344,1283.828125,560.31005859375
877,0,0.7873879671096802,578.7781982421875,147.33859252929688,745.6845703125,648.6998901367188
878,0,0.8498759865760803,966.8584594726562,133.8612518310547,1120.28173828125,645.8005981445312
878,0,0.8838791251182556,798.8809814453125,162.992919921875,969.46533203125,630.6129760742188
878,0,0.9479044079780579,0.0,3.1621482372283936,601.6759643554688,1066.2281494140625
878,0,0.7722423672676086,1168.3043212890625,208.3456573486328,1283.68310546875,560.1762084960938
878,0,0.7447991967201233,561.9209594726562,138.9794158935547,744.047607421875,653.4732666015625
879,0,0.859825849533081,965.4860229492188,132.53517150878906,1117.2393798828125,650.8048706054688
879,0,0.887667715549469,798.2476806640625,161.35467529296875,969.9988403320312,627.3339233398438
879,0,0.9343305826187134,0.0,2.0741806030273438,583.90234375,1066.8388671875
879,0,0.7945668697357178,1170.2119140625,206.31297302246094,1283.41748046875,559.948486328125
879,0,0.819519579410553,549.8870849609375,146.19932556152344,739.2333984375,658.6613159179688
880,0,0.8684649467468262,969.8291625976562,131.65310668945312,1112.7706298828125,649.21240234375
880,0,0.8906298279762268,796.2433471679688,158.4067840576172,971.1023559570312,626.0809936523438
880,0,0.9265798330307007,0.0,0.0,557.5278930664062,1069.9798583984375
880,0,0.8077135682106018,1172.736328125,204.69595336914062,1285.50439453125,560.9837646484375
880,0,0.8243829011917114,532.6013793945312,141.47337341308594,738.7081298828125,661.7281494140625
881,0,0.8680260181427002,967.6144409179688,130.68714904785156,1111.4747314453125,648.698486328125
881,0,0.8738545775413513,793.4564208984375,155.19374084472656,970.3432006835938,626.9231567382812
881,0,0.9145618081092834,0.0,2.8528785705566406,527.9956665039062,1068.37353515625
881,0,0.8130061626434326,1178.545166015625,205.0968017578125,1286.651611328125,561.7020874023438
881,0,0.8306244015693665,523.1424560546875,140.34083557128906,732.6210327148438,661.7184448242188
882,0,0.8705425262451172,963.9664916992188,127.70372772216797,1110.3228759765625,643.906494140625
882,0,0.8692042827606201,793.4170532226562,153.204833984375,967.4234619140625,622.0270385742188
882,0,0.9216877222061157,0.0,3.9139175415039062,498.8969421386719,1069.6395263671875
882,0,0.816676139831543,1178.0850830078125,204.70411682128906,1287.293701171875,563.4539184570312
882,0,0.8345826268196106,512.052734375,137.5626220703125,725.719970703125,675.642578125
883,0,0.8495474457740784,950.0745239257812,123.02352142333984,1104.679443359375,638.273681640625
883,0,0.8576771020889282,791.93212890625,149.15223693847656,963.9470825195312,620.9746704101562
883,0,0.9297676086425781,0.0,5.3313307762146,463.9234619140625,1073.4171142578125
883,0,0.8375062346458435,1173.7548828125,203.6304473876953,1287.8592529296875,564.1691284179688
883,0,0.7863569259643555,497.34197998046875,135.59054565429688,717.2776489257812,680.4696044921875
884,0,0.8640393614768982,944.5714721679688,119.18602752685547,1100.780517578125,637.2576293945312
884,0,0.8759630918502808,787.966552734375,148.17617797851562,957.1184692382812,618.8779296875
884,0,0.8873631954193115,0.0,8.565863609313965,413.7364196777344,1076.153564453125
884,0,0.8341407179832458,1174.0745849609375,201.7866973876953,1288.594482421875,564.2990112304688
884,0,0.8209734559059143,485.3356018066406,132.1555938720703,707.9475708007812,686.8312377929688
885,0,0.8647577166557312,942.491943359375,119.20831298828125,1097.9708251953125,635.4387817382812
885,0,0.8782670497894287,781.0732421875,149.61724853515625,953.7887573242188,621.38720703125
885,0,0.8579699993133545,0.0,4.275381565093994,365.6697998046875,1064.1837158203125
885,0,0.8490133881568909,1173.5577392578125,204.0890655517578,1289.4515380859375,567.3155517578125
885,0,0.7924498915672302,466.65576171875,128.53208923339844,700.79345703125,695.359130859375
886,0,0.8397251963615417,939.7952270507812,119.01712036132812,1093.89501953125,631.8812866210938
886,0,0.8945993781089783,772.2263793945312,154.2108917236328,949.8804931640625,624.194091796875
886,0,0.846224844455719,1171.6190185546875,206.06101989746094,1285.4193115234375,571.5684204101562
886,0,0.8005555868148804,444.6288146972656,124.73233032226562,692.4798583984375,697.9243774414062
887,0,0.8322896957397461,934.394287109375,123.08956146240234,1085.8114013671875,633.3768920898438
887,0,0.8958907723426819,762.0433349609375,156.23171997070312,943.1139526367188,626.4779663085938
887,0,0.8299986720085144,1166.9044189453125,204.82962036132812,1287.8502197265625,573.6332397460938
887,0,0.7266796231269836,428.39556884765625,116.7891616821289,678.8349609375,704.9004516601562
888,0,0.8278378248214722,928.0676879882812,118.14447021484375,1079.5626220703125,635.629638671875
888,0,0.8732848763465881,760.75,156.8148651123047,934.5720825195312,629.6494750976562
888,0,0.8197084069252014,1160.750732421875,205.76356506347656,1294.97412109375,573.9008178710938
888,0,0.6554806232452393,407.2885437011719,110.14698791503906,670.418701171875,707.798583984375
889,0,0.8245275616645813,907.0466918945312,119.98876953125,1058.271240234375,632.6460571289062
889,0,0.8701143264770508,739.49560546875,155.7252655029297,919.9927978515625,635.1546020507812
889,0,0.8191303014755249,1150.254150390625,207.50564575195312,1290.6243896484375,582.480224609375
889,0,0.36426061391830444,386.3094482421875,103.263671875,652.8094482421875,666.0848388671875
890,0,0.8486582040786743,896.61328125,120.50030517578125,1053.576904296875,636.9933471679688
890,0,0.8578660488128662,720.98583984375,163.45445251464844,905.9998168945312,635.097900390625
890,0,0.8182936310768127,1141.9820556640625,208.95741271972656,1258.8173828125,585.4881591796875
890,0,0.7447476387023926,362.4696350097656,92.64362335205078,633.419189453125,705.51318359375
891,0,0.8675989508628845,880.8326416015625,124.11434173583984,1047.1392822265625,641.4140014648438
891,0,0.8933007717132568,701.3838500976562,164.30783081054688,890.3897705078125,636.7190551757812
891,0,0.8407877087593079,1133.5499267578125,212.33963012695312,1249.3450927734375,587.075927734375
891,0,0.8224362730979919,340.7468566894531,84.84188079833984,617.213623046875,718.7037963867188
891,0,0.660953938961029,418.2916564941406,225.70057678222656,591.9036865234375,714.39697265625
892,0,0.8972370028495789,861.1349487304688,127.41688537597656,1038.8936767578125,652.1254272460938
892,0,0.8654652237892151,693.2401123046875,167.30616760253906,875.6762084960938,639.03125
892,0,0.8394161462783813,1121.4552001953125,217.33653259277344,1239.772705078125,592.5512084960938
892,0,0.30401527881622314,318.60052490234375,85.75672912597656,599.3847045898438,710.2401123046875
892,0,0.7551312446594238,393.93084716796875,226.8551788330078,556.1732788085938,726.7186279296875
893,0,0.8648530840873718,854.9015502929688,131.66885375976562,1022.91162109375,653.0195922851562
893,0,0.8320881128311157,689.6063232421875,167.92559814453125,862.0806884765625,642.0236206054688
893,0,0.8622289896011353,1115.7880859375,221.28729248046875,1236.94189453125,593.4599609375
893,0,0.8545076847076416,297.64691162109375,82.83306121826172,583.4278564453125,742.314453125
894,0,0.8527678847312927,837.6918334960938,133.8321075439453,1014.7550048828125,656.0379638671875
894,0,0.856611967086792,680.2652587890625,169.4827423095703,852.0382080078125,639.9327392578125
894,0,0.8537537455558777,1108.5859375,221.13287353515625,1230.8326416015625,599.9894409179688
894,0,0.8478332757949829,278.5313720703125,78.73951721191406,572.28173828125,756.4784545898438
895,0,0.8697099089622498,830.846923828125,135.6869659423828,1012.64697265625,660.8843383789062
895,0,0.8696303963661194,674.7107543945312,171.57623291015625,845.1722412109375,640.0572509765625
895,0,0.8275923132896423,1103.1217041015625,224.06739807128906,1227.584716796875,606.1784057617188
895,0,0.7973431348800659,262.67742919921875,76.69709777832031,555.3005981445312,764.5885009765625
895,0,0.28453317284584045,336.1914978027344,241.28427124023438,512.5733032226562,755.35302734375
896,0,0.8266125321388245,832.0572509765625,137.79544067382812,1001.638916015625,664.3814697265625
896,0,0.8573561906814575,666.0519409179688,170.60409545898438,841.7523193359375,639.455322265625
896,0,0.8030423521995544,1099.353271484375,224.09132385253906,1225.401123046875,609.4904174804688
896,0,0.793163001537323,245.40301513671875,72.515625,550.6555786132812,773.8856811523438
896,0,0.30113017559051514,315.7191467285156,236.97320556640625,495.8978271484375,769.777099609375
897,0,0.83612459897995,829.3316650390625,141.5555877685547,1000.5922241210938,669.709228515625
897,0,0.8746268153190613,660.78173828125,171.2697296142578,838.0104370117188,646.2940673828125
897,0,0.7912765145301819,1096.3206787109375,225.89474487304688,1223.809326171875,612.2783203125
897,0,0.8590099215507507,234.1737060546875,71.14741516113281,537.2752685546875,789.5518188476562
898,0,0.8366518020629883,826.005615234375,143.20196533203125,998.5797119140625,670.7073974609375
898,0,0.8719664216041565,657.76708984375,171.3386993408203,836.0361938476562,647.8894653320312
898,0,0.7814919352531433,1094.4156494140625,229.42391967773438,1227.9576416015625,612.3082275390625
898,0,0.8367173075675964,221.9368438720703,65.62995147705078,524.0134887695312,806.108154296875
899,0,0.8209691047668457,828.5007934570312,146.1641082763672,998.6128540039062,668.1641235351562
899,0,0.8806109428405762,657.1159057617188,169.01792907714844,835.1926879882812,650.7989501953125
899,0,0.8228279948234558,1099.3466796875,228.3334503173828,1227.94970703125,614.3095703125
899,0,0.8608206510543823,212.3533477783203,61.693756103515625,516.1755981445312,814.1546630859375
